22;20;1.3;1
1025.09;0
61
0;0;7;10.9978;1;1
1;0;8;4.60782;1;1
2;0;9;10.892;1;1
3;0;10;11.0735;1;1
4;0;11;-5.41558;1;1
5;1;7;10.3234;1;1
6;1;8;-0.887633;1;1
7;1;9;-5.48239;1;1
8;1;10;13.9529;1;1
9;1;11;-10.3395;1;1
10;2;7;5.7795;1;1
11;2;8;4.96362;1;1
12;2;9;-4.6969;1;1
13;2;10;3.46017;1;1
14;2;11;8.36766;1;1
15;3;7;-1.25915;1;1
16;3;8;-2.49107;1;1
17;3;9;-6.97519;1;1
18;3;10;-2.1664;1;1
19;3;11;-2.03059;1;1
20;4;7;-1.51429;1;1
21;4;8;-9.45749;1;1
22;4;9;2.97164;1;1
23;4;10;-4.21952;1;1
24;4;11;8.51526;1;1
25;5;7;0.993045;1;1
26;5;8;1.99642;1;1
27;5;9;2.77943;1;1
28;5;10;-1.54556;1;1
29;5;11;7.30392;1;1
30;6;7;-6.62898;1;1
31;6;8;4.88958;1;1
32;6;9;7.96611;1;1
33;6;10;-1.74919;1;1
34;6;11;9.0922;1;1
249;0;29;3.61428;1;1
250;1;29;-0.509525;1;1
251;2;29;5.73886;1;1
252;3;29;-12.1415;1;1
253;4;29;-1.61866;1;1
254;5;29;-2.91488;1;1
255;6;29;6.71032;1;1
256;29;7;7.23354;1;1
257;29;8;-9.51585;1;1
258;29;9;1.81577;1;1
259;29;10;9.26746;1;1
260;29;11;5.19718;1;1
303;29;33;-8.99656;1;0
304;33;33;0.556037;1;0
305;0;33;1.92206;1;0
306;1;33;7.94327;1;0
307;2;33;-0.448645;1;0
308;3;33;10.3658;1;0
309;4;33;-0.936499;1;0
310;5;33;-8.06011;1;0
311;6;33;1.85998;1;0
312;33;7;7.72516;1;0
313;33;8;10.3909;1;0
314;33;9;-2.825;1;0
315;33;10;-0.0618455;1;0
316;33;11;-0.278068;1;0
5
11;76;56;0;1025.09
0;0
47
0;0;7;10.9978;1;0
1;0;8;4.60782;1;1
2;0;9;10.892;1;1
3;0;10;11.0735;1;1
4;0;11;-5.41558;1;1
5;1;7;10.3234;1;1
6;1;8;-0.887633;1;1
7;1;9;-5.48239;1;1
8;1;10;13.9529;1;1
9;1;11;-10.3395;1;1
10;2;7;5.7795;1;1
11;2;8;4.96362;0;1
12;2;9;-4.6969;1;1
13;2;10;3.46017;1;1
14;2;11;8.36766;1;0
15;3;7;-0.474567;1;1
16;3;8;-2.49107;1;1
17;3;9;-0.712753;1;1
18;3;10;-2.1664;1;1
19;3;11;-2.03059;1;1
20;4;7;-1.51429;1;1
21;4;8;-1.17675;1;1
22;4;9;2.97164;1;1
23;4;10;-4.21952;1;1
24;4;11;8.51526;1;1
25;5;7;0.993045;1;1
26;5;8;1.99642;1;1
27;5;9;2.77943;1;1
28;5;10;-1.54556;1;1
29;5;11;7.30392;1;1
30;6;7;-6.62898;1;1
31;6;8;4.88958;1;1
32;6;9;3.65425;1;1
33;6;10;-1.74919;1;0
34;6;11;-2.69818;1;1
249;0;29;3.61428;1;0
250;1;29;-0.509525;1;0
251;2;29;5.73886;1;0
252;3;29;-12.1415;1;0
253;4;29;-1.61866;1;0
254;5;29;-2.91488;1;0
255;6;29;6.71032;1;0
256;29;7;7.23354;1;0
257;29;8;-9.51585;1;0
258;29;9;1.81577;1;0
259;29;10;9.26746;1;0
260;29;11;5.19718;1;0
7
0;1;2;3;4;5;6
15;61;41;0;986.631
805.725;161.145
47
0;0;7;10.3509;1;0
1;0;8;16.065;1;0
2;0;9;10.892;1;1
3;0;10;11.0735;1;1
4;0;11;5.07443;1;1
5;1;7;10.3234;1;1
6;1;8;10.1926;1;1
7;1;9;10.1722;1;1
8;1;10;13.9529;1;1
9;1;11;-10.3395;1;1
10;2;7;8.60934;1;0
11;2;8;-1.07325;1;1
12;2;9;-1.05435;1;1
13;2;10;-8.79753;1;1
14;2;11;-3.09059;1;0
15;3;7;-1.25915;1;1
16;3;8;-1.93044;1;1
17;3;9;-6.4909;1;0
18;3;10;-7.77891;1;1
19;3;11;-5.40877;1;0
20;4;7;7.1263;1;1
21;4;8;-9.45749;1;0
22;4;9;3.2109;1;1
23;4;10;-6.45038;1;1
24;4;11;-3.98241;1;0
25;5;7;0.993045;1;1
26;5;8;-8.34231;1;0
27;5;9;4.68545;1;0
28;5;10;1.62845;1;1
29;5;11;7.30392;1;1
30;6;7;-6.62898;1;1
31;6;8;-1.86608;1;1
32;6;9;7.96611;1;1
33;6;10;-2.36209;1;0
34;6;11;9.0922;0;1
107;0;18;-4.88363;1;0
108;1;18;-1.61932;1;0
109;2;18;-0.973244;0;0
110;3;18;0.405392;1;0
111;4;18;-1.45434;1;0
112;5;18;-0.425671;1;0
113;6;18;11.6401;1;0
114;18;7;-9.07086;1;0
115;18;8;1.97795;1;0
116;18;9;9.15509;1;0
117;18;10;0.726601;1;0
118;18;11;-2.94972;1;0
3
7;8;9
16;48;28;0;929.59
769.379;96.1724
47
0;0;7;8.42015;1;1
1;0;8;-2.63087;1;1
2;0;9;-2.06317;1;1
3;0;10;1.53325;1;1
4;0;11;-5.98672;1;1
5;1;7;-0.340587;1;1
6;1;8;-6.19054;1;1
7;1;9;4.771;1;1
8;1;10;-4.03691;1;1
9;1;11;5.62004;1;1
10;2;7;7.46503;1;1
11;2;8;8.92187;1;1
12;2;9;7.54808;1;1
13;2;10;8.26265;1;1
14;2;11;6.34365;1;1
15;3;7;7.89402;1;1
16;3;8;6.35825;1;1
17;3;9;1.5732;1;1
18;3;10;-3.76403;1;1
19;3;11;0.978445;1;1
20;4;7;-8.00359;1;1
21;4;8;-2.5217;1;1
22;4;9;6.43481;1;1
23;4;10;-9.65653;1;1
24;4;11;-5.45171;1;1
25;5;7;5.51003;1;1
26;5;8;-8.07501;1;1
27;5;9;-7.75826;1;1
28;5;10;5.06418;1;1
29;5;11;-0.858331;1;1
30;6;7;-4.52486;1;1
31;6;8;8.53845;1;1
32;6;9;9.23932;1;1
33;6;10;-7.21654;1;1
34;6;11;7.27252;1;1
83;0;16;3.78088;1;0
84;1;16;-0.191063;0;0
85;2;16;6.43368;1;0
86;3;16;5.1072;1;0
87;4;16;-1.2367;1;0
88;5;16;8.48912;1;0
89;6;16;7.34079;1;0
90;16;7;4.74654;1;0
91;16;8;-1.0449;1;0
92;16;9;12.3894;1;0
93;16;10;8.58787;1;0
94;16;11;9.86381;1;0
5
10;11;12;13;14
18;27;10;0;1005.82
0;0
47
0;0;7;8.42015;1;1
1;0;8;-2.63087;1;1
2;0;9;-2.06317;1;1
3;0;10;1.53325;1;1
4;0;11;-5.98672;1;1
5;1;7;-0.340587;1;1
6;1;8;-6.19054;1;1
7;1;9;4.771;1;1
8;1;10;-4.03691;1;1
9;1;11;5.62004;1;1
10;2;7;7.46503;1;1
11;2;8;8.92187;1;1
12;2;9;7.54808;1;1
13;2;10;8.26265;1;1
14;2;11;6.34365;1;1
15;3;7;7.89402;1;1
16;3;8;6.35825;1;1
17;3;9;1.5732;1;1
18;3;10;-3.76403;1;1
19;3;11;0.978445;1;1
20;4;7;-8.00359;1;1
21;4;8;-2.5217;1;1
22;4;9;6.43481;1;1
23;4;10;-9.65653;1;1
24;4;11;-5.45171;1;1
25;5;7;5.51003;1;1
26;5;8;-8.07501;1;1
27;5;9;-7.75826;1;1
28;5;10;5.06418;1;1
29;5;11;-0.858331;1;1
30;6;7;-4.52486;1;1
31;6;8;8.53845;1;1
32;6;9;9.23932;1;1
33;6;10;-7.21654;1;1
34;6;11;7.27252;1;1
83;0;16;9.20934;1;0
84;1;16;0.950645;0;0
85;2;16;-3.40144;1;0
86;3;16;-7.27962;1;0
87;4;16;-5.88122;1;0
88;5;16;5.11843;1;0
89;6;16;-6.93055;1;0
90;16;7;-5.10556;1;0
91;16;8;-6.58253;1;0
92;16;9;-9.4965;1;0
93;16;10;-1.88739;1;0
94;16;11;-7.89091;1;0
1
15
21;1;0;0;739.39
0;0
102
0;0;7;8.42015;1;1
1;0;8;4.60782;1;1
2;0;9;10.892;1;1
3;0;10;11.0735;1;1
4;0;11;-5.98672;1;1
5;1;7;-0.340587;1;1
6;1;8;-0.887633;1;1
7;1;9;-5.48239;1;1
8;1;10;13.9529;1;1
9;1;11;-10.3395;1;1
10;2;7;7.46503;1;1
11;2;8;8.92187;1;1
12;2;9;7.54808;1;1
13;2;10;8.26265;1;1
14;2;11;6.34365;1;1
15;3;7;-1.25915;1;1
16;3;8;-2.49107;1;1
17;3;9;-6.97519;1;1
18;3;10;-2.1664;1;1
19;3;11;-2.03059;1;1
20;4;7;-8.00359;1;1
21;4;8;-9.45749;1;1
22;4;9;6.43481;1;1
23;4;10;-4.21952;1;1
24;4;11;-5.45171;1;1
25;5;7;0.993045;1;1
26;5;8;-8.07501;1;1
27;5;9;-7.75826;1;1
28;5;10;5.06418;1;1
29;5;11;7.30392;1;1
30;6;7;-6.62898;1;1
31;6;8;8.53845;1;1
32;6;9;7.96611;1;1
33;6;10;-7.21654;1;1
34;6;11;9.0922;1;1
83;0;16;9.90003;1;1
84;1;16;-0.354762;1;1
85;2;16;-2.62903;1;1
86;3;16;-2.33323;1;1
87;4;16;-9.79944;1;1
88;5;16;6.98577;1;1
89;6;16;-10.8326;1;1
90;16;7;-5.66338;1;1
91;16;8;-8.71604;1;1
92;16;9;-1.65905;1;1
93;16;10;0.791483;1;1
94;16;11;-13.6302;1;1
249;0;29;3.61428;1;1
250;1;29;-0.509525;1;1
251;2;29;5.73886;1;1
252;3;29;-12.1415;1;1
253;4;29;-1.61866;1;1
254;5;29;-2.91488;1;1
255;6;29;6.71032;1;1
256;29;7;7.23354;1;1
257;29;8;-9.51585;1;1
258;29;9;1.81577;1;1
259;29;10;9.26746;1;1
260;29;11;5.19718;1;1
303;29;33;-2.90737;1;1
304;33;33;-7.90857;1;1
305;0;33;-1.30991;1;1
306;1;33;-2.35072;1;1
307;2;33;-6.87439;1;1
308;3;33;-3.74076;1;1
309;4;33;1.84706;1;1
310;5;33;-1.93842;1;1
311;6;33;2.04199;1;1
312;33;7;-1.52814;1;1
313;33;8;-1.08208;1;1
314;33;9;-7.98829;1;1
315;33;10;5.55805;1;1
316;33;11;6.80336;1;1
1299;29;101;-6.35332;1;0
1300;33;101;-3.90276;1;0
1301;101;101;-5.8007;1;1
1302;0;101;3.33657;1;1
1303;1;101;-4.17167;1;0
1304;2;101;9.01498;1;1
1305;3;101;8.81164;1;1
1306;4;101;4.0226;1;0
1307;5;101;-5.92871;1;0
1308;6;101;8.42827;1;0
1309;101;7;1.50428;1;0
1310;101;8;-10.1189;1;0
1311;101;9;7.13591;1;0
1312;101;10;2.14413;1;0
1313;101;11;9.31933;1;0
1543;16;117;-4.23187;1;0
1544;117;117;1.09188;1;0
1545;0;117;-1.32794;1;0
1546;1;117;2.96147;1;0
1547;2;117;9.53206;1;0
1548;3;117;0.870363;1;0
1549;4;117;8.41793;1;0
1550;5;117;-9.7378;1;0
1551;6;117;-4.26624;1;0
1552;117;7;8.08016;1;0
1553;117;8;2.54823;1;0
1554;117;9;7.69454;1;0
1555;117;10;-9.17187;1;0
1556;117;11;7.67968;1;0
6
16;17;18;19;20;21
5
948.517;189.703
76
0;0;7;10.3509;1;1
1;0;8;16.065;1;1
2;0;9;10.892;1;1
3;0;10;11.0735;1;1
4;0;11;5.07443;1;1
5;1;7;10.3234;1;1
6;1;8;10.1926;1;1
7;1;9;10.1722;1;1
8;1;10;13.9529;1;1
9;1;11;-10.3395;1;1
10;2;7;9.13165;1;1
11;2;8;-1.07325;1;1
12;2;9;-1.05435;1;1
13;2;10;-8.79753;1;1
14;2;11;-3.09059;1;1
15;3;7;-1.25915;1;1
16;3;8;-1.93044;1;1
17;3;9;-6.97519;1;1
18;3;10;-7.77891;1;1
19;3;11;-5.40877;1;1
20;4;7;7.1263;1;1
21;4;8;-9.45749;1;1
22;4;9;3.2109;1;1
23;4;10;-6.45038;1;1
24;4;11;-2.77902;1;1
25;5;7;0.993045;1;1
26;5;8;-8.34231;1;1
27;5;9;9.54924;1;1
28;5;10;1.62845;1;1
29;5;11;7.30392;1;1
30;6;7;-6.62898;1;1
31;6;8;-1.86608;1;1
32;6;9;7.96611;1;1
33;6;10;-2.58214;1;1
34;6;11;9.0922;0;1
107;0;18;-6.66818;1;1
108;1;18;-1.61932;1;1
109;2;18;-0.973244;0;1
110;3;18;0.405392;1;1
111;4;18;0.0325754;1;1
112;5;18;-0.059539;1;1
113;6;18;12.0239;1;1
114;18;7;-9.07086;1;1
115;18;8;1.97795;1;1
116;18;9;9.15509;1;1
117;18;10;1.98262;1;1
118;18;11;-1.49808;1;1
599;18;54;-1.18277;1;1
600;54;54;-4.05185;1;1
601;0;54;-2.5908;1;1
602;1;54;-1.2457;1;1
603;2;54;-0.899519;1;1
604;3;54;2.25098;1;1
605;4;54;-3.56979;1;1
606;5;54;9.51036;1;1
607;6;54;12.774;1;1
608;54;7;1.181;1;1
609;54;8;6.12596;1;1
610;54;9;-8.17833;1;1
611;54;10;6.55364;1;1
612;54;11;-0.733639;1;1
656;18;58;10.4214;1;0
657;54;58;-6.52445;1;0
658;58;58;7.73839;0;0
659;0;58;-5.57561;1;0
660;1;58;9.75898;1;0
661;2;58;-11.2967;1;0
662;3;58;-2.40178;1;0
663;4;58;-6.29907;1;0
664;5;58;-6.46653;1;0
665;6;58;5.8715;1;0
666;58;7;-10.655;1;0
667;58;8;-0.622668;1;0
668;58;9;-2.60079;1;0
669;58;10;3.34268;1;0
670;58;11;4.9845;1;0
929.59;132.799
47
0;0;7;8.42015;1;1
1;0;8;-2.63087;1;1
2;0;9;-2.06317;1;1
3;0;10;1.53325;1;1
4;0;11;-5.98672;1;1
5;1;7;-0.340587;1;1
6;1;8;-6.19054;1;1
7;1;9;4.771;1;1
8;1;10;-4.03691;1;1
9;1;11;5.62004;1;1
10;2;7;7.46503;1;1
11;2;8;8.92187;1;1
12;2;9;7.54808;1;1
13;2;10;8.26265;1;1
14;2;11;6.34365;1;1
15;3;7;7.89402;1;1
16;3;8;6.35825;1;1
17;3;9;1.5732;1;1
18;3;10;-3.76403;1;1
19;3;11;0.978445;1;1
20;4;7;-8.00359;1;1
21;4;8;-2.5217;1;1
22;4;9;6.43481;1;1
23;4;10;-9.65653;1;1
24;4;11;-5.45171;1;1
25;5;7;5.51003;1;1
26;5;8;-8.07501;1;1
27;5;9;-7.75826;1;1
28;5;10;5.06418;1;1
29;5;11;-0.858331;1;1
30;6;7;-4.52486;1;1
31;6;8;8.53845;1;1
32;6;9;9.23932;1;1
33;6;10;-7.21654;1;1
34;6;11;7.27252;1;1
83;0;16;-5.06839;1;0
84;1;16;4.5515;1;0
85;2;16;3.42538;1;0
86;3;16;-8.78752;1;0
87;4;16;-4.46344;1;0
88;5;16;3.90426;1;0
89;6;16;5.75933;1;0
90;16;7;-0.814363;1;0
91;16;8;7.70081;1;0
92;16;9;6.41743;1;0
93;16;10;-8.12199;1;0
94;16;11;1.68224;1;0
910.752;56.922
61
0;0;7;10.9978;1;1
1;0;8;4.60782;1;1
2;0;9;10.892;1;1
3;0;10;11.0735;1;1
4;0;11;-5.41558;1;1
5;1;7;10.3234;1;1
6;1;8;-0.887633;1;1
7;1;9;-5.48239;1;1
8;1;10;13.9529;1;1
9;1;11;-10.3395;1;1
10;2;7;5.7795;1;1
11;2;8;4.96362;1;1
12;2;9;-4.6969;1;1
13;2;10;3.46017;1;1
14;2;11;8.36766;1;1
15;3;7;-0.474567;1;1
16;3;8;-2.49107;1;1
17;3;9;-0.712753;1;1
18;3;10;-2.1664;1;1
19;3;11;-2.03059;1;1
20;4;7;-1.51429;1;1
21;4;8;-1.17675;1;1
22;4;9;2.97164;1;1
23;4;10;-4.21952;1;1
24;4;11;8.51526;1;1
25;5;7;0.993045;1;1
26;5;8;1.99642;1;1
27;5;9;2.77943;1;1
28;5;10;-1.54556;1;1
29;5;11;7.30392;1;1
30;6;7;-6.62898;1;1
31;6;8;4.88958;1;1
32;6;9;3.65425;1;1
33;6;10;-1.74919;1;1
34;6;11;-2.69818;1;1
249;0;29;3.61428;1;1
250;1;29;-0.509525;1;1
251;2;29;5.73886;1;1
252;3;29;-12.1415;1;1
253;4;29;-1.61866;1;1
254;5;29;-2.91488;1;1
255;6;29;6.71032;1;1
256;29;7;7.23354;1;1
257;29;8;-9.51585;1;1
258;29;9;1.81577;1;1
259;29;10;9.26746;1;1
260;29;11;5.19718;1;1
303;29;33;-8.57105;1;0
304;33;33;-5.56684;1;0
305;0;33;5.64145;1;0
306;1;33;4.15612;1;0
307;2;33;3.58557;1;0
308;3;33;3.09848;1;0
309;4;33;2.19225;1;0
310;5;33;-2.18588;1;0
311;6;33;-7.6489;1;0
312;33;7;7.96813;1;0
313;33;8;8.79423;1;0
314;33;9;6.43054;1;0
315;33;10;-9.36357;1;0
316;33;11;3.39087;1;0
1005.82;143.689
47
0;0;7;8.42015;1;1
1;0;8;-2.63087;1;1
2;0;9;-2.06317;1;1
3;0;10;1.53325;1;1
4;0;11;-5.98672;1;1
5;1;7;-0.340587;1;1
6;1;8;-6.19054;1;1
7;1;9;4.771;1;1
8;1;10;-4.03691;1;1
9;1;11;5.62004;1;1
10;2;7;7.46503;1;1
11;2;8;8.92187;1;1
12;2;9;7.54808;1;1
13;2;10;8.26265;1;1
14;2;11;6.34365;1;1
15;3;7;7.89402;1;1
16;3;8;6.35825;1;1
17;3;9;1.5732;1;1
18;3;10;-3.76403;1;1
19;3;11;0.978445;1;1
20;4;7;-8.00359;1;1
21;4;8;-2.5217;1;1
22;4;9;6.43481;1;1
23;4;10;-9.65653;1;1
24;4;11;-5.45171;1;1
25;5;7;5.51003;1;1
26;5;8;-8.07501;1;1
27;5;9;-7.75826;1;1
28;5;10;5.06418;1;1
29;5;11;-0.858331;1;1
30;6;7;-4.52486;1;1
31;6;8;8.53845;1;1
32;6;9;9.23932;1;1
33;6;10;-7.21654;1;1
34;6;11;7.27252;1;1
83;0;16;9.95368;1;0
84;1;16;-1.45811;0;0
85;2;16;-4.72991;1;0
86;3;16;-7.83608;0;0
87;4;16;-4.97376;1;0
88;5;16;4.54247;1;0
89;6;16;-7.38859;1;0
90;16;7;-4.3176;1;0
91;16;8;-8.29485;1;0
92;16;9;-12.0611;1;0
93;16;10;-1.88739;1;0
94;16;11;-10.5134;1;0
986.631;140.947
76
0;0;7;10.3509;1;1
1;0;8;16.065;1;1
2;0;9;10.892;1;1
3;0;10;11.0735;1;1
4;0;11;5.07443;1;1
5;1;7;10.3234;1;1
6;1;8;10.1926;1;1
7;1;9;10.1722;1;1
8;1;10;13.9529;1;1
9;1;11;-10.3395;1;1
10;2;7;9.13165;1;1
11;2;8;-1.07325;1;1
12;2;9;-1.05435;1;1
13;2;10;-8.79753;1;1
14;2;11;-3.09059;1;1
15;3;7;-1.25915;1;1
16;3;8;-1.93044;1;1
17;3;9;-6.97519;1;1
18;3;10;-7.77891;1;1
19;3;11;-5.40877;1;1
20;4;7;7.1263;1;1
21;4;8;-9.45749;1;1
22;4;9;3.2109;1;1
23;4;10;-6.45038;1;1
24;4;11;-2.77902;1;1
25;5;7;0.993045;1;1
26;5;8;-8.34231;1;1
27;5;9;9.54924;1;1
28;5;10;1.62845;1;1
29;5;11;7.30392;1;1
30;6;7;-6.62898;1;1
31;6;8;-1.86608;1;1
32;6;9;7.96611;1;1
33;6;10;-2.58214;1;1
34;6;11;9.0922;1;1
107;0;18;-6.66818;1;1
108;1;18;-1.61932;1;1
109;2;18;-0.973244;0;1
110;3;18;0.405392;1;1
111;4;18;0.0325754;1;1
112;5;18;-0.059539;1;1
113;6;18;12.0239;1;1
114;18;7;-9.07086;1;1
115;18;8;1.97795;1;1
116;18;9;9.15509;1;1
117;18;10;1.98262;1;1
118;18;11;-1.49808;1;1
599;18;54;-1.18277;1;1
600;54;54;-4.05185;1;1
601;0;54;-2.5908;1;1
602;1;54;-1.2457;1;1
603;2;54;-0.899519;1;1
604;3;54;2.25098;1;1
605;4;54;-3.56979;1;1
606;5;54;9.51036;1;1
607;6;54;12.774;1;1
608;54;7;1.181;1;1
609;54;8;6.12596;1;1
610;54;9;-8.17833;1;1
611;54;10;6.55364;1;1
612;54;11;-0.733639;1;1
656;18;58;-0.858881;0;0
657;54;58;-9.61309;1;0
658;58;58;1.25154;1;0
659;0;58;-7.07479;1;0
660;1;58;-6.82989;1;0
661;2;58;3.96843;1;0
662;3;58;8.82079;1;0
663;4;58;2.28859;1;0
664;5;58;-2.2556;0;0
665;6;58;-6.89972;1;0
666;58;7;-4.54207;1;1
667;58;8;0.586086;1;0
668;58;9;-11.0214;1;0
669;58;10;-5.93621;1;0
670;58;11;-0.073674;1;0
1600;121
1565
35;0;12;-8.02118;1;0
36;1;12;-8.44978;1;0
37;2;12;-3.44029;1;0
38;3;12;5.72814;1;0
39;4;12;-0.730749;1;0
40;5;12;2.40997;1;0
41;6;12;-2.90835;1;0
42;12;7;-6.29582;1;0
43;12;8;-1.76768;1;0
44;12;9;-5.58609;1;0
45;12;10;-4.3185;1;0
46;12;11;6.64513;1;0
47;0;13;-8.41374;1;0
48;1;13;-1.36261;1;0
49;2;13;2.48831;1;0
50;3;13;-4.86119;1;0
51;4;13;5.72984;1;0
52;5;13;-0.35658;1;0
53;6;13;-5.21676;1;0
54;13;7;-2.27989;1;0
55;13;8;6.50049;1;0
56;13;9;-7.30786;1;0
57;13;10;6.89252;1;0
58;13;11;-2.49353;1;0
59;0;14;-1.34093;1;0
60;1;14;-9.94634;1;0
61;2;14;-7.62797;1;0
62;3;14;-9.4241;1;0
63;4;14;1.36794;1;0
64;5;14;4.99135;1;0
65;6;14;-7.84835;1;0
66;14;7;-7.85742;1;0
67;14;8;9.7151;1;0
68;14;9;5.25054;1;0
69;14;10;-6.7559;1;0
70;14;11;5.51384;1;0
71;0;15;-0.418911;1;0
72;1;15;9.95151;1;0
73;2;15;5.06247;1;0
74;3;15;7.68515;1;0
75;4;15;-0.489092;1;0
76;5;15;6.28621;1;0
77;6;15;3.97506;1;0
78;15;7;-3.51697;1;0
79;15;8;3.96167;1;0
80;15;9;-9.03895;1;0
81;15;10;-0.467134;1;0
82;15;11;-5.06715;1;0
83;0;16;-2.70128;1;0
84;1;16;5.38435;1;0
85;2;16;3.54455;1;0
86;3;16;6.48293;1;0
87;4;16;-0.975537;1;0
88;5;16;7.86067;1;0
89;6;16;7.17739;1;0
90;16;7;4.65768;1;0
91;16;8;3.71194;1;0
92;16;9;8.79224;1;0
93;16;10;4.10392;1;0
94;16;11;5.27007;1;0
95;0;17;-6.49536;1;0
96;1;17;-2.18335;1;0
97;2;17;8.65499;1;0
98;3;17;8.82276;1;0
99;4;17;8.8657;1;0
100;5;17;8.12958;1;0
101;6;17;-3.59649;1;0
102;17;7;4.69365;1;0
103;17;8;3.13191;1;0
104;17;9;-6.90943;1;0
105;17;10;0.332224;1;0
106;17;11;8.59282;1;0
107;0;18;-1.56263;1;0
108;1;18;0.33679;1;0
109;2;18;0.789748;1;0
110;3;18;1.74917;1;0
111;4;18;0.630772;1;0
112;5;18;-0.231515;1;0
113;6;18;9.35629;1;0
114;18;7;-8.65943;1;0
115;18;8;-1.72654;1;0
116;18;9;7.84871;1;0
117;18;10;-4.74428;1;0
118;18;11;-3.6673;1;0
119;16;19;-2.88648;1;0
120;19;19;3.7315;1;0
121;0;19;-7.5323;1;0
122;1;19;-1.50512;1;0
123;2;19;0.411338;1;0
124;3;19;-5.32328;1;0
125;4;19;-9.60091;1;0
126;5;19;-1.51975;1;0
127;6;19;5.79431;1;0
128;19;7;-8.60818;1;0
129;19;8;1.06095;1;0
130;19;9;3.50644;1;0
131;19;10;-2.85984;1;0
132;19;11;-5.17773;1;0
133;0;20;-4.55572;1;0
134;1;20;-1.85297;1;0
135;2;20;5.90913;1;0
136;3;20;-1.89205;1;0
137;4;20;-2.38396;1;0
138;5;20;7.7818;1;0
139;6;20;-0.928347;1;0
140;20;7;-5.90525;1;0
141;20;8;2.8297;1;0
142;20;9;-0.477787;1;0
143;20;10;-1.89272;1;0
144;20;11;-5.86921;1;0
145;16;21;-0.754821;1;0
146;21;21;-8.90345;1;0
147;0;21;5.89817;1;0
148;1;21;9.03552;1;0
149;2;21;7.35078;1;0
150;3;21;-1.12966;1;0
151;4;21;9.82012;1;0
152;5;21;-1.16706;1;0
153;6;21;-7.50259;1;0
154;21;7;7.35577;1;0
155;21;8;3.07648;1;0
156;21;9;-8.85552;1;0
157;21;10;-2.50307;1;0
158;21;11;1.23069;1;0
159;0;22;-7.03619;1;0
160;1;22;9.61424;1;0
161;2;22;3.89041;1;0
162;3;22;-8.47709;1;0
163;4;22;-9.19625;1;0
164;5;22;-6.5913;1;0
165;6;22;3.74255;1;0
166;22;7;-6.30452;1;0
167;22;8;9.02398;1;0
168;22;9;1.24212;1;0
169;22;10;-8.56563;1;0
170;22;11;3.50208;1;0
171;0;23;-0.956452;1;0
172;1;23;-0.677695;1;0
173;2;23;4.04143;1;0
174;3;23;5.28118;1;0
175;4;23;-4.80684;1;0
176;5;23;0.0699908;1;0
177;6;23;-2.97555;1;0
178;23;7;4.01512;1;0
179;23;8;-6.26855;1;0
180;23;9;-0.807177;1;0
181;23;10;-9.62158;1;0
182;23;11;3.58147;1;0
183;0;24;0.462113;1;0
184;1;24;0.958589;1;0
185;2;24;4.38678;1;0
186;3;24;-1.58989;1;0
187;4;24;6.14244;1;0
188;5;24;1.01186;1;0
189;6;24;-2.28991;1;0
190;24;7;4.9;1;0
191;24;8;3.35508;1;0
192;24;9;-8.65603;1;0
193;24;10;-4.21019;1;0
194;24;11;-1.83452;1;0
195;22;25;9.0843;1;0
196;25;25;4.03152;1;0
197;0;25;6.03563;1;0
198;1;25;1.62103;1;0
199;2;25;-5.74892;1;0
200;3;25;-5.7497;1;0
201;4;25;0.976429;1;0
202;5;25;-8.81219;1;0
203;6;25;1.36133;1;0
204;25;7;2.31802;1;0
205;25;8;-3.30572;1;0
206;25;9;6.30694;1;0
207;25;10;-9.32494;1;0
208;25;11;2.44775;1;0
209;0;26;1.19271;1;0
210;1;26;-0.189924;1;0
211;2;26;-4.69606;1;0
212;3;26;6.37138;1;0
213;4;26;-8.14087;1;0
214;5;26;3.04546;1;0
215;6;26;-2.70302;1;0
216;26;7;-0.299534;1;0
217;26;8;-4.32738;1;0
218;26;9;-5.75842;1;0
219;26;10;8.16447;1;0
220;26;11;5.2427;1;0
221;16;27;-8.94567;1;0
222;27;27;6.84192;1;0
223;0;27;0.16805;1;0
224;1;27;2.29698;1;0
225;2;27;-0.824278;1;0
226;3;27;1.93944;1;0
227;4;27;5.90861;1;0
228;5;27;2.03711;1;0
229;6;27;6.51118;1;0
230;27;7;-6.63215;1;0
231;27;8;5.5088;1;0
232;27;9;1.54743;1;0
233;27;10;4.92376;1;0
234;27;11;-5.47751;1;0
235;16;28;7.89676;1;0
236;28;28;-2.03994;1;0
237;0;28;-3.35956;1;0
238;1;28;8.28787;1;0
239;2;28;-4.1939;1;0
240;3;28;-3.64204;1;0
241;4;28;-1.32898;1;0
242;5;28;3.92852;1;0
243;6;28;5.43212;1;0
244;28;7;-6.18251;1;0
245;28;8;-9.42958;1;0
246;28;9;-2.64525;1;0
247;28;10;-3.44927;1;0
248;28;11;-4.78734;1;0
249;0;29;6.01781;1;0
250;1;29;0.133459;1;0
251;2;29;5.56575;1;0
252;3;29;-9.7811;1;0
253;4;29;-1.67041;1;0
254;5;29;-2.91488;1;0
255;6;29;6.71032;1;0
256;29;7;7.23354;1;0
257;29;8;-7.51356;1;0
258;29;9;1.00106;1;0
259;29;10;8.09725;1;0
260;29;11;4.12032;1;0
261;18;30;-7.6431;1;0
262;30;30;-0.598686;1;0
263;0;30;0.493114;1;0
264;1;30;-9.68717;1;0
265;2;30;-6.84459;1;0
266;3;30;8.45541;1;0
267;4;30;1.41193;1;0
268;5;30;9.37678;1;0
269;6;30;-3.72575;1;0
270;30;7;-3.85971;1;0
271;30;8;-6.66589;1;0
272;30;9;7.62144;1;0
273;30;10;6.84717;1;0
274;30;11;-2.52001;1;0
275;16;31;5.43718;1;0
276;31;31;0.0907417;1;0
277;0;31;6.03178;1;0
278;1;31;-2.03806;1;0
279;2;31;3.05954;1;0
280;3;31;5.94262;1;0
281;4;31;-5.69094;1;0
282;5;31;2.1668;1;0
283;6;31;-9.70116;1;0
284;31;7;-7.32449;1;0
285;31;8;-2.70538;1;0
286;31;9;-8.48577;1;0
287;31;10;-1.99816;1;0
288;31;11;5.02568;1;0
289;26;32;8.12444;1;0
290;32;32;7.62206;1;0
291;0;32;5.73528;1;0
292;1;32;7.57362;1;0
293;2;32;-0.374008;1;0
294;3;32;-3.19866;1;0
295;4;32;1.9417;1;0
296;5;32;5.54685;1;0
297;6;32;-9.01537;1;0
298;32;7;-7.22654;1;0
299;32;8;3.76389;1;0
300;32;9;7.76331;1;0
301;32;10;1.52877;1;0
302;32;11;-1.25665;1;0
303;29;33;-9.2729;1;0
304;33;33;7.04076;1;0
305;0;33;6.42966;1;0
306;1;33;-9.79497;1;0
307;2;33;-2.66948;1;0
308;3;33;9.27374;1;0
309;4;33;-3.30013;1;0
310;5;33;-4.00599;1;0
311;6;33;-4.57658;1;0
312;33;7;-7.50203;1;0
313;33;8;-9.16469;1;0
314;33;9;4.61271;1;0
315;33;10;-9.4968;1;0
316;33;11;-6.3671;1;0
317;16;34;-2.95314;1;0
318;34;34;-1.32751;1;0
319;0;34;4.09668;1;0
320;1;34;2.23526;1;0
321;2;34;-5.70434;1;0
322;3;34;7.85602;1;0
323;4;34;-6.06815;1;0
324;5;34;-6.83354;1;0
325;6;34;8.78666;1;0
326;34;7;7.52184;1;0
327;34;8;-0.13575;1;0
328;34;9;-2.5451;1;0
329;34;10;-7.96493;1;0
330;34;11;-9.35531;1;0
331;0;35;5.68941;1;0
332;1;35;2.15573;1;0
333;2;35;1.89826;1;0
334;3;35;-2.5769;1;0
335;4;35;-4.08029;1;0
336;5;35;7.46945;1;0
337;6;35;-9.61455;1;0
338;35;7;5.22847;1;0
339;35;8;7.22251;1;0
340;35;9;1.90307;1;0
341;35;10;-5.89967;1;0
342;35;11;-1.38402;1;0
343;18;36;-1.11438;1;0
344;36;36;-4.37617;1;0
345;0;36;2.64529;1;0
346;1;36;-2.27831;1;0
347;2;36;4.45027;1;0
348;3;36;-1.71599;1;0
349;4;36;7.34437;1;0
350;5;36;-4.03808;1;0
351;6;36;0.572853;1;0
352;36;7;0.139699;1;0
353;36;8;-0.212142;1;0
354;36;9;-1.92022;1;0
355;36;10;-9.02708;1;0
356;36;11;0.960222;1;0
357;16;37;-1.14831;1;0
358;37;37;0.584794;1;0
359;0;37;-4.18865;1;0
360;1;37;0.453563;1;0
361;2;37;2.53928;1;0
362;3;37;6.30132;1;0
363;4;37;-5.92394;1;0
364;5;37;-8.68482;1;0
365;6;37;-9.453;1;0
366;37;7;-7.75197;1;0
367;37;8;-9.62822;1;0
368;37;9;-0.0090581;1;0
369;37;10;-7.52412;1;0
370;37;11;-2.81769;1;0
371;16;38;-0.139732;1;0
372;38;38;-8.47907;1;0
373;0;38;3.02697;1;0
374;1;38;6.85057;1;0
375;2;38;9.89124;1;0
376;3;38;3.98232;1;0
377;4;38;5.20666;1;0
378;5;38;7.30408;1;0
379;6;38;-1.71147;1;0
380;38;7;9.79027;1;0
381;38;8;5.43491;1;0
382;38;9;-8.21117;1;0
383;38;10;-9.15033;1;0
384;38;11;2.58288;1;0
385;18;39;7.12769;1;0
386;39;39;-9.55254;1;0
387;0;39;-8.45231;1;0
388;1;39;9.44566;1;0
389;2;39;-7.18794;1;0
390;3;39;8.80586;1;0
391;4;39;4.72681;1;0
392;5;39;4.05249;1;0
393;6;39;1.63659;1;0
394;39;7;0.816376;1;0
395;39;8;1.76449;1;0
396;39;9;9.92675;1;0
397;39;10;6.97988;1;0
398;39;11;-4.81925;1;0
399;16;40;7.2454;1;0
400;40;40;6.82795;1;0
401;0;40;5.42203;1;0
402;1;40;-9.73188;1;0
403;2;40;4.6353;1;0
404;3;40;-9.03787;1;0
405;4;40;6.03707;1;0
406;5;40;-7.68404;1;0
407;6;40;6.51346;1;0
408;40;7;-7.22351;1;0
409;40;8;7.54311;1;0
410;40;9;8.87635;1;0
411;40;10;4.63546;1;0
412;40;11;7.18285;1;0
413;16;41;0.938361;1;0
414;41;41;5.46932;1;0
415;0;41;-5.57354;1;0
416;1;41;9.87651;1;0
417;2;41;7.22558;1;0
418;3;41;7.37088;1;0
419;4;41;2.84214;1;0
420;5;41;-2.15998;1;0
421;6;41;8.11164;1;0
422;41;7;-7.41461;1;0
423;41;8;3.50462;1;0
424;41;9;-0.303047;1;0
425;41;10;8.29131;1;0
426;41;11;5.91632;1;0
427;29;42;4.11039;1;0
428;33;42;-8.95861;1;0
429;42;42;-8.37754;1;0
430;0;42;6.88886;1;0
431;1;42;9.0008;1;0
432;2;42;3.77823;1;0
433;3;42;-6.7146;1;0
434;4;42;4.23279;1;0
435;5;42;-1.79;1;0
436;6;42;-9.32872;1;0
437;42;7;-4.52399;1;0
438;42;8;-4.3225;1;0
439;42;9;0.784345;1;0
440;42;10;-1.76096;1;0
441;42;11;-4.96785;1;0
442;16;43;-8.24398;1;0
443;43;43;3.9027;1;0
444;0;43;-1.68155;1;0
445;1;43;6.59676;1;0
446;2;43;-7.17307;1;0
447;3;43;-5.87936;1;0
448;4;43;8.84795;1;0
449;5;43;-2.53337;1;0
450;6;43;2.36748;1;0
451;43;7;-7.50471;1;0
452;43;8;-9.49332;1;0
453;43;9;-8.91074;1;0
454;43;10;4.35481;1;0
455;43;11;7.9509;1;0
456;16;44;-6.58393;1;0
457;44;44;6.45965;1;0
458;0;44;-6.10467;1;0
459;1;44;9.07828;1;0
460;2;44;8.76792;1;0
461;3;44;-4.52387;1;0
462;4;44;6.01855;1;0
463;5;44;-1.65401;1;0
464;6;44;1.87929;1;0
465;44;7;6.89499;1;0
466;44;8;4.3258;1;0
467;44;9;-1.5501;1;0
468;44;10;0.474608;1;0
469;44;11;2.92133;1;0
470;16;45;2.98692;1;0
471;45;45;4.61154;1;0
472;0;45;-7.78473;1;0
473;1;45;-5.67048;1;0
474;2;45;8.32417;1;0
475;3;45;-7.45699;1;0
476;4;45;8.74192;1;0
477;5;45;3.08204;1;0
478;6;45;4.06727;1;0
479;45;7;-4.55771;1;0
480;45;8;-2.31433;1;0
481;45;9;4.87448;1;0
482;45;10;6.226;1;0
483;45;11;0.958636;1;0
484;29;46;9.67935;1;0
485;33;46;7.76393;1;0
486;46;46;1.10506;1;0
487;0;46;0.206773;1;0
488;1;46;8.05351;1;0
489;2;46;1.42804;1;0
490;3;46;0.929987;1;0
491;4;46;1.93252;1;0
492;5;46;0.0831384;1;0
493;6;46;7.55;1;0
494;46;7;-4.7001;1;0
495;46;8;-5.01809;1;0
496;46;9;-2.84523;1;0
497;46;10;3.47957;1;0
498;46;11;-6.80302;1;0
499;29;47;-0.696326;1;0
500;33;47;4.01532;1;0
501;47;47;-0.936194;1;0
502;0;47;9.84327;1;0
503;1;47;-1.07557;1;0
504;2;47;-9.57803;1;0
505;3;47;8.2706;1;0
506;4;47;-6.14277;1;0
507;5;47;-1.08468;1;0
508;6;47;-0.672329;1;0
509;47;7;8.17402;1;0
510;47;8;-9.99964;1;0
511;47;9;-1.1734;1;0
512;47;10;-5.29271;1;0
513;47;11;6.28453;1;0
514;29;48;-6.92102;1;0
515;33;48;-9.28247;1;0
516;47;48;1.42847;1;0
517;48;48;-9.77851;1;0
518;0;48;9.89125;1;0
519;1;48;1.904;1;0
520;2;48;-5.23205;1;0
521;3;48;3.76701;1;0
522;4;48;-4.40273;1;0
523;5;48;2.33723;1;0
524;6;48;9.2909;1;0
525;48;7;-6.67417;1;0
526;48;8;-9.02151;1;0
527;48;9;-5.57832;1;0
528;48;10;-1.68557;1;0
529;48;11;3.3079;1;0
530;29;49;-2.77548;1;0
531;33;49;-5.7471;1;0
532;49;49;2.94976;1;0
533;0;49;3.32443;1;0
534;1;49;-0.89852;1;0
535;2;49;-8.54515;1;0
536;3;49;7.69564;1;0
537;4;49;-1.70857;1;0
538;5;49;-7.66623;1;0
539;6;49;-6.04927;1;0
540;49;7;-8.82238;1;0
541;49;8;-0.664718;1;0
542;49;9;8.05971;1;0
543;49;10;8.06065;1;0
544;49;11;-2.03123;1;0
545;29;50;2.87741;1;0
546;33;50;4.2771;1;0
547;47;50;-6.35328;1;0
548;50;50;9.50729;1;0
549;0;50;1.25186;1;0
550;1;50;6.64701;1;0
551;2;50;0.612394;1;0
552;3;50;-8.51756;1;0
553;4;50;-1.40806;1;0
554;5;50;4.56887;1;0
555;6;50;-3.46857;1;0
556;50;7;7.48584;1;0
557;50;8;9.68537;1;0
558;50;9;-9.24349;1;0
559;50;10;-6.1106;1;0
560;50;11;-2.27322;1;0
561;0;51;5.4674;1;0
562;1;51;-7.8185;1;0
563;2;51;8.19576;1;0
564;3;51;2.85792;1;0
565;4;51;-3.53808;1;0
566;5;51;4.10509;1;0
567;6;51;-3.44464;1;0
568;51;7;-5.69972;1;0
569;51;8;2.42598;1;0
570;51;9;-7.75724;1;0
571;51;10;2.71073;1;0
572;51;11;2.93993;1;0
573;16;52;9.49917;1;0
574;52;52;-8.4459;1;0
575;0;52;2.68942;1;0
576;1;52;-9.80406;1;0
577;2;52;3.46973;1;0
578;3;52;7.36865;1;0
579;4;52;-9.69648;1;0
580;5;52;3.83211;1;0
581;6;52;-8.58477;1;0
582;52;7;-0.893789;1;0
583;52;8;-5.66366;1;0
584;52;9;-0.348043;1;0
585;52;10;8.59105;1;0
586;52;11;9.2388;1;0
587;0;53;-3.8133;1;0
588;1;53;-4.0479;1;0
589;2;53;-2.81614;1;0
590;3;53;-7.35033;1;0
591;4;53;-4.373;1;0
592;5;53;1.79748;1;0
593;6;53;7.82918;1;0
594;53;7;1.02222;1;0
595;53;8;-4.94341;1;0
596;53;9;2.86304;1;0
597;53;10;4.27051;1;0
598;53;11;-0.536862;1;0
599;18;54;1.67689;1;0
600;54;54;-2.54251;1;0
601;0;54;-4.50762;1;0
602;1;54;-3.87207;1;0
603;2;54;0.906003;1;0
604;3;54;4.50869;1;0
605;4;54;-6.0927;1;0
606;5;54;8.83653;1;0
607;6;54;9.92477;1;0
608;54;7;-1.23484;1;0
609;54;8;8.66002;1;0
610;54;9;-5.57093;1;0
611;54;10;6.82107;1;0
612;54;11;-2.67318;1;0
613;51;55;-3.81746;1;0
614;55;55;9.27288;1;0
615;0;55;0.830845;1;0
616;1;55;-3.40465;1;0
617;2;55;-6.86228;1;0
618;3;55;1.58318;1;0
619;4;55;-0.665203;1;0
620;5;55;9.36127;1;0
621;6;55;-2.81979;1;0
622;55;7;1.90927;1;0
623;55;8;-3.48941;1;0
624;55;9;2.52812;1;0
625;55;10;-4.62123;1;0
626;55;11;-1.0027;1;0
627;18;56;-6.76163;1;0
628;54;56;2.50771;1;0
629;56;56;-1.42734;1;0
630;0;56;4.98771;1;0
631;1;56;2.71444;1;0
632;2;56;5.98205;1;0
633;3;56;-2.52771;1;0
634;4;56;1.19374;1;0
635;5;56;-6.33841;1;0
636;6;56;-0.993752;1;0
637;56;7;-1.09092;1;0
638;56;8;0.195032;1;0
639;56;9;-4.1833;1;0
640;56;10;1.3648;1;0
641;56;11;-0.239394;1;0
642;18;57;5.75718;1;0
643;57;57;2.65353;1;0
644;0;57;9.78817;1;0
645;1;57;0.502124;1;0
646;2;57;4.95997;1;0
647;3;57;8.84504;1;0
648;4;57;-7.04384;1;0
649;5;57;-7.21279;1;0
650;6;57;-2.59636;1;0
651;57;7;1.03562;1;0
652;57;8;5.04429;1;0
653;57;9;3.66102;1;0
654;57;10;2.75175;1;0
655;57;11;2.70097;1;0
656;18;58;8.63809;1;0
657;54;58;-3.85468;1;0
658;58;58;4.25761;1;0
659;0;58;-1.39005;1;0
660;1;58;8.71987;1;0
661;2;58;7.10363;1;0
662;3;58;-1.17188;1;0
663;4;58;-5.74013;1;0
664;5;58;-7.86824;1;0
665;6;58;8.57509;1;0
666;58;7;-7.24736;1;0
667;58;8;1.46447;1;0
668;58;9;-4.71163;1;0
669;58;10;7.20847;1;0
670;58;11;-4.01855;1;0
671;16;59;7.68847;1;0
672;59;59;2.38005;1;0
673;0;59;9.19908;1;0
674;1;59;3.95395;1;0
675;2;59;-6.25455;1;0
676;3;59;8.97578;1;0
677;4;59;-7.37887;1;0
678;5;59;0.946183;1;0
679;6;59;4.08077;1;0
680;59;7;-6.52251;1;0
681;59;8;4.39253;1;0
682;59;9;8.85306;1;0
683;59;10;5.16761;1;0
684;59;11;7.1185;1;0
685;29;60;1.57473;1;0
686;33;60;-8.08656;1;0
687;60;60;8.78135;1;0
688;0;60;1.89779;1;0
689;1;60;4.26396;1;0
690;2;60;7.45114;1;0
691;3;60;1.95619;1;0
692;4;60;4.29414;1;0
693;5;60;1.22792;1;0
694;6;60;-8.27867;1;0
695;60;7;0.371476;1;0
696;60;8;1.7215;1;0
697;60;9;0.599019;1;0
698;60;10;-4.15965;1;0
699;60;11;7.24058;1;0
700;18;61;-9.96648;1;0
701;54;61;7.63256;1;0
702;58;61;2.60766;1;0
703;61;61;-3.3587;1;0
704;0;61;0.549543;1;0
705;1;61;3.6642;1;0
706;2;61;9.67798;1;0
707;3;61;2.78853;1;0
708;4;61;2.27545;1;0
709;5;61;-7.28966;1;0
710;6;61;4.66792;1;0
711;61;7;6.62016;1;0
712;61;8;1.77059;1;0
713;61;9;-1.24665;1;0
714;61;10;-8.0313;1;0
715;61;11;-5.70163;1;0
716;29;62;1.44032;1;0
717;33;62;6.47802;1;0
718;62;62;-0.54322;1;0
719;0;62;-3.60807;1;0
720;1;62;-9.61262;1;0
721;2;62;-8.54758;1;0
722;3;62;-1.21263;1;0
723;4;62;-2.20266;1;0
724;5;62;5.58846;1;0
725;6;62;-0.228617;1;0
726;62;7;-9.97333;1;0
727;62;8;-6.93035;1;0
728;62;9;2.73243;1;0
729;62;10;7.53732;1;0
730;62;11;9.06463;1;0
731;29;63;4.91188;1;0
732;33;63;-8.02036;1;0
733;63;63;2.35977;1;0
734;0;63;-8.13309;1;0
735;1;63;5.1291;1;0
736;2;63;4.62289;1;0
737;3;63;2.81953;1;0
738;4;63;8.27259;1;0
739;5;63;1.3456;1;0
740;6;63;-5.52431;1;0
741;63;7;7.59489;1;0
742;63;8;-5.95088;1;0
743;63;9;-8.70725;1;0
744;63;10;-9.46199;1;0
745;63;11;8.02633;1;0
746;29;64;-4.29936;1;0
747;33;64;5.52235;1;0
748;64;64;-7.07649;1;0
749;0;64;-3.31879;1;0
750;1;64;4.14544;1;0
751;2;64;-1.6746;1;0
752;3;64;3.1361;1;0
753;4;64;1.95888;1;0
754;5;64;7.1284;1;0
755;6;64;-1.77923;1;0
756;64;7;7.88483;1;0
757;64;8;3.37951;1;0
758;64;9;-2.88602;1;0
759;64;10;-1.01727;1;0
760;64;11;7.70432;1;0
761;18;65;-8.97058;1;0
762;54;65;8.01723;1;0
763;58;65;9.71616;1;0
764;65;65;-8.18584;1;0
765;0;65;4.08159;1;0
766;1;65;9.14191;1;0
767;2;65;9.50904;1;0
768;3;65;0.329146;1;0
769;4;65;4.85924;1;0
770;5;65;-0.318416;1;0
771;6;65;0.486787;1;0
772;65;7;9.58603;1;0
773;65;8;-3.18317;1;0
774;65;9;2.27321;1;0
775;65;10;0.484535;1;0
776;65;11;4.91902;1;0
777;29;66;5.73136;1;0
778;33;66;-1.45402;1;0
779;66;66;8.85124;1;0
780;0;66;-9.76997;1;0
781;1;66;4.05693;1;0
782;2;66;-4.56309;1;0
783;3;66;8.52115;1;0
784;4;66;8.72249;1;0
785;5;66;-7.23246;1;0
786;6;66;9.85109;1;0
787;66;7;-2.05746;1;0
788;66;8;-1.9903;1;0
789;66;9;-0.530136;1;0
790;66;10;8.30131;1;0
791;66;11;1.94623;1;0
792;18;67;-5.62158;1;0
793;54;67;-5.71758;1;0
794;58;67;8.78936;1;0
795;67;67;2.08846;1;0
796;0;67;-7.7727;1;0
797;1;67;-2.61138;1;0
798;2;67;5.55744;1;0
799;3;67;-5.64518;1;0
800;4;67;2.15417;1;0
801;5;67;-5.03862;1;0
802;6;67;4.40574;1;0
803;67;7;6.64467;1;0
804;67;8;6.08358;1;0
805;67;9;-8.11151;1;0
806;67;10;-8.53812;1;0
807;67;11;-1.34367;1;0
808;29;68;4.26562;1;0
809;33;68;-5.65821;1;0
810;68;68;8.47869;1;0
811;0;68;-2.147;1;0
812;1;68;-1.33666;1;0
813;2;68;-4.75915;1;0
814;3;68;8.47413;1;0
815;4;68;2.46225;1;0
816;5;68;5.74454;1;0
817;6;68;-8.73249;1;0
818;68;7;-1.25615;1;0
819;68;8;8.31906;1;0
820;68;9;-8.98242;1;0
821;68;10;1.85266;1;0
822;68;11;5.04471;1;0
823;16;69;-6.47918;1;0
824;69;69;9.77908;1;0
825;0;69;2.87757;1;0
826;1;69;-5.61518;1;0
827;2;69;5.52792;1;0
828;3;69;-6.31711;1;0
829;4;69;7.45844;1;0
830;5;69;9.82087;1;0
831;6;69;-6.56188;1;0
832;69;7;-2.72961;1;0
833;69;8;-4.93382;1;0
834;69;9;2.27539;1;0
835;69;10;-0.644311;1;0
836;69;11;3.288;1;0
837;29;70;1.51969;1;0
838;33;70;2.37318;1;0
839;70;70;0.165433;1;0
840;0;70;8.92849;1;0
841;1;70;9.18914;1;0
842;2;70;6.66534;1;0
843;3;70;3.67568;1;0
844;4;70;-7.13884;1;0
845;5;70;-8.74112;1;0
846;6;70;-6.83706;1;0
847;70;7;1.81201;1;0
848;70;8;7.73328;1;0
849;70;9;4.65399;1;0
850;70;10;-0.925505;1;0
851;70;11;7.1237;1;0
852;29;71;-3.60261;1;0
853;33;71;-0.803396;1;0
854;71;71;5.61779;1;0
855;0;71;1.15075;1;0
856;1;71;-0.701798;1;0
857;2;71;-2.33333;1;0
858;3;71;0.612608;1;0
859;4;71;-2.62588;1;0
860;5;71;-3.85866;1;0
861;6;71;-2.77808;1;0
862;71;7;1.53069;1;0
863;71;8;5.97517;1;0
864;71;9;9.66549;1;0
865;71;10;-0.0569678;1;0
866;71;11;2.41992;1;0
867;18;72;1.78911;1;0
868;54;72;-3.38092;1;0
869;58;72;-0.858805;1;0
870;72;72;-5.27034;1;0
871;0;72;-1.35481;1;0
872;1;72;3.23376;1;0
873;2;72;-0.68431;1;0
874;3;72;7.70004;1;0
875;4;72;4.81506;1;0
876;5;72;3.47545;1;0
877;6;72;-6.40702;1;0
878;72;7;-5.03072;1;0
879;72;8;-6.51978;1;0
880;72;9;-0.436473;1;0
881;72;10;-4.12971;1;0
882;72;11;9.32925;1;0
883;16;73;1.42714;1;0
884;73;73;3.13964;1;0
885;0;73;-1.40554;1;0
886;1;73;0.013108;1;0
887;2;73;-3.07089;1;0
888;3;73;1.36103;1;0
889;4;73;4.97983;1;0
890;5;73;-5.25517;1;0
891;6;73;-9.46823;1;0
892;73;7;9.3698;1;0
893;73;8;5.52505;1;0
894;73;9;-9.80278;1;0
895;73;10;-2.60161;1;0
896;73;11;2.17025;1;0
897;29;74;8.69347;1;0
898;33;74;-3.99322;1;0
899;74;74;-2.14066;1;0
900;0;74;-3.03227;1;0
901;1;74;-4.54418;1;0
902;2;74;1.61804;1;0
903;3;74;-3.99257;1;0
904;4;74;-3.21812;1;0
905;5;74;7.88468;1;0
906;6;74;-3.47558;1;0
907;74;7;4.15654;1;0
908;74;8;-9.52462;1;0
909;74;9;1.35942;1;0
910;74;10;-4.07295;1;0
911;74;11;1.06801;1;0
912;18;75;-5.51985;1;0
913;54;75;-3.6198;1;0
914;58;75;-3.95215;1;0
915;75;75;-2.31076;1;0
916;0;75;3.75483;1;0
917;1;75;4.24101;1;0
918;2;75;-2.84228;1;0
919;3;75;-8.94874;1;0
920;4;75;-5.62163;1;0
921;5;75;8.32642;1;0
922;6;75;0.278707;1;0
923;75;7;8.86041;1;0
924;75;8;-8.91087;1;0
925;75;9;9.08945;1;0
926;75;10;9.56348;1;0
927;75;11;-4.53234;1;0
928;16;76;1.07516;1;0
929;76;76;-0.0231241;1;0
930;0;76;-1.09091;1;0
931;1;76;-8.85463;1;0
932;2;76;5.5394;1;0
933;3;76;5.35957;1;0
934;4;76;8.70456;1;0
935;5;76;-4.65981;1;0
936;6;76;7.73788;1;0
937;76;7;-4.72375;1;0
938;76;8;-1.0728;1;0
939;76;9;-1.26762;1;0
940;76;10;-4.5463;1;0
941;76;11;-4.41273;1;0
942;29;77;-1.8974;1;0
943;33;77;9.92115;1;0
944;74;77;-0.722716;1;0
945;77;77;6.5934;1;0
946;0;77;-8.73157;1;0
947;1;77;1.69813;1;0
948;2;77;-3.04181;1;0
949;3;77;-1.45837;1;0
950;4;77;-7.53221;1;0
951;5;77;1.13509;1;0
952;6;77;-2.22339;1;0
953;77;7;7.25682;1;0
954;77;8;0.878838;1;0
955;77;9;5.63911;1;0
956;77;10;5.9712;1;0
957;77;11;-4.5918;1;0
958;16;78;2.71362;1;0
959;78;78;-8.89345;1;0
960;0;78;6.16793;1;0
961;1;78;-7.24196;1;0
962;2;78;2.81306;1;0
963;3;78;3.10248;1;0
964;4;78;1.24128;1;0
965;5;78;9.0282;1;0
966;6;78;5.46018;1;0
967;78;7;2.70339;1;0
968;78;8;-8.13549;1;0
969;78;9;8.8147;1;0
970;78;10;-6.27495;1;0
971;78;11;-3.93456;1;0
972;18;79;3.29038;1;0
973;54;79;-4.60694;1;0
974;58;79;8.96129;1;0
975;79;79;-6.3589;1;0
976;0;79;-5.60774;1;0
977;1;79;3.4659;1;0
978;2;79;-6.11525;1;0
979;3;79;-8.64814;1;0
980;4;79;3.00867;1;0
981;5;79;-0.605836;1;0
982;6;79;-7.44277;1;0
983;79;7;2.04294;1;0
984;79;8;-6.72699;1;0
985;79;9;1.69894;1;0
986;79;10;-6.12616;1;0
987;79;11;0.694135;1;0
988;16;80;8.61296;1;0
989;80;80;1.21185;1;0
990;0;80;5.65864;1;0
991;1;80;-9.3974;1;0
992;2;80;7.67272;1;0
993;3;80;1.55097;1;0
994;4;80;-1.70392;1;0
995;5;80;1.55153;1;0
996;6;80;9.03537;1;0
997;80;7;-6.07589;1;0
998;80;8;6.44634;1;0
999;80;9;2.26293;1;0
1000;80;10;9.66713;1;0
1001;80;11;-1.30509;1;0
1002;18;81;3.45919;1;0
1003;54;81;8.9328;1;0
1004;58;81;-0.689327;1;0
1005;81;81;1.1553;1;0
1006;0;81;4.0827;1;0
1007;1;81;6.54766;1;0
1008;2;81;-9.90762;1;0
1009;3;81;2.85141;1;0
1010;4;81;8.76926;1;0
1011;5;81;-5.19539;1;0
1012;6;81;-8.17073;1;0
1013;81;7;7.99326;1;0
1014;81;8;9.78296;1;0
1015;81;9;3.40168;1;0
1016;81;10;-5.17828;1;0
1017;81;11;-8.53117;1;0
1018;29;82;-8.81806;1;0
1019;33;82;7.97972;1;0
1020;82;82;-2.63228;1;0
1021;0;82;6.42487;1;0
1022;1;82;-6.56977;1;0
1023;2;82;1.58932;1;0
1024;3;82;-7.51237;1;0
1025;4;82;-0.683473;1;0
1026;5;82;0.0592873;1;0
1027;6;82;5.71811;1;0
1028;82;7;-1.90019;1;0
1029;82;8;4.87084;1;0
1030;82;9;8.55242;1;0
1031;82;10;1.5942;1;0
1032;82;11;0.114607;1;0
1033;18;83;2.90708;1;0
1034;54;83;-6.88582;1;0
1035;58;83;2.42044;1;0
1036;83;83;-6.55338;1;0
1037;0;83;-5.7693;1;0
1038;1;83;-7.56393;1;0
1039;2;83;9.42545;1;0
1040;3;83;8.14636;1;0
1041;4;83;-0.00886142;1;0
1042;5;83;8.77608;1;0
1043;6;83;-7.34797;1;0
1044;83;7;-8.57603;1;0
1045;83;8;4.15418;1;0
1046;83;9;7.86347;1;0
1047;83;10;-3.70636;1;0
1048;83;11;-8.62031;1;0
1049;29;84;-9.68866;1;0
1050;33;84;0.796291;1;0
1051;84;84;-8.17451;1;0
1052;0;84;-2.90552;1;0
1053;1;84;2.87926;1;0
1054;2;84;9.03889;1;0
1055;3;84;-4.90141;1;0
1056;4;84;5.48393;1;0
1057;5;84;-5.59743;1;0
1058;6;84;4.55235;1;0
1059;84;7;6.62643;1;0
1060;84;8;-3.34037;1;0
1061;84;9;4.12021;1;0
1062;84;10;-3.97801;1;0
1063;84;11;3.06614;1;0
1064;18;85;4.55954;1;0
1065;54;85;9.27956;1;0
1066;58;85;-7.2803;1;0
1067;85;85;7.6518;1;0
1068;0;85;-8.8654;1;0
1069;1;85;8.8958;1;0
1070;2;85;-8.71306;1;0
1071;3;85;-4.82866;1;0
1072;4;85;-2.45479;1;0
1073;5;85;7.49814;1;0
1074;6;85;5.65196;1;0
1075;85;7;3.76317;1;0
1076;85;8;3.14565;1;0
1077;85;9;0.440263;1;0
1078;85;10;-3.02893;1;0
1079;85;11;-4.62234;1;0
1080;16;86;-8.36654;1;0
1081;86;86;7.15814;1;0
1082;0;86;1.62873;1;0
1083;1;86;4.88132;1;0
1084;2;86;9.0115;1;0
1085;3;86;-2.29156;1;0
1086;4;86;0.20905;1;0
1087;5;86;-5.79235;1;0
1088;6;86;-4.84503;1;0
1089;86;7;2.32501;1;0
1090;86;8;-5.70342;1;0
1091;86;9;-5.45033;1;0
1092;86;10;7.9798;1;0
1093;86;11;7.2852;1;0
1094;18;87;4.61884;1;0
1095;54;87;-1.4178;1;0
1096;58;87;-6.20245;1;0
1097;83;87;-7.47095;1;0
1098;87;87;-4.15536;1;0
1099;0;87;-5.42131;1;0
1100;1;87;-5.86942;1;0
1101;2;87;-3.5281;1;0
1102;3;87;-4.32698;1;0
1103;4;87;-5.54728;1;0
1104;5;87;3.78982;1;0
1105;6;87;-4.73504;1;0
1106;87;7;3.44999;1;0
1107;87;8;-9.48638;1;0
1108;87;9;5.49833;1;0
1109;87;10;7.12816;1;0
1110;87;11;-5.96423;1;0
1111;16;88;5.08076;1;0
1112;88;88;8.58375;1;0
1113;0;88;-6.2923;1;0
1114;1;88;-4.2944;1;0
1115;2;88;7.63325;1;0
1116;3;88;-1.9176;1;0
1117;4;88;2.54462;1;0
1118;5;88;3.34119;1;0
1119;6;88;-7.9797;1;0
1120;88;7;8.64769;1;0
1121;88;8;-4.45985;1;0
1122;88;9;4.24622;1;0
1123;88;10;-4.62634;1;0
1124;88;11;5.59;1;0
1125;16;89;6.79556;1;0
1126;89;89;2.23415;1;0
1127;0;89;-0.284768;1;0
1128;1;89;-6.83426;1;0
1129;2;89;0.599808;1;0
1130;3;89;-5.51666;1;0
1131;4;89;5.98224;1;0
1132;5;89;-6.93635;1;0
1133;6;89;0.799667;1;0
1134;89;7;4.46633;1;0
1135;89;8;-6.89205;1;0
1136;89;9;-3.60721;1;0
1137;89;10;0.431833;1;0
1138;89;11;6.83888;1;0
1139;16;90;-7.73714;1;0
1140;90;90;-2.77694;1;0
1141;0;90;2.74841;1;0
1142;1;90;-7.61878;1;0
1143;2;90;-8.03695;1;0
1144;3;90;1.87351;1;0
1145;4;90;9.63395;1;0
1146;5;90;-6.80589;1;0
1147;6;90;5.09656;1;0
1148;90;7;1.13772;1;0
1149;90;8;2.44642;1;0
1150;90;9;0.815667;1;0
1151;90;10;-7.08615;1;0
1152;90;11;8.77969;1;0
1153;18;91;9.23485;1;0
1154;54;91;-9.88199;1;0
1155;58;91;8.44842;1;0
1156;91;91;9.9295;1;0
1157;0;91;4.30868;1;0
1158;1;91;1.21524;1;0
1159;2;91;2.6989;1;0
1160;3;91;1.36621;1;0
1161;4;91;-4.07403;1;0
1162;5;91;0.885131;1;0
1163;6;91;9.3376;1;0
1164;91;7;7.77026;1;0
1165;91;8;-7.26286;1;0
1166;91;9;-1.48717;1;0
1167;91;10;-1.89041;1;0
1168;91;11;-7.30888;1;0
1169;16;92;-8.57491;1;0
1170;92;92;2.51902;1;0
1171;0;92;-4.2822;1;0
1172;1;92;-3.65875;1;0
1173;2;92;-1.00765;1;0
1174;3;92;9.34392;1;0
1175;4;92;-0.806007;1;0
1176;5;92;-2.0062;1;0
1177;6;92;-2.772;1;0
1178;92;7;3.1776;1;0
1179;92;8;-1.92399;1;0
1180;92;9;4.97405;1;0
1181;92;10;-8.37894;1;0
1182;92;11;-4.20267;1;0
1183;16;93;5.69047;1;0
1184;93;93;3.46473;1;0
1185;0;93;2.5544;1;0
1186;1;93;-4.44227;1;0
1187;2;93;0.408909;1;0
1188;3;93;-9.05699;1;0
1189;4;93;2.13797;1;0
1190;5;93;2.98517;1;0
1191;6;93;-6.14617;1;0
1192;93;7;-5.44726;1;0
1193;93;8;-5.12409;1;0
1194;93;9;-5.31351;1;0
1195;93;10;-9.66228;1;0
1196;93;11;0.929034;1;0
1197;16;94;0.872918;1;0
1198;94;94;-1.17034;1;0
1199;0;94;9.85727;1;0
1200;1;94;1.98629;1;0
1201;2;94;4.23328;1;0
1202;3;94;1.89531;1;0
1203;4;94;5.22929;1;0
1204;5;94;1.23965;1;0
1205;6;94;8.37881;1;0
1206;94;7;9.04866;1;0
1207;94;8;5.22304;1;0
1208;94;9;7.1045;1;0
1209;94;10;6.63096;1;0
1210;94;11;-6.08654;1;0
1211;16;95;5.66075;1;0
1212;95;95;-0.586358;1;0
1213;0;95;1.94334;1;0
1214;1;95;-8.95578;1;0
1215;2;95;9.04079;1;0
1216;3;95;-0.935997;1;0
1217;4;95;-4.41083;1;0
1218;5;95;6.27624;1;0
1219;6;95;-1.08385;1;0
1220;95;7;-4.79957;1;0
1221;95;8;6.33993;1;0
1222;95;9;-7.18264;1;0
1223;95;10;4.71331;1;0
1224;95;11;-7.45619;1;0
1225;16;96;6.23706;1;0
1226;96;96;1.77976;1;0
1227;0;96;-3.01142;1;0
1228;1;96;-4.00712;1;0
1229;2;96;7.31069;1;0
1230;3;96;5.43447;1;0
1231;4;96;9.78149;1;0
1232;5;96;-3.01148;1;0
1233;6;96;9.14036;1;0
1234;96;7;-5.61914;1;0
1235;96;8;1.86311;1;0
1236;96;9;-6.93368;1;0
1237;96;10;-8.51886;1;0
1238;96;11;1.22295;1;0
1239;29;97;-9.31371;1;0
1240;33;97;-1.19171;1;0
1241;97;97;-5.70458;1;0
1242;0;97;-1.4272;1;0
1243;1;97;-4.57424;1;0
1244;2;97;3.95121;1;0
1245;3;97;-6.87101;1;0
1246;4;97;-6.17561;1;0
1247;5;97;-1.3137;1;0
1248;6;97;-5.90279;1;0
1249;97;7;3.17129;1;0
1250;97;8;-2.54317;1;0
1251;97;9;-0.757501;1;0
1252;97;10;-7.25822;1;0
1253;97;11;1.60383;1;0
1254;29;98;-1.12457;1;0
1255;33;98;7.10942;1;0
1256;98;98;-3.73378;1;0
1257;0;98;7.01505;1;0
1258;1;98;3.23499;1;0
1259;2;98;-9.95577;1;0
1260;3;98;8.86759;1;0
1261;4;98;8.12289;1;0
1262;5;98;4.78929;1;0
1263;6;98;8.30563;1;0
1264;98;7;4.18927;1;0
1265;98;8;-4.92944;1;0
1266;98;9;-0.74367;1;0
1267;98;10;-5.05985;1;0
1268;98;11;-9.46869;1;0
1269;16;99;-7.86199;1;0
1270;99;99;-3.1525;1;0
1271;0;99;-9.10227;1;0
1272;1;99;6.34703;1;0
1273;2;99;2.62695;1;0
1274;3;99;9.13976;1;0
1275;4;99;5.15368;1;0
1276;5;99;4.86562;1;0
1277;6;99;-8.17954;1;0
1278;99;7;0.402085;1;0
1279;99;8;2.56568;1;0
1280;99;9;-2.31341;1;0
1281;99;10;6.0426;1;0
1282;99;11;-5.80858;1;0
1283;18;100;-6.48007;1;0
1284;54;100;-6.28767;1;0
1285;58;100;-2.63858;1;0
1286;100;100;4.55444;1;0
1287;0;100;-9.33731;1;0
1288;1;100;-0.930694;1;0
1289;2;100;-4.21847;1;0
1290;3;100;-9.92831;1;0
1291;4;100;5.67659;1;0
1292;5;100;3.26519;1;0
1293;6;100;-4.51292;1;0
1294;100;7;-7.61611;1;0
1295;100;8;0.257126;1;0
1296;100;9;-7.30033;1;0
1297;100;10;-0.101855;1;0
1298;100;11;9.97826;1;0
1299;29;101;-9.57434;1;0
1300;33;101;-6.64024;1;0
1301;101;101;-8.18231;1;0
1302;0;101;2.00658;1;0
1303;1;101;-1.34683;1;0
1304;2;101;8.71407;1;0
1305;3;101;7.6535;1;0
1306;4;101;-2.74673;1;0
1307;5;101;7.33289;1;0
1308;6;101;-8.9311;1;0
1309;101;7;-9.39008;1;0
1310;101;8;5.54243;1;0
1311;101;9;9.47599;1;0
1312;101;10;7.33783;1;0
1313;101;11;4.68315;1;0
1314;16;102;-2.87155;1;0
1315;102;102;6.36614;1;0
1316;0;102;-8.47645;1;0
1317;1;102;9.08002;1;0
1318;2;102;-8.68634;1;0
1319;3;102;3.19599;1;0
1320;4;102;-6.84051;1;0
1321;5;102;3.35092;1;0
1322;6;102;-4.15533;1;0
1323;102;7;-3.92729;1;0
1324;102;8;5.03929;1;0
1325;102;9;7.7782;1;0
1326;102;10;0.744329;1;0
1327;102;11;4.18385;1;0
1328;16;103;0.0160787;1;0
1329;103;103;-1.9669;1;0
1330;0;103;-5.08435;1;0
1331;1;103;1.38411;1;0
1332;2;103;-6.33014;1;0
1333;3;103;-3.97543;1;0
1334;4;103;8.44537;1;0
1335;5;103;2.45282;1;0
1336;6;103;-3.85537;1;0
1337;103;7;8.9011;1;0
1338;103;8;-9.75444;1;0
1339;103;9;-2.97263;1;0
1340;103;10;7.72606;1;0
1341;103;11;2.56765;1;0
1342;18;104;5.07231;1;0
1343;54;104;-4.58211;1;0
1344;58;104;7.06395;1;0
1345;104;104;1.26968;1;0
1346;0;104;7.34567;1;0
1347;1;104;-4.51444;1;0
1348;2;104;-7.52655;1;0
1349;3;104;-7.60433;1;0
1350;4;104;2.01223;1;0
1351;5;104;5.05889;1;0
1352;6;104;3.14038;1;0
1353;104;7;-6.61956;1;0
1354;104;8;5.17682;1;0
1355;104;9;2.9207;1;0
1356;104;10;-2.33589;1;0
1357;104;11;-4.83292;1;0
1358;18;105;-8.01457;1;0
1359;54;105;4.04462;1;0
1360;58;105;1.00997;1;0
1361;105;105;3.54824;1;0
1362;0;105;8.69108;1;0
1363;1;105;-3.59527;1;0
1364;2;105;-2.1554;1;0
1365;3;105;0.423069;1;0
1366;4;105;9.43667;1;0
1367;5;105;9.0283;1;0
1368;6;105;-3.27411;1;0
1369;105;7;6.7127;1;0
1370;105;8;-3.29455;1;0
1371;105;9;8.01654;1;0
1372;105;10;-9.81764;1;0
1373;105;11;-1.92164;1;0
1374;16;106;-0.470573;1;0
1375;106;106;-7.92451;1;0
1376;0;106;-9.90754;1;0
1377;1;106;3.64289;1;0
1378;2;106;2.60903;1;0
1379;3;106;2.78099;1;0
1380;4;106;-9.69789;1;0
1381;5;106;-2.70675;1;0
1382;6;106;-9.33955;1;0
1383;106;7;9.85651;1;0
1384;106;8;-9.51891;1;0
1385;106;9;0.0218049;1;0
1386;106;10;2.42937;1;0
1387;106;11;0.549901;1;0
1388;16;107;4.77113;1;0
1389;107;107;-3.72212;1;0
1390;0;107;-9.46317;1;0
1391;1;107;-9.48645;1;0
1392;2;107;-3.49133;1;0
1393;3;107;-0.324952;1;0
1394;4;107;0.276594;1;0
1395;5;107;9.87043;1;0
1396;6;107;5.8114;1;0
1397;107;7;-8.41933;1;0
1398;107;8;9.20056;1;0
1399;107;9;9.14715;1;0
1400;107;10;-6.18328;1;0
1401;107;11;-3.98597;1;0
1402;29;108;4.82437;1;0
1403;33;108;-2.13432;1;0
1404;101;108;-7.7409;1;0
1405;108;108;1.22233;1;0
1406;0;108;4.02562;1;0
1407;1;108;-0.051204;1;0
1408;2;108;-2.29978;1;0
1409;3;108;-3.84377;1;0
1410;4;108;-7.38884;1;0
1411;5;108;-4.55066;1;0
1412;6;108;2.83557;1;0
1413;108;7;5.5815;1;0
1414;108;8;9.36943;1;0
1415;108;9;-0.834086;1;0
1416;108;10;9.36877;1;0
1417;108;11;-5.72698;1;0
1418;16;109;-8.76931;1;0
1419;109;109;6.97526;1;0
1420;0;109;-9.95041;1;0
1421;1;109;3.96115;1;0
1422;2;109;9.49669;1;0
1423;3;109;-3.78627;1;0
1424;4;109;-5.86848;1;0
1425;5;109;3.09237;1;0
1426;6;109;-0.0627368;1;0
1427;109;7;-2.4068;1;0
1428;109;8;-5.64404;1;0
1429;109;9;-2.5603;1;0
1430;109;10;6.7482;1;0
1431;109;11;6.00368;1;0
1432;29;110;-6.93974;1;0
1433;33;110;-4.0878;1;0
1434;101;110;-6.06106;1;0
1435;110;110;-8.16197;1;0
1436;0;110;-5.06499;1;0
1437;1;110;-5.40918;1;0
1438;2;110;4.76797;1;0
1439;3;110;8.22554;1;0
1440;4;110;-0.883117;1;0
1441;5;110;2.62652;1;0
1442;6;110;1.72138;1;0
1443;110;7;3.98169;1;0
1444;110;8;-2.02542;1;0
1445;110;9;-6.60048;1;0
1446;110;10;3.60292;1;0
1447;110;11;-8.54134;1;0
1448;18;111;-7.11029;1;0
1449;54;111;8.22636;1;0
1450;58;111;-5.63224;1;0
1451;111;111;-8.95833;1;0
1452;0;111;-6.7507;1;0
1453;1;111;3.584;1;0
1454;2;111;9.47913;1;0
1455;3;111;-6.01;1;0
1456;4;111;-0.527903;1;0
1457;5;111;-9.05059;1;0
1458;6;111;-4.05522;1;0
1459;111;7;6.03525;1;0
1460;111;8;-6.84397;1;0
1461;111;9;-9.67475;1;0
1462;111;10;-5.47187;1;0
1463;111;11;-8.73396;1;0
1464;18;112;1.80094;1;0
1465;54;112;9.81755;1;0
1466;58;112;6.50303;1;0
1467;112;112;-1.63963;1;0
1468;0;112;6.05255;1;0
1469;1;112;-0.481916;1;0
1470;2;112;-1.15263;1;0
1471;3;112;-4.85894;1;0
1472;4;112;9.50721;1;0
1473;5;112;-5.62821;1;0
1474;6;112;1.05851;1;0
1475;112;7;3.98131;1;0
1476;112;8;5.67636;1;0
1477;112;9;9.78717;1;0
1478;112;10;-3.487;1;0
1479;112;11;-0.761459;1;0
1480;16;113;-5.71199;1;0
1481;109;113;2.41725;1;0
1482;113;113;-2.86963;1;0
1483;0;113;-3.05181;1;0
1484;1;113;8.85057;1;0
1485;2;113;0.124414;1;0
1486;3;113;7.10665;1;0
1487;4;113;8.70655;1;0
1488;5;113;-5.94646;1;0
1489;6;113;7.68939;1;0
1490;113;7;6.59247;1;0
1491;113;8;3.03886;1;0
1492;113;9;-1.61633;1;0
1493;113;10;-5.85409;1;0
1494;113;11;6.22647;1;0
1495;29;114;1.04969;1;0
1496;33;114;4.09845;1;0
1497;101;114;-3.81007;1;0
1498;114;114;-3.80519;1;0
1499;0;114;-0.939224;1;0
1500;1;114;6.57832;1;0
1501;2;114;-3.04488;1;0
1502;3;114;-8.69857;1;0
1503;4;114;-0.618401;1;0
1504;5;114;-8.98077;1;0
1505;6;114;3.28035;1;0
1506;114;7;8.33648;1;0
1507;114;8;4.55816;1;0
1508;114;9;4.52313;1;0
1509;114;10;-6.1286;1;0
1510;114;11;-4.70751;1;0
1511;29;115;-9.40153;1;0
1512;33;115;2.74465;1;0
1513;101;115;-4.32147;1;0
1514;115;115;5.54114;1;0
1515;0;115;3.90882;1;0
1516;1;115;-8.55626;1;0
1517;2;115;3.89336;1;0
1518;3;115;2.64628;1;0
1519;4;115;8.83857;1;0
1520;5;115;7.13978;1;0
1521;6;115;-0.329103;1;0
1522;115;7;-9.65901;1;0
1523;115;8;-4.17357;1;0
1524;115;9;-6.44246;1;0
1525;115;10;-5.7422;1;0
1526;115;11;-2.37558;1;0
1527;18;116;2.95515;1;0
1528;54;116;8.36733;1;0
1529;58;116;4.56919;1;0
1530;116;116;-8.03853;1;0
1531;0;116;-7.5446;1;0
1532;1;116;-3.59158;1;0
1533;2;116;4.23005;1;0
1534;3;116;3.17475;1;0
1535;4;116;-3.71045;1;0
1536;5;116;9.47467;1;0
1537;6;116;3.88399;1;0
1538;116;7;9.42091;1;0
1539;116;8;-9.53478;1;0
1540;116;9;4.817;1;0
1541;116;10;9.39347;1;0
1542;116;11;-0.936486;1;0
1543;16;117;-4.23187;1;0
1544;117;117;1.09188;1;0
1545;0;117;-1.32794;1;0
1546;1;117;2.96147;1;0
1547;2;117;9.53206;1;0
1548;3;117;0.870363;1;0
1549;4;117;8.41793;1;0
1550;5;117;-9.7378;1;0
1551;6;117;-4.26624;1;0
1552;117;7;8.08016;1;0
1553;117;8;2.54823;1;0
1554;117;9;7.69454;1;0
1555;117;10;-9.17187;1;0
1556;117;11;7.67968;1;0
1557;16;118;-0.623572;1;0
1558;118;118;2.26591;1;0
1559;0;118;6.35046;1;0
1560;1;118;3.63558;1;0
1561;2;118;2.85558;1;0
1562;3;118;1.13731;1;0
1563;4;118;2.53432;1;0
1564;5;118;3.11999;1;0
1565;6;118;-7.72809;1;0
1566;118;7;0.0922075;1;0
1567;118;8;5.9428;1;0
1568;118;9;-4.80679;1;0
1569;118;10;-8.45537;1;0
1570;118;11;3.45297;1;0
1571;16;119;6.72754;1;0
1572;119;119;-6.40697;1;0
1573;0;119;0.980952;1;0
1574;1;119;-3.322;1;0
1575;2;119;-3.29132;1;0
1576;3;119;-2.13865;1;0
1577;4;119;1.07087;1;0
1578;5;119;8.85435;1;0
1579;6;119;-1.20966;1;0
1580;119;7;-4.17424;1;0
1581;119;8;1.84281;1;0
1582;119;9;-1.74271;1;0
1583;119;10;-8.77774;1;0
1584;119;11;9.17666;1;0
1585;16;120;1.62754;1;0
1586;117;120;-8.93715;1;0
1587;120;120;4.84454;1;0
1588;0;120;-7.84528;1;0
1589;1;120;3.94922;1;0
1590;2;120;1.61284;1;0
1591;3;120;1.85743;1;0
1592;4;120;-1.7597;1;0
1593;5;120;-5.93723;1;0
1594;6;120;-8.15755;1;0
1595;120;7;-0.463271;1;0
1596;120;8;-7.57671;1;0
1597;120;9;8.82823;1;0
1598;120;10;9.64003;1;0
1599;120;11;-6.02422;1;0
0
22
22
62.2694;0
76
0;0;7;10.9978;1;1
1;0;8;4.60782;1;1
2;0;9;10.892;1;1
3;0;10;11.0735;1;1
4;0;11;-5.41558;1;1
5;1;7;10.3234;1;1
6;1;8;-0.887633;1;1
7;1;9;-5.48239;1;1
8;1;10;13.9529;1;1
9;1;11;-10.3395;1;1
10;2;7;5.7795;1;1
11;2;8;4.96362;1;1
12;2;9;-4.6969;1;1
13;2;10;3.46017;1;1
14;2;11;8.36766;1;1
15;3;7;-1.25915;1;1
16;3;8;-2.49107;1;1
17;3;9;-6.97519;1;1
18;3;10;-2.1664;1;1
19;3;11;-2.03059;1;1
20;4;7;-1.51429;1;1
21;4;8;-9.45749;1;1
22;4;9;2.97164;1;1
23;4;10;-4.21952;1;1
24;4;11;8.51526;1;1
25;5;7;0.993045;1;1
26;5;8;1.99642;1;1
27;5;9;2.77943;1;1
28;5;10;-1.54556;1;1
29;5;11;7.30392;1;1
30;6;7;-6.62898;1;1
31;6;8;4.88958;1;1
32;6;9;7.96611;1;1
33;6;10;-1.74919;1;1
34;6;11;9.0922;1;1
249;0;29;3.61428;1;1
250;1;29;-0.509525;1;1
251;2;29;5.73886;1;1
252;3;29;-12.1415;1;1
253;4;29;-1.61866;1;1
254;5;29;-2.91488;1;1
255;6;29;6.71032;1;1
256;29;7;7.23354;1;1
257;29;8;-9.51585;1;1
258;29;9;1.81577;1;1
259;29;10;9.26746;1;1
260;29;11;5.19718;1;1
303;29;33;-2.90737;1;1
304;33;33;-7.90857;1;1
305;0;33;-1.30991;1;1
306;1;33;-2.35072;1;1
307;2;33;-6.87439;1;1
308;3;33;-3.74076;1;1
309;4;33;1.84706;1;1
310;5;33;-1.93842;1;1
311;6;33;2.04199;1;1
312;33;7;-1.52814;1;1
313;33;8;-1.08208;1;1
314;33;9;-7.98829;1;1
315;33;10;5.55805;1;1
316;33;11;6.80336;1;1
1299;29;101;-8.51249;1;0
1300;33;101;-3.90276;1;0
1301;101;101;-5.8007;1;1
1302;0;101;3.33657;1;1
1303;1;101;-4.17167;1;0
1304;2;101;9.01498;1;1
1305;3;101;8.81164;1;1
1306;4;101;5.66955;1;0
1307;5;101;-3.79165;1;0
1308;6;101;8.85581;1;0
1309;101;7;1.1859;1;0
1310;101;8;-10.1189;1;0
1311;101;9;7.13591;1;0
1312;101;10;2.14413;1;0
1313;101;11;9.31933;1;0
83.2257;0
76
0;0;7;10.9978;1;1
1;0;8;4.60782;1;1
2;0;9;10.892;1;1
3;0;10;11.0735;1;1
4;0;11;-5.41558;1;1
5;1;7;10.3234;1;1
6;1;8;-0.887633;1;1
7;1;9;-5.48239;1;1
8;1;10;13.9529;1;1
9;1;11;-10.3395;1;1
10;2;7;5.7795;1;1
11;2;8;4.96362;1;1
12;2;9;-4.6969;1;1
13;2;10;3.46017;1;1
14;2;11;8.36766;1;1
15;3;7;-1.25915;1;1
16;3;8;-2.49107;1;1
17;3;9;-6.97519;1;1
18;3;10;-2.1664;1;1
19;3;11;-2.03059;1;1
20;4;7;-1.51429;1;1
21;4;8;-9.45749;1;1
22;4;9;2.97164;1;1
23;4;10;-4.21952;1;1
24;4;11;8.51526;1;1
25;5;7;0.993045;1;1
26;5;8;1.99642;1;1
27;5;9;2.77943;1;1
28;5;10;-1.54556;1;1
29;5;11;7.30392;1;1
30;6;7;-6.62898;1;1
31;6;8;4.88958;1;1
32;6;9;7.96611;1;1
33;6;10;-1.74919;1;1
34;6;11;9.0922;1;1
249;0;29;3.61428;1;1
250;1;29;-0.509525;1;1
251;2;29;5.73886;1;1
252;3;29;-12.1415;1;1
253;4;29;-1.61866;1;1
254;5;29;-2.91488;1;1
255;6;29;6.71032;1;1
256;29;7;7.23354;1;1
257;29;8;-9.51585;1;1
258;29;9;1.81577;1;1
259;29;10;9.26746;1;1
260;29;11;5.19718;1;1
303;29;33;-2.90737;1;1
304;33;33;-7.90857;1;1
305;0;33;-1.30991;1;1
306;1;33;-2.35072;1;1
307;2;33;-6.87439;1;1
308;3;33;-3.74076;1;1
309;4;33;1.84706;1;1
310;5;33;-1.93842;1;1
311;6;33;2.04199;1;1
312;33;7;-1.52814;1;1
313;33;8;-1.08208;1;1
314;33;9;-7.98829;1;1
315;33;10;5.55805;1;1
316;33;11;6.80336;1;1
1299;29;101;-9.08675;1;0
1300;33;101;-2.4164;1;0
1301;101;101;-5.8007;1;1
1302;0;101;3.33657;1;1
1303;1;101;-3.81052;1;0
1304;2;101;9.01498;1;1
1305;3;101;8.81164;1;1
1306;4;101;5.89214;1;0
1307;5;101;-7.28814;1;0
1308;6;101;7.73418;1;0
1309;101;7;0.96149;1;0
1310;101;8;-11.107;1;0
1311;101;9;5.54114;1;0
1312;101;10;2.14413;1;0
1313;101;11;7.2536;1;0
33.8002;0
76
0;0;7;10.9978;1;1
1;0;8;4.60782;1;1
2;0;9;10.892;1;1
3;0;10;11.0735;1;1
4;0;11;-5.41558;1;1
5;1;7;10.3234;1;1
6;1;8;-0.887633;1;1
7;1;9;-5.48239;1;1
8;1;10;13.9529;1;1
9;1;11;-10.3395;1;1
10;2;7;5.7795;1;1
11;2;8;4.96362;1;1
12;2;9;-4.6969;1;1
13;2;10;3.46017;1;1
14;2;11;8.36766;1;1
15;3;7;-1.25915;1;1
16;3;8;-2.49107;1;1
17;3;9;-6.97519;1;1
18;3;10;-2.1664;1;1
19;3;11;-2.03059;1;1
20;4;7;-1.51429;1;1
21;4;8;-9.45749;1;1
22;4;9;2.97164;1;1
23;4;10;-4.21952;1;1
24;4;11;8.51526;1;1
25;5;7;0.993045;1;1
26;5;8;1.99642;1;1
27;5;9;2.77943;1;1
28;5;10;-1.54556;1;1
29;5;11;7.30392;1;1
30;6;7;-6.62898;1;1
31;6;8;4.88958;1;1
32;6;9;7.96611;1;1
33;6;10;-1.74919;1;1
34;6;11;9.0922;1;1
249;0;29;3.61428;1;1
250;1;29;-0.509525;1;1
251;2;29;5.73886;1;1
252;3;29;-12.1415;1;1
253;4;29;-1.61866;1;1
254;5;29;-2.91488;1;1
255;6;29;6.71032;1;1
256;29;7;7.23354;1;1
257;29;8;-9.51585;1;1
258;29;9;1.81577;1;1
259;29;10;9.26746;1;1
260;29;11;5.19718;1;1
303;29;33;-2.90737;1;1
304;33;33;-7.90857;1;1
305;0;33;-1.30991;1;1
306;1;33;-2.35072;1;1
307;2;33;-6.87439;1;1
308;3;33;-3.74076;1;1
309;4;33;1.84706;1;1
310;5;33;-1.93842;1;1
311;6;33;2.04199;1;1
312;33;7;-1.52814;1;1
313;33;8;-1.08208;1;1
314;33;9;-7.98829;1;1
315;33;10;5.55805;1;1
316;33;11;6.80336;1;1
1299;29;101;-5.90555;1;0
1300;33;101;-3.90276;1;0
1301;101;101;-5.8007;1;1
1302;0;101;3.33657;1;1
1303;1;101;-6.4068;1;0
1304;2;101;9.01498;1;1
1305;3;101;8.81164;1;1
1306;4;101;6.88748;1;0
1307;5;101;-5.92871;1;0
1308;6;101;6.87441;1;0
1309;101;7;0.314985;1;0
1310;101;8;-11.4302;1;0
1311;101;9;9.92206;1;0
1312;101;10;2.14413;1;0
1313;101;11;9.31933;1;0
52.3462;0
76
0;0;7;10.9978;1;1
1;0;8;4.60782;1;1
2;0;9;10.892;1;1
3;0;10;11.0735;1;1
4;0;11;-5.41558;1;1
5;1;7;10.3234;1;1
6;1;8;-0.887633;1;1
7;1;9;-5.48239;1;1
8;1;10;13.9529;1;1
9;1;11;-10.3395;1;1
10;2;7;5.7795;1;1
11;2;8;4.96362;1;1
12;2;9;-4.6969;1;1
13;2;10;3.46017;1;1
14;2;11;8.36766;1;1
15;3;7;-1.25915;1;1
16;3;8;-2.49107;1;1
17;3;9;-6.97519;1;1
18;3;10;-2.1664;1;1
19;3;11;-2.03059;1;1
20;4;7;-1.51429;1;1
21;4;8;-9.45749;1;1
22;4;9;2.97164;1;1
23;4;10;-4.21952;1;1
24;4;11;8.51526;1;1
25;5;7;0.993045;1;1
26;5;8;1.99642;1;1
27;5;9;2.77943;1;1
28;5;10;-1.54556;1;1
29;5;11;7.30392;1;1
30;6;7;-6.62898;1;1
31;6;8;4.88958;1;1
32;6;9;7.96611;1;1
33;6;10;-1.74919;1;1
34;6;11;9.0922;1;1
249;0;29;3.61428;1;1
250;1;29;-0.509525;1;1
251;2;29;5.73886;1;1
252;3;29;-12.1415;1;1
253;4;29;-1.61866;1;1
254;5;29;-2.91488;1;1
255;6;29;6.71032;1;1
256;29;7;7.23354;1;1
257;29;8;-9.51585;1;1
258;29;9;1.81577;1;1
259;29;10;9.26746;1;1
260;29;11;5.19718;1;1
303;29;33;-2.90737;1;1
304;33;33;-7.90857;1;1
305;0;33;-1.30991;1;1
306;1;33;-2.35072;1;1
307;2;33;-6.87439;1;1
308;3;33;-3.74076;1;1
309;4;33;1.84706;1;1
310;5;33;-1.93842;1;1
311;6;33;2.04199;1;1
312;33;7;-1.52814;1;1
313;33;8;-1.08208;1;1
314;33;9;-7.98829;1;1
315;33;10;5.55805;1;1
316;33;11;6.80336;1;1
1299;29;101;-6.35658;1;0
1300;33;101;-3.90276;1;0
1301;101;101;-5.8007;1;1
1302;0;101;3.33657;1;1
1303;1;101;-4.60893;1;0
1304;2;101;9.01498;1;1
1305;3;101;8.81164;1;1
1306;4;101;3.33458;1;0
1307;5;101;-5.16559;1;0
1308;6;101;10.2314;1;0
1309;101;7;-0.358619;1;0
1310;101;8;-7.37481;1;0
1311;101;9;7.13591;1;0
1312;101;10;1.63352;1;0
1313;101;11;9.31933;1;0
83.2257;0
76
0;0;7;10.9978;1;1
1;0;8;4.60782;1;1
2;0;9;10.892;1;1
3;0;10;11.0735;1;1
4;0;11;-5.41558;1;1
5;1;7;10.3234;1;1
6;1;8;-0.887633;1;1
7;1;9;-5.48239;1;1
8;1;10;13.9529;1;1
9;1;11;-10.3395;1;1
10;2;7;5.7795;1;1
11;2;8;4.96362;1;1
12;2;9;-4.6969;1;1
13;2;10;3.46017;1;1
14;2;11;8.36766;1;1
15;3;7;-1.25915;1;1
16;3;8;-2.49107;1;1
17;3;9;-6.97519;1;1
18;3;10;-2.1664;1;1
19;3;11;-2.03059;1;1
20;4;7;-1.51429;1;1
21;4;8;-9.45749;1;1
22;4;9;2.97164;1;1
23;4;10;-4.21952;1;1
24;4;11;8.51526;1;1
25;5;7;0.993045;1;1
26;5;8;1.99642;1;1
27;5;9;2.77943;1;1
28;5;10;-1.54556;1;1
29;5;11;7.30392;1;1
30;6;7;-6.62898;1;1
31;6;8;4.88958;1;1
32;6;9;7.96611;1;1
33;6;10;-1.74919;1;1
34;6;11;9.0922;1;1
249;0;29;3.61428;1;1
250;1;29;-0.509525;1;1
251;2;29;5.73886;1;1
252;3;29;-12.1415;1;1
253;4;29;-1.61866;1;1
254;5;29;-2.91488;1;1
255;6;29;6.71032;1;1
256;29;7;7.23354;1;1
257;29;8;-9.51585;1;1
258;29;9;1.81577;1;1
259;29;10;9.26746;1;1
260;29;11;5.19718;1;1
303;29;33;-2.90737;1;1
304;33;33;-7.90857;1;1
305;0;33;-1.30991;1;1
306;1;33;-2.35072;1;1
307;2;33;-6.87439;1;1
308;3;33;-3.74076;1;1
309;4;33;1.84706;1;1
310;5;33;-1.93842;1;1
311;6;33;2.04199;1;1
312;33;7;-1.52814;1;1
313;33;8;-1.08208;1;1
314;33;9;-7.98829;1;1
315;33;10;5.55805;1;1
316;33;11;6.80336;1;1
1299;29;101;-6.35332;1;0
1300;33;101;-3.90276;1;0
1301;101;101;-5.8007;1;1
1302;0;101;3.33657;1;1
1303;1;101;-4.17167;1;0
1304;2;101;9.01498;1;1
1305;3;101;8.81164;1;1
1306;4;101;4.0226;1;0
1307;5;101;-5.92871;1;0
1308;6;101;8.42827;1;0
1309;101;7;1.50428;1;0
1310;101;8;-10.1189;1;0
1311;101;9;7.13591;1;0
1312;101;10;2.14413;1;0
1313;101;11;9.31933;1;0
128.891;0
76
0;0;7;10.9978;1;1
1;0;8;4.60782;1;1
2;0;9;10.892;1;1
3;0;10;11.0735;1;1
4;0;11;-5.41558;1;1
5;1;7;10.3234;1;1
6;1;8;-0.887633;1;1
7;1;9;-5.48239;1;1
8;1;10;13.9529;1;1
9;1;11;-10.3395;1;1
10;2;7;5.7795;1;1
11;2;8;4.96362;1;1
12;2;9;-4.6969;1;1
13;2;10;3.46017;1;1
14;2;11;8.36766;1;1
15;3;7;-1.25915;1;1
16;3;8;-2.49107;1;1
17;3;9;-6.97519;1;1
18;3;10;-2.1664;1;1
19;3;11;-2.03059;1;1
20;4;7;-1.51429;1;1
21;4;8;-9.45749;1;1
22;4;9;2.97164;1;1
23;4;10;-4.21952;1;1
24;4;11;8.51526;1;1
25;5;7;0.993045;1;1
26;5;8;1.99642;1;1
27;5;9;2.77943;1;1
28;5;10;-1.54556;1;1
29;5;11;7.30392;1;1
30;6;7;-6.62898;1;1
31;6;8;4.88958;1;1
32;6;9;7.96611;1;1
33;6;10;-1.74919;1;1
34;6;11;9.0922;1;1
249;0;29;3.61428;1;1
250;1;29;-0.509525;1;1
251;2;29;5.73886;1;1
252;3;29;-12.1415;1;1
253;4;29;-1.61866;1;1
254;5;29;-2.91488;1;1
255;6;29;6.71032;1;1
256;29;7;7.23354;1;1
257;29;8;-9.51585;1;1
258;29;9;1.81577;1;1
259;29;10;9.26746;1;1
260;29;11;5.19718;1;1
303;29;33;-2.90737;1;1
304;33;33;-7.90857;1;1
305;0;33;-1.30991;1;1
306;1;33;-2.35072;1;1
307;2;33;-6.87439;1;1
308;3;33;-3.74076;1;1
309;4;33;1.84706;1;1
310;5;33;-1.93842;1;1
311;6;33;2.04199;1;1
312;33;7;-1.52814;1;1
313;33;8;-1.08208;1;1
314;33;9;-7.98829;1;1
315;33;10;5.55805;1;1
316;33;11;6.80336;1;1
1299;29;101;-6.9625;1;0
1300;33;101;-1.64071;1;0
1301;101;101;-5.8007;1;1
1302;0;101;3.33657;1;1
1303;1;101;-6.07263;1;0
1304;2;101;9.01498;1;1
1305;3;101;8.81164;1;1
1306;4;101;2.91105;1;0
1307;5;101;-7.05946;1;0
1308;6;101;9.35008;1;0
1309;101;7;1.50428;1;0
1310;101;8;-9.30814;1;0
1311;101;9;4.60694;0;0
1312;101;10;3.24613;1;0
1313;101;11;11.3938;1;0
25.2892;0
76
0;0;7;10.9978;1;1
1;0;8;4.60782;1;1
2;0;9;10.892;1;1
3;0;10;11.0735;1;1
4;0;11;-5.41558;1;1
5;1;7;10.3234;1;1
6;1;8;-0.887633;1;1
7;1;9;-5.48239;1;1
8;1;10;13.9529;1;1
9;1;11;-10.3395;1;1
10;2;7;5.7795;1;1
11;2;8;4.96362;1;1
12;2;9;-4.6969;1;1
13;2;10;3.46017;1;1
14;2;11;8.36766;1;1
15;3;7;-1.25915;1;1
16;3;8;-2.49107;1;1
17;3;9;-6.97519;1;1
18;3;10;-2.1664;1;1
19;3;11;-2.03059;1;1
20;4;7;-1.51429;1;1
21;4;8;-9.45749;1;1
22;4;9;2.97164;1;1
23;4;10;-4.21952;1;1
24;4;11;8.51526;1;1
25;5;7;0.993045;1;1
26;5;8;1.99642;1;1
27;5;9;2.77943;1;1
28;5;10;-1.54556;1;1
29;5;11;7.30392;1;1
30;6;7;-6.62898;1;1
31;6;8;4.88958;1;1
32;6;9;7.96611;1;1
33;6;10;-1.74919;1;1
34;6;11;9.0922;1;1
249;0;29;3.61428;1;1
250;1;29;-0.509525;1;1
251;2;29;5.73886;1;1
252;3;29;-12.1415;1;1
253;4;29;-1.61866;1;1
254;5;29;-2.91488;1;1
255;6;29;6.71032;1;1
256;29;7;7.23354;1;1
257;29;8;-9.51585;1;1
258;29;9;1.81577;1;1
259;29;10;9.26746;1;1
260;29;11;5.19718;1;1
303;29;33;-2.90737;1;1
304;33;33;-7.90857;1;1
305;0;33;-1.30991;1;1
306;1;33;-2.35072;1;1
307;2;33;-6.87439;1;1
308;3;33;-3.74076;1;1
309;4;33;1.84706;1;1
310;5;33;-1.93842;1;1
311;6;33;2.04199;1;1
312;33;7;-1.52814;1;1
313;33;8;-1.08208;1;1
314;33;9;-7.98829;1;1
315;33;10;5.55805;1;1
316;33;11;6.80336;1;1
1299;29;101;-6.35332;1;0
1300;33;101;-3.90276;1;0
1301;101;101;-5.8007;1;1
1302;0;101;3.33657;1;1
1303;1;101;-6.22451;1;0
1304;2;101;9.01498;1;1
1305;3;101;8.81164;1;1
1306;4;101;4.0226;1;0
1307;5;101;-4.31574;1;0
1308;6;101;8.42827;1;0
1309;101;7;1.50428;1;0
1310;101;8;-10.6633;1;0
1311;101;9;7.21874;1;0
1312;101;10;2.14413;1;0
1313;101;11;7.25754;1;0
83.2257;0
92
0;0;7;10.3509;1;1
1;0;8;16.065;1;1
2;0;9;10.892;1;1
3;0;10;11.0735;1;1
4;0;11;5.07443;1;1
5;1;7;10.3234;1;1
6;1;8;10.1926;1;1
7;1;9;10.1722;1;1
8;1;10;13.9529;1;1
9;1;11;-10.3395;1;1
10;2;7;9.13165;1;1
11;2;8;-1.07325;1;1
12;2;9;-1.05435;1;1
13;2;10;-8.79753;1;1
14;2;11;-3.09059;1;1
15;3;7;-1.25915;1;1
16;3;8;-1.93044;1;1
17;3;9;-6.97519;1;1
18;3;10;-7.77891;1;1
19;3;11;-5.40877;1;1
20;4;7;7.1263;1;1
21;4;8;-9.45749;1;1
22;4;9;3.2109;1;1
23;4;10;-6.45038;1;1
24;4;11;-2.77902;1;1
25;5;7;0.993045;1;1
26;5;8;-8.34231;1;1
27;5;9;9.54924;1;1
28;5;10;1.62845;1;1
29;5;11;7.30392;1;1
30;6;7;-6.62898;1;1
31;6;8;-1.86608;1;1
32;6;9;7.96611;1;1
33;6;10;-2.58214;1;1
34;6;11;9.0922;1;1
107;0;18;-6.66818;1;1
108;1;18;-1.61932;1;1
109;2;18;-0.973244;1;1
110;3;18;0.405392;1;1
111;4;18;0.0325754;1;1
112;5;18;-0.059539;1;1
113;6;18;12.0239;1;1
114;18;7;-9.07086;1;1
115;18;8;1.97795;1;1
116;18;9;9.15509;1;1
117;18;10;1.98262;1;1
118;18;11;-1.49808;1;1
599;18;54;-1.18277;1;1
600;54;54;-4.05185;1;1
601;0;54;-2.5908;1;1
602;1;54;-1.2457;1;1
603;2;54;-0.899519;1;1
604;3;54;2.25098;1;1
605;4;54;-3.56979;1;1
606;5;54;9.51036;1;1
607;6;54;12.774;1;1
608;54;7;1.181;1;1
609;54;8;6.12596;1;1
610;54;9;-8.17833;1;1
611;54;10;6.55364;1;1
612;54;11;-0.733639;1;1
656;18;58;10.4009;0;1
657;54;58;7.34975;1;1
658;58;58;-9.66038;1;1
659;0;58;1.40895;0;1
660;1;58;-7.02438;1;1
661;2;58;5.49512;1;1
662;3;58;-1.34105;1;1
663;4;58;4.45296;1;1
664;5;58;5.848;0;1
665;6;58;8.05639;1;1
666;58;7;-4.54207;1;1
667;58;8;9.83647;1;1
668;58;9;-6.07684;1;1
669;58;10;9.15212;1;1
670;58;11;9.80775;0;1
1527;18;116;2.95515;1;0
1528;54;116;8.36733;1;0
1529;58;116;4.56919;1;0
1530;116;116;-5.93587;1;0
1531;0;116;-7.5446;1;0
1532;1;116;-3.59158;1;0
1533;2;116;4.23005;1;0
1534;3;116;3.17475;1;0
1535;4;116;-3.61914;1;0
1536;5;116;9.47467;1;0
1537;6;116;3.88399;1;0
1538;116;7;12.0451;1;0
1539;116;8;-12.015;1;0
1540;116;9;4.817;1;0
1541;116;10;9.39347;1;0
1542;116;11;-0.936486;1;0
25.2892;0
92
0;0;7;10.3509;1;1
1;0;8;16.065;1;1
2;0;9;10.892;1;1
3;0;10;11.0735;1;1
4;0;11;5.07443;1;1
5;1;7;10.3234;1;1
6;1;8;10.1926;1;1
7;1;9;10.1722;1;1
8;1;10;13.9529;1;1
9;1;11;-10.3395;1;1
10;2;7;9.13165;1;1
11;2;8;-1.07325;1;1
12;2;9;-1.05435;1;1
13;2;10;-8.79753;1;1
14;2;11;-3.09059;1;1
15;3;7;-1.25915;1;1
16;3;8;-1.93044;1;1
17;3;9;-6.97519;1;1
18;3;10;-7.77891;1;1
19;3;11;-5.40877;1;1
20;4;7;7.1263;1;1
21;4;8;-9.45749;1;1
22;4;9;3.2109;1;1
23;4;10;-6.45038;1;1
24;4;11;-2.77902;1;1
25;5;7;0.993045;1;1
26;5;8;-8.34231;1;1
27;5;9;9.54924;1;1
28;5;10;1.62845;1;1
29;5;11;7.30392;1;1
30;6;7;-6.62898;1;1
31;6;8;-1.86608;1;1
32;6;9;7.96611;1;1
33;6;10;-2.58214;1;1
34;6;11;9.0922;1;1
107;0;18;-6.66818;1;1
108;1;18;-1.61932;1;1
109;2;18;-0.973244;0;1
110;3;18;0.405392;1;1
111;4;18;0.0325754;1;1
112;5;18;-0.059539;1;1
113;6;18;12.0239;1;1
114;18;7;-9.07086;1;1
115;18;8;1.97795;1;1
116;18;9;9.15509;1;1
117;18;10;1.98262;1;1
118;18;11;-1.49808;1;1
599;18;54;-1.18277;1;1
600;54;54;-4.05185;1;1
601;0;54;-2.5908;1;1
602;1;54;-1.2457;1;1
603;2;54;-0.899519;1;1
604;3;54;2.25098;1;1
605;4;54;-3.56979;1;1
606;5;54;9.51036;1;1
607;6;54;12.774;1;1
608;54;7;1.181;1;1
609;54;8;6.12596;1;1
610;54;9;-8.17833;1;1
611;54;10;6.55364;1;1
612;54;11;-0.733639;1;1
656;18;58;10.4009;0;1
657;54;58;-8.56172;1;0
658;58;58;-9.66038;1;1
659;0;58;1.40895;0;1
660;1;58;-7.02438;1;1
661;2;58;5.49512;1;1
662;3;58;-1.34105;1;1
663;4;58;4.45296;1;1
664;5;58;5.848;0;1
665;6;58;8.05639;1;1
666;58;7;-4.54207;1;1
667;58;8;9.83647;1;1
668;58;9;-6.07684;1;1
669;58;10;-5.93621;1;0
670;58;11;-0.073674;0;0
1527;18;116;0.00968391;1;0
1528;54;116;8.36733;1;0
1529;58;116;4.56919;1;0
1530;116;116;-8.03853;1;0
1531;0;116;-7.5446;1;0
1532;1;116;-3.72414;1;0
1533;2;116;4.23005;1;0
1534;3;116;3.17475;1;0
1535;4;116;-2.50291;1;0
1536;5;116;9.47467;1;0
1537;6;116;3.88399;1;0
1538;116;7;10.9218;1;0
1539;116;8;-9.53478;1;0
1540;116;9;4.817;1;0
1541;116;10;9.39347;1;0
1542;116;11;-0.981683;1;0
62.2694;0
92
0;0;7;10.3509;1;1
1;0;8;16.065;1;1
2;0;9;10.892;1;1
3;0;10;11.0735;1;1
4;0;11;5.07443;1;1
5;1;7;10.3234;1;1
6;1;8;10.1926;1;1
7;1;9;10.1722;1;1
8;1;10;13.9529;1;1
9;1;11;-10.3395;1;1
10;2;7;9.13165;1;1
11;2;8;-1.07325;1;1
12;2;9;-1.05435;1;1
13;2;10;-8.79753;1;1
14;2;11;-3.09059;1;1
15;3;7;-1.25915;1;1
16;3;8;-1.93044;1;1
17;3;9;-6.97519;1;1
18;3;10;-7.77891;1;1
19;3;11;-5.40877;1;1
20;4;7;7.1263;1;1
21;4;8;-9.45749;1;1
22;4;9;3.2109;1;1
23;4;10;-6.45038;1;1
24;4;11;-2.77902;1;1
25;5;7;0.993045;1;1
26;5;8;-8.34231;1;1
27;5;9;9.54924;1;1
28;5;10;1.62845;1;1
29;5;11;7.30392;1;1
30;6;7;-6.62898;1;1
31;6;8;-1.86608;1;1
32;6;9;7.96611;1;1
33;6;10;-2.58214;1;1
34;6;11;9.0922;1;1
107;0;18;-6.66818;1;1
108;1;18;-1.61932;1;1
109;2;18;-0.973244;1;1
110;3;18;0.405392;1;1
111;4;18;0.0325754;1;1
112;5;18;-0.059539;1;1
113;6;18;12.0239;1;1
114;18;7;-9.07086;1;1
115;18;8;1.97795;1;1
116;18;9;9.15509;1;1
117;18;10;1.98262;1;1
118;18;11;-1.49808;1;1
599;18;54;-1.18277;1;1
600;54;54;-4.05185;1;1
601;0;54;-2.5908;1;1
602;1;54;-1.2457;1;1
603;2;54;-0.899519;1;1
604;3;54;2.25098;1;1
605;4;54;-3.56979;1;1
606;5;54;9.51036;1;1
607;6;54;12.774;1;1
608;54;7;1.181;1;1
609;54;8;6.12596;1;1
610;54;9;-8.17833;1;1
611;54;10;6.55364;1;1
612;54;11;-0.733639;1;1
656;18;58;10.4009;0;1
657;54;58;7.34975;1;1
658;58;58;-9.66038;1;1
659;0;58;1.40895;0;1
660;1;58;-7.02438;1;1
661;2;58;5.49512;1;1
662;3;58;-1.34105;1;1
663;4;58;4.45296;1;1
664;5;58;5.848;0;1
665;6;58;8.05639;1;1
666;58;7;-4.54207;1;1
667;58;8;9.83647;1;1
668;58;9;-6.07684;1;1
669;58;10;9.15212;1;1
670;58;11;9.80775;0;1
1527;18;116;2.95515;1;0
1528;54;116;8.36733;1;0
1529;58;116;4.56919;1;0
1530;116;116;-8.03853;1;0
1531;0;116;-7.5446;1;0
1532;1;116;-3.59158;1;0
1533;2;116;4.23005;1;0
1534;3;116;3.17475;1;0
1535;4;116;-6.17064;1;0
1536;5;116;9.47467;1;0
1537;6;116;3.88399;1;0
1538;116;7;9.42091;1;0
1539;116;8;-9.53478;1;0
1540;116;9;4.817;1;0
1541;116;10;9.39347;1;0
1542;116;11;-0.936486;1;0
25.2892;126.539
61
0;0;7;8.42015;1;1
1;0;8;-2.63087;1;1
2;0;9;-2.06317;1;1
3;0;10;1.53325;1;1
4;0;11;-5.98672;1;1
5;1;7;-0.340587;1;1
6;1;8;-6.19054;1;1
7;1;9;4.771;1;1
8;1;10;-4.03691;1;1
9;1;11;5.62004;1;1
10;2;7;7.46503;1;1
11;2;8;8.92187;1;1
12;2;9;7.54808;1;1
13;2;10;8.26265;1;1
14;2;11;6.34365;1;1
15;3;7;7.89402;1;1
16;3;8;6.35825;1;1
17;3;9;1.5732;1;1
18;3;10;-3.76403;1;1
19;3;11;0.978445;1;1
20;4;7;-8.00359;1;1
21;4;8;-2.5217;1;1
22;4;9;6.43481;1;1
23;4;10;-9.65653;1;1
24;4;11;-5.45171;1;1
25;5;7;5.51003;1;1
26;5;8;-8.07501;1;1
27;5;9;-7.75826;1;1
28;5;10;5.06418;1;1
29;5;11;-0.858331;1;1
30;6;7;-4.52486;1;1
31;6;8;8.53845;1;1
32;6;9;9.23932;1;1
33;6;10;-7.21654;1;1
34;6;11;7.27252;1;1
83;0;16;2.76565;1;0
84;1;16;-0.354762;1;0
85;2;16;-2.62903;1;0
86;3;16;3.68729;1;0
87;4;16;-9.79944;1;0
88;5;16;-1.23596;1;0
89;6;16;-10.8326;1;0
90;16;7;-5.66338;1;0
91;16;8;-8.71604;1;0
92;16;9;-6.92394;1;0
93;16;10;0.791483;1;0
94;16;11;-1.63867;1;0
1418;16;109;-6.64942;1;0
1419;109;109;8.22022;1;0
1420;0;109;-2.80597;1;0
1421;1;109;-7.15551;1;0
1422;2;109;4.15774;1;0
1423;3;109;-7.11146;1;0
1424;4;109;-6.3222;1;0
1425;5;109;0.473198;1;0
1426;6;109;9.0983;1;0
1427;109;7;1.30009;0;0
1428;109;8;7.26065;1;0
1429;109;9;-4.55994;1;0
1430;109;10;9.40069;1;0
1431;109;11;-4.58087;1;0
105.486;0
61
0;0;7;8.42015;1;1
1;0;8;-2.63087;1;1
2;0;9;-2.06317;1;1
3;0;10;1.53325;1;1
4;0;11;-5.98672;1;1
5;1;7;-0.340587;1;1
6;1;8;-6.19054;1;1
7;1;9;4.771;1;1
8;1;10;-4.03691;1;1
9;1;11;5.62004;1;1
10;2;7;7.46503;1;1
11;2;8;8.92187;1;1
12;2;9;7.54808;1;1
13;2;10;8.26265;1;1
14;2;11;6.34365;1;1
15;3;7;7.89402;1;1
16;3;8;6.35825;1;1
17;3;9;1.5732;1;1
18;3;10;-3.76403;1;1
19;3;11;0.978445;1;1
20;4;7;-8.00359;1;1
21;4;8;-2.5217;1;1
22;4;9;6.43481;1;1
23;4;10;-9.65653;1;1
24;4;11;-5.45171;1;1
25;5;7;5.51003;1;1
26;5;8;-8.07501;1;1
27;5;9;-7.75826;1;1
28;5;10;5.06418;1;1
29;5;11;-0.858331;1;1
30;6;7;-4.52486;1;1
31;6;8;8.53845;1;1
32;6;9;9.23932;1;1
33;6;10;-7.21654;1;1
34;6;11;7.27252;1;1
83;0;16;8.91079;1;1
84;1;16;-0.354762;1;1
85;2;16;-0.8746;1;1
86;3;16;-2.33323;1;1
87;4;16;-9.79944;1;1
88;5;16;9.71687;1;1
89;6;16;-9.16319;0;1
90;16;7;-4.73774;1;1
91;16;8;-11.421;1;1
92;16;9;-0.728529;1;1
93;16;10;3.06008;1;1
94;16;11;-13.6302;1;1
1571;16;119;6.72754;1;0
1572;119;119;-6.40697;1;0
1573;0;119;0.980952;1;0
1574;1;119;-3.322;1;0
1575;2;119;-3.29132;1;0
1576;3;119;-2.13865;1;0
1577;4;119;1.07087;1;0
1578;5;119;8.85435;1;0
1579;6;119;-1.20966;1;0
1580;119;7;-4.17424;1;0
1581;119;8;1.84281;1;0
1582;119;9;-1.74271;1;0
1583;119;10;-8.77774;1;0
1584;119;11;9.17666;1;0
52.3462;0
47
0;0;7;8.42015;1;1
1;0;8;-2.63087;1;1
2;0;9;-2.06317;1;1
3;0;10;1.53325;1;1
4;0;11;-5.98672;1;1
5;1;7;-0.340587;1;1
6;1;8;-6.19054;1;1
7;1;9;4.771;1;1
8;1;10;-4.03691;1;1
9;1;11;5.62004;1;1
10;2;7;7.46503;1;1
11;2;8;8.92187;1;1
12;2;9;7.54808;1;1
13;2;10;8.26265;1;1
14;2;11;6.34365;1;1
15;3;7;7.89402;1;1
16;3;8;6.35825;1;1
17;3;9;1.5732;1;1
18;3;10;-3.76403;1;1
19;3;11;0.978445;1;1
20;4;7;-8.00359;1;1
21;4;8;-2.5217;1;1
22;4;9;6.43481;1;1
23;4;10;-9.65653;1;1
24;4;11;-5.45171;1;1
25;5;7;5.51003;1;1
26;5;8;-8.07501;1;1
27;5;9;-7.75826;1;1
28;5;10;5.06418;1;1
29;5;11;-0.858331;1;1
30;6;7;-4.52486;1;1
31;6;8;8.53845;1;1
32;6;9;9.23932;1;1
33;6;10;-7.21654;1;1
34;6;11;7.27252;1;1
83;0;16;8.91079;1;0
84;1;16;-0.354762;1;0
85;2;16;-0.103963;1;0
86;3;16;-2.33323;1;0
87;4;16;-9.79944;1;0
88;5;16;9.71687;1;0
89;6;16;-9.16319;0;0
90;16;7;-4.73774;1;0
91;16;8;-11.421;1;0
92;16;9;-0.728529;1;0
93;16;10;3.06008;1;0
94;16;11;-13.6302;1;0
25.2892;0
61
0;0;7;8.42015;1;1
1;0;8;-2.63087;1;1
2;0;9;-2.06317;1;1
3;0;10;1.53325;1;1
4;0;11;-5.98672;1;1
5;1;7;-0.340587;1;1
6;1;8;-6.19054;1;1
7;1;9;4.771;1;1
8;1;10;-4.03691;1;1
9;1;11;5.62004;1;1
10;2;7;7.46503;1;1
11;2;8;8.92187;1;1
12;2;9;7.54808;1;1
13;2;10;8.26265;1;1
14;2;11;6.34365;1;1
15;3;7;7.89402;1;1
16;3;8;6.35825;1;1
17;3;9;1.5732;1;1
18;3;10;-3.76403;1;1
19;3;11;0.978445;1;1
20;4;7;-8.00359;1;1
21;4;8;-2.5217;1;1
22;4;9;6.43481;1;1
23;4;10;-9.65653;1;1
24;4;11;-5.45171;1;1
25;5;7;5.51003;1;1
26;5;8;-8.07501;1;1
27;5;9;-7.75826;1;1
28;5;10;5.06418;1;1
29;5;11;-0.858331;1;1
30;6;7;-4.52486;1;1
31;6;8;8.53845;1;1
32;6;9;9.23932;1;1
33;6;10;-7.21654;1;1
34;6;11;7.27252;1;1
83;0;16;9.90003;1;1
84;1;16;-0.354762;1;1
85;2;16;-2.62903;1;1
86;3;16;-2.33323;1;1
87;4;16;-9.79944;1;1
88;5;16;6.98577;1;1
89;6;16;-10.8326;0;1
90;16;7;-5.66338;1;1
91;16;8;-8.71604;1;1
92;16;9;-1.65905;1;1
93;16;10;0.791483;1;1
94;16;11;-13.6302;1;1
1557;16;118;-1.2501;1;0
1558;118;118;0.818934;1;0
1559;0;118;4.56442;1;0
1560;1;118;3.95821;1;0
1561;2;118;0.636938;1;0
1562;3;118;0.971179;1;0
1563;4;118;2.53432;1;0
1564;5;118;4.918;1;0
1565;6;118;-4.83561;1;0
1566;118;7;0.0922075;1;0
1567;118;8;7.82501;1;0
1568;118;9;-2.498;1;0
1569;118;10;-8.29731;1;0
1570;118;11;3.45297;1;0
25.2892;0
61
0;0;7;8.42015;1;1
1;0;8;-2.63087;1;1
2;0;9;-2.06317;1;1
3;0;10;1.53325;1;1
4;0;11;-5.98672;1;1
5;1;7;-0.340587;1;1
6;1;8;-6.19054;1;1
7;1;9;4.771;1;1
8;1;10;-4.03691;1;1
9;1;11;5.62004;1;1
10;2;7;7.46503;1;1
11;2;8;8.92187;1;1
12;2;9;7.54808;1;1
13;2;10;8.26265;1;1
14;2;11;6.34365;1;1
15;3;7;7.89402;1;1
16;3;8;6.35825;1;1
17;3;9;1.5732;1;1
18;3;10;-3.76403;1;1
19;3;11;0.978445;1;1
20;4;7;-8.00359;1;1
21;4;8;-2.5217;1;1
22;4;9;6.43481;1;1
23;4;10;-9.65653;1;1
24;4;11;-5.45171;1;1
25;5;7;5.51003;1;1
26;5;8;-8.07501;1;1
27;5;9;-7.75826;1;1
28;5;10;5.06418;1;1
29;5;11;-0.858331;1;1
30;6;7;-4.52486;1;1
31;6;8;8.53845;1;1
32;6;9;9.23932;1;1
33;6;10;-7.21654;1;1
34;6;11;7.27252;1;1
83;0;16;9.90003;1;1
84;1;16;-0.354762;1;1
85;2;16;-2.62903;1;1
86;3;16;-2.33323;1;1
87;4;16;-9.79944;1;1
88;5;16;6.98577;1;1
89;6;16;-10.8326;0;1
90;16;7;-5.66338;1;1
91;16;8;-8.71604;1;1
92;16;9;-1.65905;1;1
93;16;10;0.791483;1;1
94;16;11;-13.6302;1;1
1557;16;118;1.5896;1;0
1558;118;118;2.26591;1;0
1559;0;118;3.96955;1;0
1560;1;118;3.63558;1;0
1561;2;118;3.23708;1;0
1562;3;118;1.13731;1;0
1563;4;118;2.53432;1;0
1564;5;118;3.83454;1;0
1565;6;118;-9.0422;1;0
1566;118;7;0.0922075;1;0
1567;118;8;5.9428;1;0
1568;118;9;-3.67921;1;0
1569;118;10;-6.69517;1;0
1570;118;11;3.41658;1;0
72.5726;0
76
0;0;7;8.42015;1;1
1;0;8;-2.63087;1;1
2;0;9;-2.06317;1;1
3;0;10;1.53325;1;1
4;0;11;-5.98672;1;1
5;1;7;-0.340587;1;1
6;1;8;-6.19054;1;1
7;1;9;4.771;1;1
8;1;10;-4.03691;1;1
9;1;11;5.62004;1;1
10;2;7;7.46503;1;1
11;2;8;8.92187;1;1
12;2;9;7.54808;1;1
13;2;10;8.26265;1;1
14;2;11;6.34365;1;1
15;3;7;7.89402;1;1
16;3;8;6.35825;1;1
17;3;9;1.5732;1;1
18;3;10;-3.76403;1;1
19;3;11;0.978445;1;1
20;4;7;-8.00359;1;1
21;4;8;-2.5217;1;1
22;4;9;6.43481;1;1
23;4;10;-9.65653;1;1
24;4;11;-5.45171;1;1
25;5;7;5.51003;1;1
26;5;8;-8.07501;1;1
27;5;9;-7.75826;1;1
28;5;10;5.06418;1;1
29;5;11;-0.858331;1;1
30;6;7;-4.52486;1;1
31;6;8;8.53845;1;1
32;6;9;9.23932;1;1
33;6;10;-7.21654;1;1
34;6;11;7.27252;1;1
83;0;16;9.90003;1;1
84;1;16;-0.354762;1;1
85;2;16;-2.62903;1;1
86;3;16;-2.33323;1;1
87;4;16;-9.79944;1;1
88;5;16;6.98577;1;1
89;6;16;-10.8326;0;1
90;16;7;-5.66338;1;1
91;16;8;-8.71604;1;1
92;16;9;-1.65905;1;1
93;16;10;0.791483;1;1
94;16;11;-13.6302;1;1
1543;16;117;-4.23187;1;1
1544;117;117;1.09188;1;1
1545;0;117;-1.32794;1;1
1546;1;117;2.96147;1;1
1547;2;117;9.53206;1;1
1548;3;117;0.870363;1;1
1549;4;117;7.25762;1;1
1550;5;117;-9.7378;1;1
1551;6;117;-4.26624;1;1
1552;117;7;8.08016;1;1
1553;117;8;2.54823;1;1
1554;117;9;7.69454;1;1
1555;117;10;-8.2306;1;1
1556;117;11;7.67968;1;1
1585;16;120;1.62754;1;0
1586;117;120;-8.93715;1;0
1587;120;120;4.84454;1;0
1588;0;120;-7.84528;1;0
1589;1;120;3.94922;1;0
1590;2;120;1.61284;1;0
1591;3;120;1.85743;1;0
1592;4;120;-1.7597;1;0
1593;5;120;-5.93723;1;0
1594;6;120;-8.15755;1;0
1595;120;7;-0.463271;1;0
1596;120;8;-7.57671;1;0
1597;120;9;8.82823;1;0
1598;120;10;9.64003;1;0
1599;120;11;-6.02422;1;0
4.17117;0
102
0;0;7;8.42015;1;1
1;0;8;4.60782;1;1
2;0;9;10.892;1;1
3;0;10;11.0735;1;1
4;0;11;-5.98672;1;1
5;1;7;-0.340587;1;1
6;1;8;-0.887633;1;1
7;1;9;-5.48239;1;1
8;1;10;13.9529;1;1
9;1;11;-10.3395;1;1
10;2;7;7.46503;1;1
11;2;8;8.92187;1;1
12;2;9;7.54808;1;1
13;2;10;8.26265;1;1
14;2;11;6.34365;1;1
15;3;7;-1.25915;1;1
16;3;8;-2.49107;1;1
17;3;9;-6.97519;1;1
18;3;10;-2.1664;1;1
19;3;11;-2.03059;1;1
20;4;7;-8.00359;1;1
21;4;8;-9.45749;1;1
22;4;9;6.43481;1;1
23;4;10;-4.21952;1;1
24;4;11;-5.45171;1;1
25;5;7;0.993045;1;1
26;5;8;-8.07501;1;1
27;5;9;-7.75826;1;1
28;5;10;5.06418;1;1
29;5;11;7.30392;1;1
30;6;7;-6.62898;1;1
31;6;8;8.53845;1;1
32;6;9;7.96611;1;1
33;6;10;-7.21654;1;1
34;6;11;9.0922;1;1
83;0;16;9.90003;1;1
84;1;16;-0.354762;1;1
85;2;16;-2.62903;1;1
86;3;16;-2.33323;1;1
87;4;16;-9.79944;1;1
88;5;16;6.98577;1;1
89;6;16;-10.8326;1;1
90;16;7;-5.66338;1;1
91;16;8;-8.71604;1;1
92;16;9;-1.65905;1;1
93;16;10;0.791483;1;1
94;16;11;-13.6302;1;1
249;0;29;3.61428;1;1
250;1;29;-0.509525;1;1
251;2;29;5.73886;1;1
252;3;29;-12.1415;1;1
253;4;29;-1.61866;1;1
254;5;29;-2.91488;1;1
255;6;29;6.71032;1;1
256;29;7;7.23354;1;1
257;29;8;-9.51585;1;1
258;29;9;1.81577;1;1
259;29;10;9.26746;1;1
260;29;11;5.19718;1;1
303;29;33;-2.90737;1;1
304;33;33;-7.90857;1;1
305;0;33;-1.30991;1;1
306;1;33;-2.35072;1;1
307;2;33;-6.87439;1;1
308;3;33;-3.74076;1;1
309;4;33;1.84706;1;1
310;5;33;-1.93842;1;1
311;6;33;2.04199;1;1
312;33;7;-1.52814;1;1
313;33;8;-1.08208;1;1
314;33;9;-7.98829;1;1
315;33;10;5.55805;1;1
316;33;11;6.80336;1;1
1299;29;101;-7.46866;1;0
1300;33;101;-0.925763;1;0
1301;101;101;-5.8007;1;1
1302;0;101;3.33657;1;1
1303;1;101;-6.15746;1;0
1304;2;101;9.01498;1;1
1305;3;101;8.81164;1;1
1306;4;101;1.78608;1;0
1307;5;101;-7.47683;1;0
1308;6;101;8.42827;1;0
1309;101;7;1.50428;1;0
1310;101;8;-7.75544;1;0
1311;101;9;7.13591;1;0
1312;101;10;2.14413;1;0
1313;101;11;9.31933;1;0
1543;16;117;-4.23187;1;0
1544;117;117;3.75803;1;0
1545;0;117;-1.32794;1;0
1546;1;117;1.22453;1;0
1547;2;117;9.53206;1;0
1548;3;117;0.870363;1;0
1549;4;117;8.41793;1;0
1550;5;117;-7.83571;1;0
1551;6;117;-4.26624;1;0
1552;117;7;8.08016;1;0
1553;117;8;2.54823;1;0
1554;117;9;7.69454;1;0
1555;117;10;-9.17187;1;0
1556;117;11;10.1443;1;0
17.3986;0
102
0;0;7;8.42015;1;1
1;0;8;4.60782;1;1
2;0;9;10.892;1;1
3;0;10;11.0735;1;1
4;0;11;-5.98672;1;1
5;1;7;-0.340587;1;1
6;1;8;-0.887633;1;1
7;1;9;-5.48239;1;1
8;1;10;13.9529;1;1
9;1;11;-10.3395;1;1
10;2;7;7.46503;1;1
11;2;8;8.92187;1;1
12;2;9;7.54808;1;1
13;2;10;8.26265;1;1
14;2;11;6.34365;1;1
15;3;7;-1.25915;1;1
16;3;8;-2.49107;1;1
17;3;9;-6.97519;1;1
18;3;10;-2.1664;1;1
19;3;11;-2.03059;1;1
20;4;7;-8.00359;1;1
21;4;8;-9.45749;1;1
22;4;9;6.43481;1;1
23;4;10;-4.21952;1;1
24;4;11;-5.45171;1;1
25;5;7;0.993045;1;1
26;5;8;-8.07501;1;1
27;5;9;-7.75826;1;1
28;5;10;5.06418;1;1
29;5;11;7.30392;1;1
30;6;7;-6.62898;1;1
31;6;8;8.53845;1;1
32;6;9;7.96611;1;1
33;6;10;-7.21654;1;1
34;6;11;9.0922;1;1
83;0;16;9.90003;1;1
84;1;16;-0.354762;1;1
85;2;16;-2.62903;1;1
86;3;16;-2.33323;1;1
87;4;16;-9.79944;1;1
88;5;16;6.98577;1;1
89;6;16;-10.8326;1;1
90;16;7;-5.66338;1;1
91;16;8;-8.71604;1;1
92;16;9;-1.65905;1;1
93;16;10;0.791483;1;1
94;16;11;-13.6302;1;1
249;0;29;3.61428;1;1
250;1;29;-0.509525;1;1
251;2;29;5.73886;1;1
252;3;29;-12.1415;1;1
253;4;29;-1.61866;1;1
254;5;29;-2.91488;1;1
255;6;29;6.71032;1;1
256;29;7;7.23354;1;1
257;29;8;-9.51585;1;1
258;29;9;1.81577;1;1
259;29;10;9.26746;1;1
260;29;11;5.19718;1;1
303;29;33;-2.90737;1;1
304;33;33;-7.90857;1;1
305;0;33;-1.30991;1;1
306;1;33;-2.35072;1;1
307;2;33;-6.87439;1;1
308;3;33;-3.74076;1;1
309;4;33;1.84706;1;1
310;5;33;-1.93842;1;1
311;6;33;2.04199;1;1
312;33;7;-1.52814;1;1
313;33;8;-1.08208;1;1
314;33;9;-7.98829;1;1
315;33;10;5.55805;1;1
316;33;11;6.80336;1;1
1299;29;101;-5.0998;1;0
1300;33;101;-3.90276;1;0
1301;101;101;-5.8007;1;1
1302;0;101;3.33657;1;1
1303;1;101;-4.17167;1;0
1304;2;101;9.01498;1;1
1305;3;101;8.81164;1;1
1306;4;101;4.0226;1;0
1307;5;101;-5.92871;1;0
1308;6;101;5.54134;1;0
1309;101;7;-0.538768;1;0
1310;101;8;-7.28172;1;0
1311;101;9;6.79323;1;0
1312;101;10;4.19107;1;0
1313;101;11;9.31933;1;0
1543;16;117;-4.23187;1;0
1544;117;117;1.09188;1;0
1545;0;117;-1.32794;1;0
1546;1;117;2.96147;1;0
1547;2;117;9.53206;1;0
1548;3;117;0.870363;1;0
1549;4;117;6.00858;1;0
1550;5;117;-9.7378;1;0
1551;6;117;-2.64961;1;0
1552;117;7;8.08016;1;0
1553;117;8;2.35467;1;0
1554;117;9;9.82478;1;0
1555;117;10;-7.46314;1;0
1556;117;11;7.66889;1;0
0;0
102
0;0;7;8.42015;1;1
1;0;8;4.60782;1;1
2;0;9;10.892;1;1
3;0;10;11.0735;1;1
4;0;11;-5.98672;1;1
5;1;7;-0.340587;1;1
6;1;8;-0.887633;1;1
7;1;9;-5.48239;1;1
8;1;10;13.9529;1;1
9;1;11;-10.3395;1;1
10;2;7;7.46503;1;1
11;2;8;8.92187;1;1
12;2;9;7.54808;1;1
13;2;10;8.26265;1;1
14;2;11;6.34365;1;1
15;3;7;-1.25915;1;1
16;3;8;-2.49107;1;1
17;3;9;-6.97519;1;1
18;3;10;-2.1664;1;1
19;3;11;-2.03059;1;1
20;4;7;-8.00359;1;1
21;4;8;-9.45749;1;1
22;4;9;6.43481;1;1
23;4;10;-4.21952;1;1
24;4;11;-5.45171;1;1
25;5;7;0.993045;1;1
26;5;8;-8.07501;1;1
27;5;9;-7.75826;1;1
28;5;10;5.06418;1;1
29;5;11;7.30392;1;1
30;6;7;-6.62898;1;1
31;6;8;8.53845;1;1
32;6;9;7.96611;1;1
33;6;10;-7.21654;1;1
34;6;11;9.0922;1;1
83;0;16;9.90003;1;1
84;1;16;-0.354762;1;1
85;2;16;-2.62903;1;1
86;3;16;-2.33323;1;1
87;4;16;-9.79944;1;1
88;5;16;6.98577;1;1
89;6;16;-10.8326;1;1
90;16;7;-5.66338;1;1
91;16;8;-8.71604;1;1
92;16;9;-1.65905;1;1
93;16;10;0.791483;1;1
94;16;11;-13.6302;1;1
249;0;29;3.61428;1;1
250;1;29;-0.509525;1;1
251;2;29;5.73886;1;1
252;3;29;-12.1415;1;1
253;4;29;-1.61866;1;1
254;5;29;-2.91488;1;1
255;6;29;6.71032;1;1
256;29;7;7.23354;1;1
257;29;8;-9.51585;1;1
258;29;9;1.81577;1;1
259;29;10;9.26746;1;1
260;29;11;5.19718;1;1
303;29;33;-2.90737;1;1
304;33;33;-7.90857;1;1
305;0;33;-1.30991;1;1
306;1;33;-2.35072;1;1
307;2;33;-6.87439;1;1
308;3;33;-3.74076;1;1
309;4;33;1.84706;1;1
310;5;33;-1.93842;1;1
311;6;33;2.04199;1;1
312;33;7;-1.52814;1;1
313;33;8;-1.08208;1;1
314;33;9;-7.98829;1;1
315;33;10;5.55805;1;1
316;33;11;6.80336;1;1
1299;29;101;-6.35332;1;0
1300;33;101;-3.90276;1;0
1301;101;101;-5.8007;1;1
1302;0;101;3.33657;1;1
1303;1;101;-4.17167;1;0
1304;2;101;9.01498;1;1
1305;3;101;8.81164;1;1
1306;4;101;4.0226;1;0
1307;5;101;-5.92871;1;0
1308;6;101;8.42827;1;0
1309;101;7;1.50428;1;0
1310;101;8;-10.1189;1;0
1311;101;9;7.13591;1;0
1312;101;10;2.14413;1;0
1313;101;11;9.31933;1;0
1543;16;117;-4.23187;1;0
1544;117;117;1.09188;1;0
1545;0;117;-1.32794;1;0
1546;1;117;2.96147;1;0
1547;2;117;9.53206;1;0
1548;3;117;0.870363;1;0
1549;4;117;8.41793;1;0
1550;5;117;-9.7378;1;0
1551;6;117;-4.26624;1;0
1552;117;7;8.08016;1;0
1553;117;8;2.54823;1;0
1554;117;9;7.69454;1;0
1555;117;10;-9.17187;1;0
1556;117;11;7.67968;1;0
25.2892;0
102
0;0;7;8.42015;1;1
1;0;8;4.60782;1;1
2;0;9;10.892;1;1
3;0;10;11.0735;1;1
4;0;11;-5.98672;1;1
5;1;7;-0.340587;1;1
6;1;8;-0.887633;1;1
7;1;9;-5.48239;1;1
8;1;10;13.9529;1;1
9;1;11;-10.3395;1;1
10;2;7;7.46503;1;1
11;2;8;8.92187;1;1
12;2;9;7.54808;1;1
13;2;10;8.26265;1;1
14;2;11;6.34365;1;1
15;3;7;-1.25915;1;1
16;3;8;-2.49107;1;1
17;3;9;-6.97519;1;1
18;3;10;-2.1664;1;1
19;3;11;-2.03059;1;1
20;4;7;-8.00359;1;1
21;4;8;-9.45749;1;1
22;4;9;6.43481;1;1
23;4;10;-4.21952;1;1
24;4;11;-5.45171;1;1
25;5;7;0.993045;1;1
26;5;8;-8.07501;1;1
27;5;9;-7.75826;1;1
28;5;10;5.06418;1;1
29;5;11;7.30392;1;1
30;6;7;-6.62898;1;1
31;6;8;8.53845;1;1
32;6;9;7.96611;1;1
33;6;10;-7.21654;1;1
34;6;11;9.0922;1;1
83;0;16;9.90003;1;1
84;1;16;-0.354762;1;1
85;2;16;-2.62903;1;1
86;3;16;-2.33323;1;1
87;4;16;-9.79944;1;1
88;5;16;6.98577;1;1
89;6;16;-10.8326;1;1
90;16;7;-5.66338;1;1
91;16;8;-8.71604;1;1
92;16;9;-1.65905;1;1
93;16;10;0.791483;1;1
94;16;11;-13.6302;1;1
249;0;29;3.61428;1;1
250;1;29;-0.509525;1;1
251;2;29;5.73886;1;1
252;3;29;-12.1415;1;1
253;4;29;-1.61866;1;1
254;5;29;-2.91488;1;1
255;6;29;6.71032;1;1
256;29;7;7.23354;1;1
257;29;8;-9.51585;1;1
258;29;9;1.81577;1;1
259;29;10;9.26746;1;1
260;29;11;5.19718;1;1
303;29;33;-2.90737;1;1
304;33;33;-7.90857;1;1
305;0;33;-1.30991;1;1
306;1;33;-2.35072;1;1
307;2;33;-6.87439;1;1
308;3;33;-3.74076;1;1
309;4;33;1.84706;1;1
310;5;33;-1.93842;1;1
311;6;33;2.04199;1;1
312;33;7;-1.52814;1;1
313;33;8;-1.08208;1;1
314;33;9;-7.98829;1;1
315;33;10;5.55805;1;1
316;33;11;6.80336;1;1
1299;29;101;-6.35332;1;0
1300;33;101;-3.90276;1;0
1301;101;101;-5.8007;1;1
1302;0;101;3.33657;1;1
1303;1;101;-4.17167;1;0
1304;2;101;9.01498;1;1
1305;3;101;8.81164;1;1
1306;4;101;6.03883;1;0
1307;5;101;-5.92871;1;0
1308;6;101;8.42827;1;0
1309;101;7;1.50428;1;0
1310;101;8;-10.1189;1;0
1311;101;9;4.23784;1;0
1312;101;10;2.14413;1;0
1313;101;11;9.31933;1;0
1543;16;117;-4.23187;1;0
1544;117;117;1.09188;1;0
1545;0;117;-1.32794;1;0
1546;1;117;4.31375;1;0
1547;2;117;9.53206;1;0
1548;3;117;0.910065;1;0
1549;4;117;7.29883;1;0
1550;5;117;-9.7378;1;0
1551;6;117;-4.26624;1;0
1552;117;7;7.22565;1;0
1553;117;8;4.87909;1;0
1554;117;9;7.69454;1;0
1555;117;10;-9.17187;1;0
1556;117;11;7.42293;1;0
4.17117;0
102
0;0;7;8.42015;1;1
1;0;8;4.60782;1;1
2;0;9;10.892;1;1
3;0;10;11.0735;1;1
4;0;11;-5.98672;1;1
5;1;7;-0.340587;1;1
6;1;8;-0.887633;1;1
7;1;9;-5.48239;1;1
8;1;10;13.9529;1;1
9;1;11;-10.3395;1;1
10;2;7;7.46503;1;1
11;2;8;8.92187;1;1
12;2;9;7.54808;1;1
13;2;10;8.26265;1;1
14;2;11;6.34365;1;1
15;3;7;-1.25915;1;1
16;3;8;-2.49107;1;1
17;3;9;-6.97519;1;1
18;3;10;-2.1664;1;1
19;3;11;-2.03059;1;1
20;4;7;-8.00359;1;1
21;4;8;-9.45749;1;1
22;4;9;6.43481;1;1
23;4;10;-4.21952;1;1
24;4;11;-5.45171;1;1
25;5;7;0.993045;1;1
26;5;8;-8.07501;1;1
27;5;9;-7.75826;1;1
28;5;10;5.06418;1;1
29;5;11;7.30392;1;1
30;6;7;-6.62898;1;1
31;6;8;8.53845;1;1
32;6;9;7.96611;1;1
33;6;10;-7.21654;1;1
34;6;11;9.0922;1;1
83;0;16;9.90003;1;1
84;1;16;-0.354762;1;1
85;2;16;-2.62903;1;1
86;3;16;-2.33323;1;1
87;4;16;-9.79944;1;1
88;5;16;6.98577;1;1
89;6;16;-10.8326;1;1
90;16;7;-5.66338;1;1
91;16;8;-8.71604;1;1
92;16;9;-1.65905;1;1
93;16;10;0.791483;1;1
94;16;11;-13.6302;1;1
249;0;29;3.61428;1;1
250;1;29;-0.509525;1;1
251;2;29;5.73886;1;1
252;3;29;-12.1415;1;1
253;4;29;-1.61866;1;1
254;5;29;-2.91488;1;1
255;6;29;6.71032;1;1
256;29;7;7.23354;1;1
257;29;8;-9.51585;1;1
258;29;9;1.81577;1;1
259;29;10;9.26746;1;1
260;29;11;5.19718;1;1
303;29;33;-2.90737;1;1
304;33;33;-7.90857;1;1
305;0;33;-1.30991;1;1
306;1;33;-2.35072;1;1
307;2;33;-6.87439;1;1
308;3;33;-3.74076;1;1
309;4;33;1.84706;1;1
310;5;33;-1.93842;1;1
311;6;33;2.04199;1;1
312;33;7;-1.52814;1;1
313;33;8;-1.08208;1;1
314;33;9;-7.98829;1;1
315;33;10;5.55805;1;1
316;33;11;6.80336;1;1
1299;29;101;-6.35332;1;0
1300;33;101;-2.27467;1;0
1301;101;101;-5.8007;1;1
1302;0;101;3.33657;1;1
1303;1;101;-4.17167;1;0
1304;2;101;9.01498;1;1
1305;3;101;8.81164;1;1
1306;4;101;3.52335;1;0
1307;5;101;-5.92871;1;0
1308;6;101;8.42827;1;0
1309;101;7;1.50428;1;0
1310;101;8;-10.1189;1;0
1311;101;9;7.13591;1;0
1312;101;10;2.14413;1;0
1313;101;11;9.31933;1;0
1543;16;117;-4.23187;1;0
1544;117;117;1.09188;1;0
1545;0;117;-1.32794;1;0
1546;1;117;2.96147;1;0
1547;2;117;9.53206;1;0
1548;3;117;0.870363;1;0
1549;4;117;8.41793;1;0
1550;5;117;-9.7378;1;0
1551;6;117;-4.26624;1;0
1552;117;7;8.08016;1;0
1553;117;8;2.54823;1;0
1554;117;9;7.69454;1;0
1555;117;10;-9.17187;1;0
1556;117;11;7.67968;1;0
10.2706;0
102
0;0;7;8.42015;1;1
1;0;8;4.60782;1;1
2;0;9;10.892;1;1
3;0;10;11.0735;1;1
4;0;11;-5.98672;1;1
5;1;7;-0.340587;1;1
6;1;8;-0.887633;1;1
7;1;9;-5.48239;1;1
8;1;10;13.9529;1;1
9;1;11;-10.3395;1;1
10;2;7;7.46503;1;1
11;2;8;8.92187;1;1
12;2;9;7.54808;1;1
13;2;10;8.26265;1;1
14;2;11;6.34365;1;1
15;3;7;-1.25915;1;1
16;3;8;-2.49107;1;1
17;3;9;-6.97519;1;1
18;3;10;-2.1664;1;1
19;3;11;-2.03059;1;1
20;4;7;-8.00359;1;1
21;4;8;-9.45749;1;1
22;4;9;6.43481;1;1
23;4;10;-4.21952;1;1
24;4;11;-5.45171;1;1
25;5;7;0.993045;1;1
26;5;8;-8.07501;1;1
27;5;9;-7.75826;1;1
28;5;10;5.06418;1;1
29;5;11;7.30392;1;1
30;6;7;-6.62898;1;1
31;6;8;8.53845;1;1
32;6;9;7.96611;1;1
33;6;10;-7.21654;1;1
34;6;11;9.0922;1;1
83;0;16;9.90003;1;1
84;1;16;-0.354762;1;1
85;2;16;-2.62903;1;1
86;3;16;-2.33323;1;1
87;4;16;-9.79944;1;1
88;5;16;6.98577;1;1
89;6;16;-10.8326;1;1
90;16;7;-5.66338;1;1
91;16;8;-8.71604;1;1
92;16;9;-1.65905;1;1
93;16;10;0.791483;1;1
94;16;11;-13.6302;1;1
249;0;29;3.61428;1;1
250;1;29;-0.509525;1;1
251;2;29;5.73886;1;1
252;3;29;-12.1415;1;1
253;4;29;-1.61866;1;1
254;5;29;-2.91488;1;1
255;6;29;6.71032;1;1
256;29;7;7.23354;1;1
257;29;8;-9.51585;1;1
258;29;9;1.81577;1;1
259;29;10;9.26746;1;1
260;29;11;5.19718;1;1
303;29;33;-2.90737;1;1
304;33;33;-7.90857;1;1
305;0;33;-1.30991;1;1
306;1;33;-2.35072;1;1
307;2;33;-6.87439;1;1
308;3;33;-3.74076;1;1
309;4;33;1.84706;1;1
310;5;33;-1.93842;1;1
311;6;33;2.04199;1;1
312;33;7;-1.52814;1;1
313;33;8;-1.08208;1;1
314;33;9;-7.98829;1;1
315;33;10;5.55805;1;1
316;33;11;6.80336;1;1
1299;29;101;-6.35332;1;0
1300;33;101;-3.90276;1;0
1301;101;101;-5.8007;1;1
1302;0;101;3.33657;1;1
1303;1;101;-4.17167;1;0
1304;2;101;9.01498;1;1
1305;3;101;8.81164;1;1
1306;4;101;4.0226;1;0
1307;5;101;-5.92871;1;0
1308;6;101;8.42827;1;0
1309;101;7;1.50428;1;0
1310;101;8;-10.1189;1;0
1311;101;9;7.13591;1;0
1312;101;10;2.14413;1;0
1313;101;11;9.31933;1;0
1543;16;117;-4.23187;1;0
1544;117;117;1.09188;1;0
1545;0;117;-1.32794;1;0
1546;1;117;2.96147;1;0
1547;2;117;9.53206;1;0
1548;3;117;0.870363;1;0
1549;4;117;8.41793;1;0
1550;5;117;-9.7378;1;0
1551;6;117;-4.26624;1;0
1552;117;7;8.08016;1;0
1553;117;8;2.54823;1;0
1554;117;9;7.69454;1;0
1555;117;10;-9.17187;1;0
1556;117;11;7.67968;1;0
