21;84;2;1
1953.99;0
34
0;0;6;2.67322;1;1
1;0;7;-0.0829035;1;1
2;0;8;0;1;1
3;0;9;-1.10355;1;1
4;1;6;-4.2557;1;1
5;1;7;-2.77091;1;1
6;1;8;0;1;1
7;1;9;0;1;1
8;2;6;3.66519;1;1
9;2;7;0.151007;1;1
10;2;8;-0.184115;1;1
11;2;9;-3.18667;1;1
12;3;6;-4.09012;1;1
13;3;7;0.281917;1;1
14;3;8;-2.37863;1;1
15;3;9;0.869164;1;1
16;4;6;0;1;1
17;4;7;1.14168;1;1
18;4;8;3.33448;1;1
19;4;9;4.92504;0;1
20;5;6;0.933035;1;1
21;5;7;-1.86419;1;1
22;5;8;0;1;1
23;5;9;-0.833642;1;1
190;0;26;-1.62863;1;0
191;1;26;1.79355;1;0
192;2;26;-7.07497;1;0
193;3;26;-9.68462;1;0
194;4;26;-8.29723;1;0
195;5;26;-1.18798;1;0
196;26;6;6.26523;1;0
197;26;7;-8.50842;1;0
198;26;8;-7.05424;1;0
199;26;9;-8.24613;1;0
2
19;32;29;0;1879.61
0;0
46
0;0;6;5.02721;1;1
1;0;7;7.53893;1;0
2;0;8;6.96188;1;0
3;0;9;-8.35953;1;1
4;1;6;-7.40262;1;1
5;1;7;-5.25686;1;1
6;1;8;-7.98317;1;1
7;1;9;2.5813;1;0
8;2;6;2.9619;1;0
9;2;7;7.56042;1;0
10;2;8;4.84739;1;0
11;2;9;-0.90794;1;1
12;3;6;9.47912;1;1
13;3;7;-9.66617;0;0
14;3;8;4.37822;1;1
15;3;9;12.0782;1;1
16;4;6;-11.5155;1;1
17;4;7;7.90805;1;0
18;4;8;-8.65669;1;1
19;4;9;0.384216;1;0
20;5;6;1.43655;1;0
21;5;7;-6.58411;1;1
22;5;8;-2.93872;1;1
23;5;9;0.38531;1;0
490;0;53;4.46351;1;1
491;1;53;6.1013;1;1
492;2;53;-8.46461;1;1
493;3;53;3.52599;1;1
494;4;53;-3.05576;1;1
495;5;53;9.93615;1;1
496;53;6;8.10755;1;1
497;53;7;-1.36481;1;1
498;53;8;0.0135401;1;1
499;53;9;3.99651;1;1
510;53;55;-4.16009;1;0
511;55;55;-6.54791;1;0
512;0;55;-8.57793;1;0
513;1;55;-9.99705;1;0
514;2;55;-1.41354;1;0
515;3;55;-6.86049;1;0
516;4;55;0.124956;1;0
517;5;55;4.53949;1;0
518;55;6;-3.14815;0;0
519;55;7;2.14479;1;0
520;55;8;2.79956;1;0
521;55;9;-5.48702;1;0
11
0;1;2;3;4;5;6;7;8;9;10
20;31;28;0;1879.61
0;0
59
0;0;6;4.84765;1;1
1;0;7;10.5331;1;1
2;0;8;-3.08718;1;1
3;0;9;8.55516;1;1
4;1;6;-7.40262;1;1
5;1;7;-5.25686;1;1
6;1;8;2.39612;1;1
7;1;9;-7.75912;1;1
8;2;6;2.9619;1;0
9;2;7;-1.22707;1;1
10;2;8;-2.2118;1;1
11;2;9;9.75996;1;1
12;3;6;9.47912;1;1
13;3;7;-9.66617;0;0
14;3;8;4.37822;1;1
15;3;9;12.0782;1;1
16;4;6;8.1424;1;1
17;4;7;7.90805;1;0
18;4;8;-8.65669;1;1
19;4;9;-11.1085;1;1
20;5;6;10.2459;1;1
21;5;7;-6.58411;1;1
22;5;8;-2.93872;1;1
23;5;9;9.26983;1;1
230;0;30;-7.7194;1;1
231;1;30;-3.71385;1;1
232;2;30;5.09613;1;1
233;3;30;-4.80615;1;1
234;4;30;12.5416;1;1
235;5;30;-6.67679;1;1
236;30;6;6.78652;1;1
237;30;7;-5.75619;1;1
238;30;8;5.42115;1;1
239;30;9;-5.66598;1;1
340;30;40;4.73057;1;1
341;40;40;-14.2669;1;1
342;0;40;-3.22695;1;1
343;1;40;8.26943;1;1
344;2;40;-6.87622;1;1
345;3;40;-7.88533;1;1
346;4;40;-0.750448;1;1
347;5;40;-5.10807;1;1
348;40;6;10.1757;1;1
349;40;7;-3.95689;1;1
350;40;8;3.27905;1;1
351;40;9;2.51504;1;1
650;30;66;-4.59188;1;0
651;40;66;-2.03518;1;0
652;66;66;8.18736;1;0
653;0;66;-2.98959;1;0
654;1;66;4.90669;1;0
655;2;66;6.62398;1;0
656;3;66;-6.37055;1;0
657;4;66;9.96614;1;0
658;5;66;1.04763;1;0
659;66;6;10.1208;1;0
660;66;7;-1.25672;1;0
661;66;8;-15.1431;1;0
662;66;9;7.08919;1;0
11
11;12;13;14;15;16;17;18;19;20;21
5
1916.72;273.817
24
0;0;6;7.95786;1;0
1;0;7;-6.22905;1;0
2;0;8;-8.70392;1;0
3;0;9;-8.20986;1;0
4;1;6;1.30157;1;0
5;1;7;10.8016;1;0
6;1;8;-5.33736;1;0
7;1;9;4.48185;1;0
8;2;6;-2.92137;1;0
9;2;7;6.38959;1;0
10;2;8;-5.22191;1;0
11;2;9;14.7155;1;0
12;3;6;9.63207;1;0
13;3;7;3.79515;1;0
14;3;8;-9.81535;1;0
15;3;9;6.50994;1;0
16;4;6;-2.66143;1;0
17;4;7;-6.29014;1;0
18;4;8;-10.5452;1;0
19;4;9;-6.29761;1;0
20;5;6;2.30989;1;0
21;5;7;10.8546;1;0
22;5;8;-8.76266;1;0
23;5;9;11.1947;1;0
1953.99;390.798
34
0;0;6;2.67322;1;1
1;0;7;-0.0829035;1;1
2;0;8;0;1;1
3;0;9;-1.10355;1;1
4;1;6;-4.2557;1;1
5;1;7;-2.77091;1;1
6;1;8;0;1;1
7;1;9;0;1;1
8;2;6;3.66519;1;1
9;2;7;0.151007;1;1
10;2;8;-0.184115;1;1
11;2;9;-3.18667;1;1
12;3;6;-4.09012;1;1
13;3;7;0.281917;1;1
14;3;8;-2.37863;1;1
15;3;9;0.869164;1;1
16;4;6;0;1;1
17;4;7;1.14168;1;1
18;4;8;3.33448;1;1
19;4;9;4.92504;0;1
20;5;6;0.933035;1;1
21;5;7;-1.86419;1;1
22;5;8;0;1;1
23;5;9;-0.833642;1;1
190;0;26;-1.62863;1;0
191;1;26;1.79355;1;0
192;2;26;-7.07497;1;0
193;3;26;-9.68462;1;0
194;4;26;-8.29723;1;0
195;5;26;-1.18798;1;0
196;26;6;6.26523;1;0
197;26;7;-8.50842;1;0
198;26;8;-7.05424;1;0
199;26;9;-8.24613;1;0
1879.61;268.516
59
0;0;6;5.02721;1;1
1;0;7;4.33506;1;1
2;0;8;-22.2769;0;1
3;0;9;-8.35953;1;1
4;1;6;-7.40262;1;1
5;1;7;-5.25686;1;1
6;1;8;-7.98317;1;1
7;1;9;-1.51023;1;1
8;2;6;-4.52692;1;1
9;2;7;-9.88945;1;1
10;2;8;-7.98788;1;1
11;2;9;-0.90794;1;1
12;3;6;9.47912;1;1
13;3;7;-0.0746171;0;1
14;3;8;4.37822;1;1
15;3;9;12.0782;1;1
16;4;6;-11.5155;1;1
17;4;7;-8.08509;1;1
18;4;8;-8.65669;1;1
19;4;9;-5.16757;1;1
20;5;6;-0.0452091;1;1
21;5;7;-6.58411;1;1
22;5;8;-2.93872;1;1
23;5;9;10.8277;1;1
490;0;53;4.46351;1;1
491;1;53;6.1013;1;1
492;2;53;-8.46461;1;1
493;3;53;3.52599;1;1
494;4;53;-3.05576;1;1
495;5;53;9.93615;1;1
496;53;6;8.10755;1;1
497;53;7;-1.36481;1;1
498;53;8;0.0135401;1;1
499;53;9;3.99651;1;1
510;53;55;-2.74411;1;1
511;55;55;2.61772;1;1
512;0;55;-0.831112;1;1
513;1;55;7.28414;1;1
514;2;55;10.2955;1;1
515;3;55;7.35692;1;1
516;4;55;1.8753;1;1
517;5;55;5.64767;1;1
518;55;6;2.30398;1;1
519;55;7;-8.81779;1;1
520;55;8;5.95415;1;1
521;55;9;-2.69457;1;1
609;53;63;10.3413;1;0
610;55;63;-9.51739;1;0
611;63;63;3.07292;1;0
612;0;63;5.82243;1;0
613;1;63;5.43091;1;0
614;2;63;-5.35618;1;0
615;3;63;1.32836;1;0
616;4;63;3.87501;1;0
617;5;63;-0.799565;1;0
618;63;6;-3.79527;1;0
619;63;7;6.52968;1;0
620;63;8;-10.6899;1;0
621;63;9;-3.78975;1;0
1879.61;208.846
46
0;0;6;5.02721;1;1
1;0;7;5.00111;1;0
2;0;8;-21.1044;1;0
3;0;9;-8.35953;1;1
4;1;6;-7.40262;1;1
5;1;7;-5.25686;1;1
6;1;8;-7.98317;1;1
7;1;9;-3.14513;1;0
8;2;6;-3.77329;1;0
9;2;7;-6.7836;1;0
10;2;8;-8.89672;1;0
11;2;9;-0.90794;1;1
12;3;6;9.47912;1;1
13;3;7;-5.08277;0;0
14;3;8;4.37822;1;1
15;3;9;12.0782;1;1
16;4;6;-11.5155;1;1
17;4;7;-2.59074;1;0
18;4;8;-8.65669;1;1
19;4;9;-3.32879;1;0
20;5;6;2.05378;1;0
21;5;7;-6.58411;1;1
22;5;8;-2.93872;1;1
23;5;9;7.09388;1;0
490;0;53;4.46351;1;1
491;1;53;6.1013;1;1
492;2;53;-8.46461;1;1
493;3;53;3.52599;1;1
494;4;53;-3.05576;1;1
495;5;53;9.93615;1;1
496;53;6;8.10755;1;1
497;53;7;-1.36481;1;1
498;53;8;0.0135401;1;1
499;53;9;3.99651;1;1
510;53;55;-3.73022;1;0
511;55;55;2.51366;1;0
512;0;55;-5.20328;1;0
513;1;55;6.82482;1;0
514;2;55;9.93313;1;0
515;3;55;12.5715;1;0
516;4;55;4.63733;1;0
517;5;55;4.16698;1;0
518;55;6;5.36719;1;0
519;55;7;-9.25635;1;0
520;55;8;8.3298;1;0
521;55;9;-4.10415;1;0
1953.99;195.399
24
0;0;6;2.67322;1;0
1;0;7;-0.0829035;1;0
2;0;8;0;1;0
3;0;9;-1.10355;1;0
4;1;6;-4.2557;1;0
5;1;7;-2.77091;1;0
6;1;8;0;1;0
7;1;9;0;1;0
8;2;6;3.66519;1;0
9;2;7;0.151007;1;0
10;2;8;0;1;0
11;2;9;-3.18667;1;0
12;3;6;-2.82452;1;0
13;3;7;0.281917;1;0
14;3;8;-2.37863;1;0
15;3;9;0.869164;1;0
16;4;6;0;1;0
17;4;7;1.14168;1;0
18;4;8;3.33448;1;0
19;4;9;4.92504;1;0
20;5;6;0.933035;1;0
21;5;7;-1.86419;1;0
22;5;8;0;1;0
23;5;9;-0.833642;1;0
1334;112
1310
24;0;10;0.827397;1;0
25;1;10;2.91967;1;0
26;2;10;0.041954;1;0
27;3;10;-5.36995;1;0
28;4;10;4.23922;1;0
29;5;10;7.07815;1;0
30;10;6;7.19643;1;0
31;10;7;7.9286;1;0
32;10;8;4.49712;1;0
33;10;9;4.69552;1;0
34;0;11;2.54099;1;0
35;1;11;-3.98328;1;0
36;2;11;-2.87819;1;0
37;3;11;-3.7334;1;0
38;4;11;-9.46176;1;0
39;5;11;-8.76153;1;0
40;11;6;0.183149;1;0
41;11;7;-0.675729;1;0
42;11;8;6.09122;1;0
43;11;9;0.872046;1;0
44;0;12;-7.21883;1;0
45;1;12;-2.35322;1;0
46;2;12;1.44827;1;0
47;3;12;-6.07096;1;0
48;4;12;7.62628;1;0
49;5;12;2.17931;1;0
50;12;6;8.86257;1;0
51;12;7;5.95002;1;0
52;12;8;6.14842;1;0
53;12;9;-6.94216;1;0
54;0;13;-4.08619;1;0
55;1;13;9.39312;1;0
56;2;13;-8.47742;1;0
57;3;13;-8.62968;1;0
58;4;13;-4.70621;1;0
59;5;13;-4.83319;1;0
60;13;6;2.85268;1;0
61;13;7;3.51123;1;0
62;13;8;6.6796;1;0
63;13;9;2.98837;1;0
64;0;14;-8.7413;1;0
65;1;14;3.60449;1;0
66;2;14;-0.732331;1;0
67;3;14;1.66614;1;0
68;4;14;-2.96738;1;0
69;5;14;-2.34688;1;0
70;14;6;-1.38723;1;0
71;14;7;6.48229;1;0
72;14;8;4.96366;1;0
73;14;9;-5.08232;1;0
74;12;15;-3.71836;1;0
75;15;15;8.44198;1;0
76;0;15;7.44898;1;0
77;1;15;-2.53808;1;0
78;2;15;6.79769;1;0
79;3;15;7.29521;1;0
80;4;15;1.64512;1;0
81;5;15;-7.73192;1;0
82;15;6;-1.2214;1;0
83;15;7;2.32394;1;0
84;15;8;8.41426;1;0
85;15;9;6.91731;1;0
86;0;16;-9.31735;1;0
87;1;16;-8.12329;1;0
88;2;16;-8.39571;1;0
89;3;16;-3.65491;1;0
90;4;16;8.69498;1;0
91;5;16;4.52895;1;0
92;16;6;-3.9645;1;0
93;16;7;-6.61386;1;0
94;16;8;4.47171;1;0
95;16;9;6.10568;1;0
96;14;17;8.29572;1;0
97;17;17;7.94296;1;0
98;0;17;-0.382431;1;0
99;1;17;-2.35611;1;0
100;2;17;7.22435;1;0
101;3;17;5.96291;1;0
102;4;17;7.85308;1;0
103;5;17;9.06036;1;0
104;17;6;-7.82546;1;0
105;17;7;-5.06969;1;0
106;17;8;6.51354;1;0
107;17;9;6.71486;1;0
108;0;18;3.69953;1;0
109;1;18;-2.04368;1;0
110;2;18;-5.68537;1;0
111;3;18;2.73849;1;0
112;4;18;-7.47932;1;0
113;5;18;-3.19517;1;0
114;18;6;8.03045;1;0
115;18;7;7.84813;1;0
116;18;8;-0.352202;1;0
117;18;9;-2.17851;1;0
118;0;19;-4.02957;1;0
119;1;19;-4.47571;1;0
120;2;19;-1.91266;1;0
121;3;19;-6.15219;1;0
122;4;19;-0.422449;1;0
123;5;19;-4.68583;1;0
124;19;6;4.6681;1;0
125;19;7;-1.7293;1;0
126;19;8;-8.91703;1;0
127;19;9;-5.11258;1;0
128;14;20;6.30163;1;0
129;20;20;6.47932;1;0
130;0;20;5.50694;1;0
131;1;20;0.00384374;1;0
132;2;20;1.57232;1;0
133;3;20;-2.11056;1;0
134;4;20;0.138851;1;0
135;5;20;-9.44702;1;0
136;20;6;0.999467;1;0
137;20;7;-5.08089;1;0
138;20;8;0.991975;1;0
139;20;9;1.38486;1;0
140;0;21;-2.5339;1;0
141;1;21;-7.79872;1;0
142;2;21;3.35099;1;0
143;3;21;3.73261;1;0
144;4;21;-4.54534;1;0
145;5;21;-0.15211;1;0
146;21;6;-9.13292;1;0
147;21;7;-6.35779;1;0
148;21;8;-4.93184;1;0
149;21;9;-1.93043;1;0
150;0;22;-5.50753;1;0
151;1;22;0.673262;1;0
152;2;22;-2.23112;1;0
153;3;22;9.82599;1;0
154;4;22;9.10769;1;0
155;5;22;8.72155;1;0
156;22;6;6.11579;1;0
157;22;7;-5.83906;1;0
158;22;8;1.21104;1;0
159;22;9;3.38075;1;0
160;0;23;7.6527;1;0
161;1;23;-8.98296;1;0
162;2;23;-0.998098;1;0
163;3;23;1.42391;1;0
164;4;23;3.02894;1;0
165;5;23;-9.4142;1;0
166;23;6;3.71346;1;0
167;23;7;-0.875024;1;0
168;23;8;6.21503;1;0
169;23;9;9.43625;1;0
170;0;24;4.48742;1;0
171;1;24;5.27057;1;0
172;2;24;-1.23323;1;0
173;3;24;-2.13079;1;0
174;4;24;5.23539;1;0
175;5;24;6.64658;1;0
176;24;6;-9.61754;1;0
177;24;7;0.746715;1;0
178;24;8;9.04053;1;0
179;24;9;-4.53354;1;0
180;0;25;-1.78249;1;0
181;1;25;2.47818;1;0
182;2;25;-3.79848;1;0
183;3;25;-4.26869;1;0
184;4;25;-2.33963;1;0
185;5;25;-3.95114;1;0
186;25;6;2.58177;1;0
187;25;7;2.06011;1;0
188;25;8;-1.18711;1;0
189;25;9;-5.6748;1;0
190;0;26;-1.62863;1;0
191;1;26;1.79355;1;0
192;2;26;-7.07497;1;0
193;3;26;-9.68462;1;0
194;4;26;-8.29723;1;0
195;5;26;-1.18798;1;0
196;26;6;6.26523;1;0
197;26;7;-8.50842;1;0
198;26;8;-7.05424;1;0
199;26;9;-8.24613;1;0
200;0;27;5.69174;1;0
201;1;27;-7.0861;1;0
202;2;27;4.65748;1;0
203;3;27;4.36745;1;0
204;4;27;7.44816;1;0
205;5;27;0.174632;1;0
206;27;6;6.30163;1;0
207;27;7;9.61746;1;0
208;27;8;5.65901;1;0
209;27;9;5.10425;1;0
210;0;28;-2.52281;1;0
211;1;28;-7.80152;1;0
212;2;28;1.3381;1;0
213;3;28;-9.28255;1;0
214;4;28;-8.48212;1;0
215;5;28;-4.91204;1;0
216;28;6;-4.53732;1;0
217;28;7;-3.02324;1;0
218;28;8;-2.14052;1;0
219;28;9;-7.80882;1;0
220;0;29;-0.196817;1;0
221;1;29;-5.42016;1;0
222;2;29;-5.66647;1;0
223;3;29;0.919831;1;0
224;4;29;-3.47187;1;0
225;5;29;-8.17234;1;0
226;29;6;-8.91362;1;0
227;29;7;8.17769;1;0
228;29;8;-4.75034;1;0
229;29;9;-7.31619;1;0
230;0;30;-1.35494;1;0
231;1;30;-3.0689;1;0
232;2;30;5.09253;1;0
233;3;30;0.0348027;1;0
234;4;30;9.3562;1;0
235;5;30;-3.43177;1;0
236;30;6;5.16595;1;0
237;30;7;-1.91993;1;0
238;30;8;8.71777;1;0
239;30;9;-8.55364;1;0
240;0;31;1.04477;1;0
241;1;31;-3.46912;1;0
242;2;31;6.59516;1;0
243;3;31;-1.03566;1;0
244;4;31;-1.61027;1;0
245;5;31;5.02328;1;0
246;31;6;8.99534;1;0
247;31;7;-3.06402;1;0
248;31;8;0.184467;1;0
249;31;9;-2.42773;1;0
250;0;32;3.11834;1;0
251;1;32;-1.79529;1;0
252;2;32;-9.92085;1;0
253;3;32;-8.69147;1;0
254;4;32;-4.50125;1;0
255;5;32;7.17571;1;0
256;32;6;-0.317949;1;0
257;32;7;2.33399;1;0
258;32;8;7.55044;1;0
259;32;9;1.77296;1;0
260;26;33;1.26261;1;0
261;33;33;-3.79524;1;0
262;0;33;-3.92525;1;0
263;1;33;1.97966;1;0
264;2;33;-5.98449;1;0
265;3;33;3.37107;1;0
266;4;33;-3.7114;1;0
267;5;33;1.1306;1;0
268;33;6;1.79784;1;0
269;33;7;-3.95922;1;0
270;33;8;4.14342;1;0
271;33;9;3.31698;1;0
272;28;34;5.12808;1;0
273;34;34;-0.151409;1;0
274;0;34;2.05318;1;0
275;1;34;4.79985;1;0
276;2;34;-6.84335;1;0
277;3;34;-2.48083;1;0
278;4;34;8.84213;1;0
279;5;34;9.0957;1;0
280;34;6;-5.01383;1;0
281;34;7;4.45845;1;0
282;34;8;9.61094;1;0
283;34;9;5.47636;1;0
284;28;35;-1.63953;1;0
285;35;35;4.10192;1;0
286;0;35;-5.18942;1;0
287;1;35;-5.38965;1;0
288;2;35;-1.66921;1;0
289;3;35;-6.77157;1;0
290;4;35;-6.04405;1;0
291;5;35;4.52119;1;0
292;35;6;8.96814;1;0
293;35;7;-8.21992;1;0
294;35;8;-5.61785;1;0
295;35;9;7.94455;1;0
296;31;36;-9.9907;1;0
297;36;36;-8.57586;1;0
298;0;36;-8.64349;1;0
299;1;36;-4.09676;1;0
300;2;36;-2.96417;1;0
301;3;36;-5.28363;1;0
302;4;36;-8.65036;1;0
303;5;36;-4.27905;1;0
304;36;6;-3.19964;1;0
305;36;7;0.822961;1;0
306;36;8;-6.52628;1;0
307;36;9;-0.66791;1;0
308;30;37;8.85276;1;0
309;37;37;7.54789;1;0
310;0;37;2.33596;1;0
311;1;37;-1.39889;1;0
312;2;37;1.11866;1;0
313;3;37;2.32426;1;0
314;4;37;7.11446;1;0
315;5;37;5.9072;1;0
316;37;6;9.54167;1;0
317;37;7;7.87594;1;0
318;37;8;-6.90755;1;0
319;37;9;-2.15571;1;0
320;0;38;-7.60816;1;0
321;1;38;9.34853;1;0
322;2;38;-8.65472;1;0
323;3;38;-1.05165;1;0
324;4;38;-5.73471;1;0
325;5;38;4.92056;1;0
326;38;6;1.9944;1;0
327;38;7;4.44029;1;0
328;38;8;6.21558;1;0
329;38;9;6.63262;1;0
330;0;39;4.81852;1;0
331;1;39;3.88599;1;0
332;2;39;-8.55053;1;0
333;3;39;-7.80772;1;0
334;4;39;-1.01649;1;0
335;5;39;1.49245;1;0
336;39;6;3.00743;1;0
337;39;7;-2.448;1;0
338;39;8;-3.62719;1;0
339;39;9;3.52032;1;0
340;30;40;-0.445042;1;0
341;40;40;-9.82945;1;0
342;0;40;-4.08655;1;0
343;1;40;5.2268;1;0
344;2;40;-0.0954632;1;0
345;3;40;2.34988;1;0
346;4;40;-5.93656;1;0
347;5;40;6.54579;1;0
348;40;6;6.72446;1;0
349;40;7;-0.764305;1;0
350;40;8;-2.14142;1;0
351;40;9;9.93512;1;0
352;0;41;1.26204;1;0
353;1;41;-2.65954;1;0
354;2;41;-0.127464;1;0
355;3;41;9.76415;1;0
356;4;41;1.95964;1;0
357;5;41;4.98622;1;0
358;41;6;1.9175;1;0
359;41;7;-8.73651;1;0
360;41;8;2.44011;1;0
361;41;9;-9.64898;1;0
362;0;42;7.5948;1;0
363;1;42;1.9945;1;0
364;2;42;-6.52872;1;0
365;3;42;2.65668;1;0
366;4;42;-0.0186104;1;0
367;5;42;5.21259;1;0
368;42;6;3.56611;1;0
369;42;7;-5.55079;1;0
370;42;8;-4.63065;1;0
371;42;9;1.72035;1;0
372;0;43;9.99122;1;0
373;1;43;-9.98418;1;0
374;2;43;8.70139;1;0
375;3;43;-5.428;1;0
376;4;43;-9.58448;1;0
377;5;43;-4.23244;1;0
378;43;6;-6.86714;1;0
379;43;7;4.43732;1;0
380;43;8;-5.38015;1;0
381;43;9;7.81189;1;0
382;0;44;2.97066;1;0
383;1;44;7.65594;1;0
384;2;44;-4.47973;1;0
385;3;44;-6.40396;1;0
386;4;44;9.19834;1;0
387;5;44;1.50156;1;0
388;44;6;9.2087;1;0
389;44;7;8.2487;1;0
390;44;8;-8.7014;1;0
391;44;9;-2.0645;1;0
392;30;45;3.06476;1;0
393;40;45;6.41394;1;0
394;45;45;0.910002;1;0
395;0;45;6.31041;1;0
396;1;45;5.29921;1;0
397;2;45;-4.1174;1;0
398;3;45;9.29923;1;0
399;4;45;3.55991;1;0
400;5;45;-0.138227;1;0
401;45;6;7.95976;1;0
402;45;7;-8.01663;1;0
403;45;8;6.73262;1;0
404;45;9;-3.5709;1;0
405;30;46;9.93623;1;0
406;40;46;1.16317;1;0
407;46;46;2.08545;1;0
408;0;46;2.80746;1;0
409;1;46;2.05154;1;0
410;2;46;-9.93114;1;0
411;3;46;-4.96496;1;0
412;4;46;-5.79142;1;0
413;5;46;-3.44417;1;0
414;46;6;6.60105;1;0
415;46;7;6.06594;1;0
416;46;8;4.26866;1;0
417;46;9;4.56058;1;0
418;41;47;4.14704;1;0
419;47;47;4.67109;1;0
420;0;47;8.45879;1;0
421;1;47;-4.26179;1;0
422;2;47;3.62159;1;0
423;3;47;3.17148;1;0
424;4;47;-8.04665;1;0
425;5;47;-1.05806;1;0
426;47;6;7.86088;1;0
427;47;7;-6.493;1;0
428;47;8;2.16968;1;0
429;47;9;6.63925;1;0
430;41;48;0.338508;1;0
431;47;48;6.28968;1;0
432;48;48;-0.167061;1;0
433;0;48;-8.1427;1;0
434;1;48;1.22349;1;0
435;2;48;0.50987;1;0
436;3;48;3.4819;1;0
437;4;48;1.75544;1;0
438;5;48;5.02807;1;0
439;48;6;-0.130759;1;0
440;48;7;9.48385;1;0
441;48;8;9.86197;1;0
442;48;9;-8.00073;1;0
443;41;49;1.70247;1;0
444;47;49;7.42696;1;0
445;48;49;8.11391;1;0
446;49;49;5.10965;1;0
447;0;49;-8.18662;1;0
448;1;49;-7.93415;1;0
449;2;49;4.55394;1;0
450;3;49;6.58823;1;0
451;4;49;-8.92883;1;0
452;5;49;0.39581;1;0
453;49;6;-5.92885;1;0
454;49;7;-9.83722;1;0
455;49;8;3.28927;1;0
456;49;9;6.11231;1;0
457;0;50;-3.78414;1;0
458;1;50;-2.52414;1;0
459;2;50;-4.63499;1;0
460;3;50;-7.93512;1;0
461;4;50;7.28907;1;0
462;5;50;-1.30439;1;0
463;50;6;-3.41883;1;0
464;50;7;-5.75886;1;0
465;50;8;4.9234;1;0
466;50;9;9.44213;1;0
467;0;51;-0.526906;1;0
468;1;51;0.769991;1;0
469;2;51;-6.15692;1;0
470;3;51;3.66052;1;0
471;4;51;-4.96823;1;0
472;5;51;3.5717;1;0
473;51;6;2.45773;1;0
474;51;7;-9.94897;1;0
475;51;8;1.65181;1;0
476;51;9;4.85889;1;0
477;30;52;4.87743;1;0
478;40;52;1.65868;1;0
479;52;52;-1.76687;1;0
480;0;52;3.22522;1;0
481;1;52;-1.50164;1;0
482;2;52;-3.24779;1;0
483;3;52;-2.23118;1;0
484;4;52;-1.94395;1;0
485;5;52;3.51675;1;0
486;52;6;5.89302;1;0
487;52;7;6.937;1;0
488;52;8;-2.76677;1;0
489;52;9;-9.80389;1;0
490;0;53;4.46351;1;0
491;1;53;6.1013;1;0
492;2;53;-8.46461;1;0
493;3;53;3.52599;1;0
494;4;53;-3.05576;1;0
495;5;53;9.93615;1;0
496;53;6;8.10755;1;0
497;53;7;-1.36481;1;0
498;53;8;0.0135401;1;0
499;53;9;3.99651;1;0
500;0;54;3.56178;1;0
501;1;54;1.38096;1;0
502;2;54;8.04997;1;0
503;3;54;-1.70968;1;0
504;4;54;-0.40481;1;0
505;5;54;-5.3787;1;0
506;54;6;-0.81563;1;0
507;54;7;5.38636;1;0
508;54;8;7.28982;1;0
509;54;9;-2.13277;1;0
510;53;55;-8.16344;1;0
511;55;55;3.28474;1;0
512;0;55;-6.17531;1;0
513;1;55;9.24772;1;0
514;2;55;-7.07187;1;0
515;3;55;-8.71066;1;0
516;4;55;2.04692;1;0
517;5;55;4.72563;1;0
518;55;6;8.62491;1;0
519;55;7;-1.58058;1;0
520;55;8;-4.40914;1;0
521;55;9;3.75563;1;0
522;0;56;-7.78468;1;0
523;1;56;4.93891;1;0
524;2;56;1.7594;1;0
525;3;56;9.77021;1;0
526;4;56;5.29573;1;0
527;5;56;-5.91435;1;0
528;56;6;-8.85894;1;0
529;56;7;2.33354;1;0
530;56;8;-3.97894;1;0
531;56;9;-3.15141;1;0
532;41;57;0.0913582;1;0
533;47;57;2.06328;1;0
534;48;57;-9.26339;1;0
535;57;57;5.02224;1;0
536;0;57;2.82775;1;0
537;1;57;7.70329;1;0
538;2;57;9.44341;1;0
539;3;57;3.77318;1;0
540;4;57;-4.26851;1;0
541;5;57;9.69317;1;0
542;57;6;-9.3633;1;0
543;57;7;5.073;1;0
544;57;8;2.94469;1;0
545;57;9;-9.23887;1;0
546;0;58;7.86877;1;0
547;1;58;1.89703;1;0
548;2;58;2.48598;1;0
549;3;58;-2.04515;1;0
550;4;58;-6.29835;1;0
551;5;58;-2.19191;1;0
552;58;6;-1.49668;1;0
553;58;7;-4.6329;1;0
554;58;8;0.761422;1;0
555;58;9;2.78799;1;0
556;30;59;0.190365;1;0
557;40;59;-6.4191;1;0
558;59;59;-6.94935;1;0
559;0;59;-6.72151;1;0
560;1;59;-8.6441;1;0
561;2;59;5.93593;1;0
562;3;59;-7.25135;1;0
563;4;59;-8.9177;1;0
564;5;59;5.00766;1;0
565;59;6;8.02245;1;0
566;59;7;6.49318;1;0
567;59;8;0.761511;1;0
568;59;9;1.75139;1;0
569;30;60;-1.42711;1;0
570;40;60;2.05558;1;0
571;60;60;-1.86749;1;0
572;0;60;1.03193;1;0
573;1;60;7.12794;1;0
574;2;60;-9.57613;1;0
575;3;60;0.204618;1;0
576;4;60;-9.3374;1;0
577;5;60;-2.36156;1;0
578;60;6;-2.90556;1;0
579;60;7;3.74509;1;0
580;60;8;-8.59801;1;0
581;60;9;9.64854;1;0
582;53;61;-5.6175;1;0
583;55;61;9.5289;1;0
584;61;61;-2.92835;1;0
585;0;61;1.55052;1;0
586;1;61;-7.04398;1;0
587;2;61;-9.18174;1;0
588;3;61;5.6814;1;0
589;4;61;-1.80558;1;0
590;5;61;-2.8998;1;0
591;61;6;7.29991;1;0
592;61;7;-2.06563;1;0
593;61;8;0.263853;1;0
594;61;9;0.233584;1;0
595;53;62;7.97278;1;0
596;55;62;2.19413;1;0
597;61;62;-6.8994;1;0
598;62;62;-5.36895;1;0
599;0;62;8.73573;1;0
600;1;62;3.77864;1;0
601;2;62;8.8813;1;0
602;3;62;-5.47588;1;0
603;4;62;1.08906;1;0
604;5;62;1.36135;1;0
605;62;6;1.39336;1;0
606;62;7;-9.75338;1;0
607;62;8;5.10625;1;0
608;62;9;3.33606;1;0
609;53;63;8.80674;1;0
610;55;63;-9.51739;1;0
611;63;63;4.69326;1;0
612;0;63;5.82243;1;0
613;1;63;2.53941;1;0
614;2;63;-6.78791;1;0
615;3;63;1.72064;1;0
616;4;63;3.73963;1;0
617;5;63;-2.2552;1;0
618;63;6;-6.16148;1;0
619;63;7;8.49563;1;0
620;63;8;-9.74106;1;0
621;63;9;-1.99958;1;0
622;53;64;1.802;1;0
623;55;64;-3.96292;1;0
624;61;64;-8.34439;1;0
625;64;64;-7.51276;1;0
626;0;64;5.73264;1;0
627;1;64;-1.41237;1;0
628;2;64;-1.3372;1;0
629;3;64;7.00345;1;0
630;4;64;0.803715;1;0
631;5;64;-5.46489;1;0
632;64;6;-0.240148;1;0
633;64;7;1.87097;1;0
634;64;8;6.62087;1;0
635;64;9;6.46832;1;0
636;53;65;-3.1852;1;0
637;55;65;-1.3432;1;0
638;63;65;-6.42893;1;0
639;65;65;-1.32685;1;0
640;0;65;-3.52481;1;0
641;1;65;6.34432;1;0
642;2;65;9.37414;1;0
643;3;65;-3.3355;1;0
644;4;65;-3.95727;1;0
645;5;65;1.98149;1;0
646;65;6;-7.2869;1;0
647;65;7;-3.66455;1;0
648;65;8;-6.06338;1;0
649;65;9;3.73817;1;0
650;30;66;-4.90791;1;0
651;40;66;-3.77966;1;0
652;66;66;5.64244;1;0
653;0;66;-2.98959;1;0
654;1;66;9.90593;1;0
655;2;66;6.52231;1;0
656;3;66;-1.93335;1;0
657;4;66;5.57314;1;0
658;5;66;-4.61406;1;0
659;66;6;7.31171;1;0
660;66;7;3.23742;1;0
661;66;8;-9.29075;1;0
662;66;9;7.99311;1;0
663;53;67;-7.81197;1;0
664;55;67;-5.8946;1;0
665;67;67;0.882115;1;0
666;0;67;6.49997;1;0
667;1;67;-1.16837;1;0
668;2;67;0.0946382;1;0
669;3;67;4.2586;1;0
670;4;67;7.97882;1;0
671;5;67;-9.67376;1;0
672;67;6;7.92478;1;0
673;67;7;9.27899;1;0
674;67;8;0.99004;1;0
675;67;9;-3.41767;1;0
676;53;68;-2.16476;1;0
677;55;68;4.60511;1;0
678;63;68;1.48089;1;0
679;68;68;-0.817718;1;0
680;0;68;4.20671;1;0
681;1;68;2.19911;1;0
682;2;68;8.98716;1;0
683;3;68;-4.59429;1;0
684;4;68;7.78413;1;0
685;5;68;-2.85474;1;0
686;68;6;2.37746;1;0
687;68;7;-8.2566;1;0
688;68;8;4.10641;1;0
689;68;9;1.84416;1;0
690;53;69;-6.26445;1;0
691;55;69;-1.06743;1;0
692;69;69;7.68856;1;0
693;0;69;-1.4437;1;0
694;1;69;-2.29517;1;0
695;2;69;4.78712;1;0
696;3;69;8.13818;1;0
697;4;69;1.02907;1;0
698;5;69;2.69695;1;0
699;69;6;9.42216;1;0
700;69;7;1.55851;1;0
701;69;8;-3.83656;1;0
702;69;9;-8.00271;1;0
703;53;70;8.65892;1;0
704;55;70;-9.65273;1;0
705;63;70;5.56157;1;0
706;70;70;-8.81457;1;0
707;0;70;-3.14437;1;0
708;1;70;5.9715;1;0
709;2;70;7.42232;1;0
710;3;70;-7.63037;1;0
711;4;70;-1.68632;1;0
712;5;70;-9.86208;1;0
713;70;6;0.742141;1;0
714;70;7;-4.02165;1;0
715;70;8;4.39358;1;0
716;70;9;7.35423;1;0
717;30;71;1.30298;1;0
718;40;71;-8.62491;1;0
719;66;71;3.41554;1;0
720;71;71;-8.39468;1;0
721;0;71;-5.68177;1;0
722;1;71;3.08157;1;0
723;2;71;-9.98151;1;0
724;3;71;-9.28081;1;0
725;4;71;5.09404;1;0
726;5;71;-9.52111;1;0
727;71;6;0.841576;1;0
728;71;7;8.56863;1;0
729;71;8;-3.44098;1;0
730;71;9;1.85374;1;0
731;53;72;4.06875;1;0
732;55;72;-9.95698;1;0
733;63;72;-9.95153;1;0
734;72;72;3.94903;1;0
735;0;72;3.00158;1;0
736;1;72;-0.361626;1;0
737;2;72;-6.56571;1;0
738;3;72;3.08453;1;0
739;4;72;8.4154;1;0
740;5;72;-4.08032;1;0
741;72;6;3.40724;1;0
742;72;7;-6.84446;1;0
743;72;8;-3.27497;1;0
744;72;9;-3.30047;1;0
745;53;73;5.7246;1;0
746;55;73;3.8674;1;0
747;63;73;-8.53532;1;0
748;70;73;-5.03711;1;0
749;73;73;-6.77678;1;0
750;0;73;3.98326;1;0
751;1;73;-8.64898;1;0
752;2;73;-7.98483;1;0
753;3;73;-5.7012;1;0
754;4;73;-7.85855;1;0
755;5;73;7.28431;1;0
756;73;6;1.39907;1;0
757;73;7;4.16176;1;0
758;73;8;-7.59371;1;0
759;73;9;-1.95426;1;0
760;53;74;-2.92575;1;0
761;55;74;-8.87918;1;0
762;74;74;-6.55078;1;0
763;0;74;-7.15307;1;0
764;1;74;4.43933;1;0
765;2;74;6.92806;1;0
766;3;74;2.98843;1;0
767;4;74;-5.09389;1;0
768;5;74;-5.26419;1;0
769;74;6;1.63975;1;0
770;74;7;6.6759;1;0
771;74;8;3.97403;1;0
772;74;9;3.70885;1;0
773;53;75;1.7268;1;0
774;55;75;2.59506;1;0
775;63;75;-4.59392;1;0
776;70;75;-1.51614;1;0
777;73;75;8.63929;1;0
778;75;75;-6.4082;1;0
779;0;75;4.45912;1;0
780;1;75;2.92415;1;0
781;2;75;-6.40483;1;0
782;3;75;0.325057;1;0
783;4;75;5.20272;1;0
784;5;75;9.71724;1;0
785;75;6;2.48878;1;0
786;75;7;-1.32855;1;0
787;75;8;1.92559;1;0
788;75;9;-2.01675;1;0
789;53;76;7.39814;1;0
790;55;76;-0.7219;1;0
791;74;76;-6.64922;1;0
792;76;76;6.90782;1;0
793;0;76;-1.40578;1;0
794;1;76;-8.6376;1;0
795;2;76;-4.89432;1;0
796;3;76;7.23108;1;0
797;4;76;-2.14881;1;0
798;5;76;9.53971;1;0
799;76;6;9.25958;1;0
800;76;7;-3.18393;1;0
801;76;8;-9.96523;1;0
802;76;9;-2.85197;1;0
803;53;77;8.60595;1;0
804;55;77;-1.44678;1;0
805;74;77;2.72188;1;0
806;77;77;-6.85324;1;0
807;0;77;9.57494;1;0
808;1;77;-1.15773;1;0
809;2;77;0.0376898;1;0
810;3;77;-6.88033;1;0
811;4;77;-9.30585;1;0
812;5;77;-5.39555;1;0
813;77;6;5.01548;1;0
814;77;7;9.89717;1;0
815;77;8;-8.60013;1;0
816;77;9;-5.25799;1;0
817;30;78;0.517821;1;0
818;40;78;-5.07748;1;0
819;66;78;6.74095;1;0
820;78;78;6.1383;1;0
821;0;78;1.16823;1;0
822;1;78;8.56016;1;0
823;2;78;3.15354;1;0
824;3;78;-9.2653;1;0
825;4;78;-4.49999;1;0
826;5;78;-4.78592;1;0
827;78;6;-1.77778;1;0
828;78;7;-3.18576;1;0
829;78;8;-0.53782;1;0
830;78;9;8.01329;1;0
831;53;79;2.52406;1;0
832;55;79;2.32137;1;0
833;74;79;1.15817;1;0
834;79;79;2.57088;1;0
835;0;79;5.99824;1;0
836;1;79;4.24265;1;0
837;2;79;8.08677;1;0
838;3;79;0.912256;1;0
839;4;79;3.91223;1;0
840;5;79;2.16582;1;0
841;79;6;-4.00496;1;0
842;79;7;3.31147;1;0
843;79;8;-9.84485;1;0
844;79;9;9.08237;1;0
845;53;80;-8.88454;1;0
846;55;80;-6.68688;1;0
847;74;80;-6.89157;1;0
848;80;80;-0.606347;1;0
849;0;80;2.38729;1;0
850;1;80;-5.86859;1;0
851;2;80;5.96765;1;0
852;3;80;-8.90757;1;0
853;4;80;3.03091;1;0
854;5;80;-1.49478;1;0
855;80;6;-8.92824;1;0
856;80;7;-5.59848;1;0
857;80;8;1.69682;1;0
858;80;9;9.77187;1;0
859;53;81;6.60436;1;0
860;55;81;4.46248;1;0
861;74;81;2.64769;1;0
862;81;81;-1.1785;1;0
863;0;81;-5.85905;1;0
864;1;81;6.66626;1;0
865;2;81;-6.59326;1;0
866;3;81;4.61881;1;0
867;4;81;6.44004;1;0
868;5;81;0.493232;1;0
869;81;6;9.34195;1;0
870;81;7;0.212885;1;0
871;81;8;-8.46147;1;0
872;81;9;-9.87752;1;0
873;53;82;-6.64202;1;0
874;55;82;3.42357;1;0
875;74;82;-3.6169;1;0
876;81;82;5.5871;1;0
877;82;82;9.30488;1;0
878;0;82;5.93785;1;0
879;1;82;-2.1185;1;0
880;2;82;1.50791;1;0
881;3;82;5.74758;1;0
882;4;82;-7.71604;1;0
883;5;82;-3.18438;1;0
884;82;6;9.41756;1;0
885;82;7;2.3558;1;0
886;82;8;-2.57806;1;0
887;82;9;8.24866;1;0
888;53;83;6.15439;1;0
889;55;83;-1.74929;1;0
890;74;83;-0.93179;1;0
891;81;83;-8.35595;1;0
892;83;83;-5.87494;1;0
893;0;83;-4.38191;1;0
894;1;83;1.24827;1;0
895;2;83;-9.79342;1;0
896;3;83;-6.18243;1;0
897;4;83;-4.61721;1;0
898;5;83;-0.563563;1;0
899;83;6;-6.55904;1;0
900;83;7;0.57211;1;0
901;83;8;-4.66192;1;0
902;83;9;8.9112;1;0
903;30;84;-1.03211;1;0
904;40;84;1.34665;1;0
905;66;84;5.96735;1;0
906;84;84;-1.97462;1;0
907;0;84;0.730581;1;0
908;1;84;0.372059;1;0
909;2;84;9.15563;1;0
910;3;84;8.75813;1;0
911;4;84;-3.60041;1;0
912;5;84;7.16563;1;0
913;84;6;-8.58328;1;0
914;84;7;8.62249;1;0
915;84;8;9.97663;1;0
916;84;9;7.71803;1;0
917;53;85;-7.58158;1;0
918;55;85;9.8787;1;0
919;63;85;9.1548;1;0
920;70;85;7.94356;1;0
921;73;85;2.31134;1;0
922;85;85;-5.23462;1;0
923;0;85;6.27631;1;0
924;1;85;5.55659;1;0
925;2;85;-3.68637;1;0
926;3;85;-1.96091;1;0
927;4;85;8.36554;1;0
928;5;85;-1.38876;1;0
929;85;6;-1.20907;1;0
930;85;7;-1.04253;1;0
931;85;8;-1.07309;1;0
932;85;9;7.58351;1;0
933;53;86;1.979;1;0
934;55;86;2.7281;1;0
935;63;86;0.401256;1;0
936;70;86;-3.63553;1;0
937;73;86;-0.451263;1;0
938;86;86;-9.48009;1;0
939;0;86;5.64515;1;0
940;1;86;-7.92621;1;0
941;2;86;6.31613;1;0
942;3;86;3.38103;1;0
943;4;86;1.62215;1;0
944;5;86;-2.91837;1;0
945;86;6;-1.52619;1;0
946;86;7;3.47708;1;0
947;86;8;9.83923;1;0
948;86;9;-2.13659;1;0
949;53;87;2.28785;1;0
950;55;87;-4.61002;1;0
951;63;87;-0.798321;1;0
952;70;87;0.756174;1;0
953;73;87;7.73143;1;0
954;87;87;-2.90185;1;0
955;0;87;3.15546;1;0
956;1;87;-4.45215;1;0
957;2;87;3.50197;1;0
958;3;87;-3.22111;1;0
959;4;87;-5.41715;1;0
960;5;87;-5.02165;1;0
961;87;6;0.648045;1;0
962;87;7;-4.9343;1;0
963;87;8;9.38401;1;0
964;87;9;-2.60912;1;0
965;30;88;9.03604;1;0
966;40;88;4.38071;1;0
967;66;88;-2.75381;1;0
968;71;88;1.75942;1;0
969;88;88;-3.90157;1;0
970;0;88;1.51975;1;0
971;1;88;7.67228;1;0
972;2;88;8.73219;1;0
973;3;88;-3.25484;1;0
974;4;88;5.00818;1;0
975;5;88;-7.33688;1;0
976;88;6;9.55493;1;0
977;88;7;3.5192;1;0
978;88;8;3.18343;1;0
979;88;9;-9.16741;1;0
980;30;89;8.70309;1;0
981;40;89;5.37535;1;0
982;66;89;5.20309;1;0
983;71;89;-6.8603;1;0
984;89;89;8.0499;1;0
985;0;89;4.77238;1;0
986;1;89;-7.0789;1;0
987;2;89;-8.77296;1;0
988;3;89;7.45984;1;0
989;4;89;-4.67568;1;0
990;5;89;7.74078;1;0
991;89;6;-4.71716;1;0
992;89;7;-7.45228;1;0
993;89;8;-5.48496;1;0
994;89;9;2.55047;1;0
995;53;90;2.76379;1;0
996;55;90;-8.48855;1;0
997;74;90;-4.87316;1;0
998;81;90;8.41465;1;0
999;90;90;-0.895825;1;0
1000;0;90;-5.67272;1;0
1001;1;90;4.27905;1;0
1002;2;90;-8.68913;1;0
1003;3;90;6.67735;1;0
1004;4;90;-5.19904;1;0
1005;5;90;9.8395;1;0
1006;90;6;1.22448;1;0
1007;90;7;-2.8615;1;0
1008;90;8;-4.07539;1;0
1009;90;9;0.628842;1;0
1010;30;91;5.8402;1;0
1011;40;91;3.66971;1;0
1012;66;91;9.253;1;0
1013;91;91;7.51863;1;0
1014;0;91;9.82113;1;0
1015;1;91;-8.92092;1;0
1016;2;91;-4.08326;1;0
1017;3;91;0.752964;1;0
1018;4;91;4.63526;1;0
1019;5;91;7.29969;1;0
1020;91;6;9.1792;1;0
1021;91;7;-2.76918;1;0
1022;91;8;1.53436;1;0
1023;91;9;-6.97186;1;0
1024;30;92;4.04648;1;0
1025;40;92;-7.78178;1;0
1026;66;92;-1.23693;1;0
1027;92;92;9.3535;1;0
1028;0;92;-3.8749;1;0
1029;1;92;-7.12919;1;0
1030;2;92;1.36384;1;0
1031;3;92;9.02914;1;0
1032;4;92;-0.159098;1;0
1033;5;92;0.618384;1;0
1034;92;6;-9.48646;1;0
1035;92;7;-3.41126;1;0
1036;92;8;-2.37658;1;0
1037;92;9;-5.48021;1;0
1038;53;93;-2.06582;1;0
1039;55;93;-2.71239;1;0
1040;74;93;4.08771;1;0
1041;81;93;-8.6312;1;0
1042;93;93;-6.99717;1;0
1043;0;93;9.53954;1;0
1044;1;93;-3.48579;1;0
1045;2;93;7.5972;1;0
1046;3;93;-1.78495;1;0
1047;4;93;-9.90858;1;0
1048;5;93;8.63771;1;0
1049;93;6;-5.08432;1;0
1050;93;7;7.9069;1;0
1051;93;8;6.61395;1;0
1052;93;9;-5.57775;1;0
1053;30;94;3.48133;1;0
1054;40;94;-1.98123;1;0
1055;66;94;3.91998;1;0
1056;71;94;8.51745;1;0
1057;94;94;-6.42736;1;0
1058;0;94;1.33889;1;0
1059;1;94;9.84344;1;0
1060;2;94;-2.02264;1;0
1061;3;94;-8.62914;1;0
1062;4;94;3.88216;1;0
1063;5;94;-3.31322;1;0
1064;94;6;3.54597;1;0
1065;94;7;1.45961;1;0
1066;94;8;-2.13213;1;0
1067;94;9;7.82509;1;0
1068;30;95;-2.03984;1;0
1069;40;95;-5.11562;1;0
1070;66;95;0.300433;1;0
1071;71;95;-3.61988;1;0
1072;95;95;-8.80268;1;0
1073;0;95;-3.98302;1;0
1074;1;95;-9.99136;1;0
1075;2;95;7.54601;1;0
1076;3;95;8.18788;1;0
1077;4;95;-1.27848;1;0
1078;5;95;0.698166;1;0
1079;95;6;3.37034;1;0
1080;95;7;3.39641;1;0
1081;95;8;7.24763;1;0
1082;95;9;0.530854;1;0
1083;30;96;5.71787;1;0
1084;40;96;-2.27638;1;0
1085;66;96;-4.15812;1;0
1086;92;96;-6.08282;1;0
1087;96;96;-8.77604;1;0
1088;0;96;2.41619;1;0
1089;1;96;-9.78423;1;0
1090;2;96;-7.73886;1;0
1091;3;96;-7.54363;1;0
1092;4;96;3.78966;1;0
1093;5;96;0.277979;1;0
1094;96;6;-1.50176;1;0
1095;96;7;3.9368;1;0
1096;96;8;8.16367;1;0
1097;96;9;-2.00829;1;0
1098;30;97;-5.83625;1;0
1099;40;97;4.69041;1;0
1100;66;97;-5.35405;1;0
1101;71;97;9.84507;1;0
1102;97;97;0.499884;1;0
1103;0;97;-5.43088;1;0
1104;1;97;-3.70768;1;0
1105;2;97;-9.7562;1;0
1106;3;97;-2.60235;1;0
1107;4;97;-9.22046;1;0
1108;5;97;2.65636;1;0
1109;97;6;7.55747;1;0
1110;97;7;6.52683;1;0
1111;97;8;4.31447;1;0
1112;97;9;3.30675;1;0
1113;53;98;9.31194;1;0
1114;55;98;6.28483;1;0
1115;74;98;4.6991;1;0
1116;81;98;-4.03797;1;0
1117;90;98;-4.50214;1;0
1118;98;98;-8.39054;1;0
1119;0;98;-3.01971;1;0
1120;1;98;9.9599;1;0
1121;2;98;-2.30975;1;0
1122;3;98;1.29376;1;0
1123;4;98;-2.56776;1;0
1124;5;98;-7.09571;1;0
1125;98;6;3.82745;1;0
1126;98;7;-2.44531;1;0
1127;98;8;6.0289;1;0
1128;98;9;-8.61308;1;0
1129;30;99;1.61677;1;0
1130;40;99;-3.64507;1;0
1131;66;99;0.410448;1;0
1132;92;99;0.733349;1;0
1133;99;99;3.07687;1;0
1134;0;99;-7.69218;1;0
1135;1;99;-7.7714;1;0
1136;2;99;5.51336;1;0
1137;3;99;0.840826;1;0
1138;4;99;8.54553;1;0
1139;5;99;-3.68946;1;0
1140;99;6;-2.57012;1;0
1141;99;7;8.20028;1;0
1142;99;8;-8.00637;1;0
1143;99;9;2.9404;1;0
1144;30;100;7.40684;1;0
1145;40;100;-1.26518;1;0
1146;66;100;8.54615;1;0
1147;71;100;9.61744;1;0
1148;97;100;6.75384;1;0
1149;100;100;5.01074;1;0
1150;0;100;3.11302;1;0
1151;1;100;8.74057;1;0
1152;2;100;6.62768;1;0
1153;3;100;-9.32791;1;0
1154;4;100;-4.36258;1;0
1155;5;100;8.58909;1;0
1156;100;6;8.3045;1;0
1157;100;7;-6.96776;1;0
1158;100;8;2.13268;1;0
1159;100;9;-6.12484;1;0
1160;30;101;1.85934;1;0
1161;40;101;3.6165;1;0
1162;66;101;7.73091;1;0
1163;92;101;-1.95442;1;0
1164;101;101;9.02803;1;0
1165;0;101;3.98858;1;0
1166;1;101;4.39813;1;0
1167;2;101;3.74597;1;0
1168;3;101;-6.42516;1;0
1169;4;101;2.00999;1;0
1170;5;101;5.21546;1;0
1171;101;6;-9.4591;1;0
1172;101;7;-1.4891;1;0
1173;101;8;0.886522;1;0
1174;101;9;4.88108;1;0
1175;53;102;2.96432;1;0
1176;55;102;3.14473;1;0
1177;74;102;6.01764;1;0
1178;81;102;0.698271;1;0
1179;90;102;-0.658605;1;0
1180;102;102;8.25019;1;0
1181;0;102;-0.526469;1;0
1182;1;102;1.02933;1;0
1183;2;102;6.62108;1;0
1184;3;102;-3.4627;1;0
1185;4;102;0.711041;1;0
1186;5;102;-2.49383;1;0
1187;102;6;-6.92918;1;0
1188;102;7;6.45204;1;0
1189;102;8;-1.35447;1;0
1190;102;9;0.846006;1;0
1191;30;103;-3.09935;1;0
1192;40;103;0.281383;1;0
1193;66;103;1.283;1;0
1194;92;103;0.764243;1;0
1195;96;103;-4.42958;1;0
1196;103;103;-0.0318577;1;0
1197;0;103;2.96962;1;0
1198;1;103;-8.0199;1;0
1199;2;103;-8.44631;1;0
1200;3;103;6.7807;1;0
1201;4;103;5.64561;1;0
1202;5;103;4.68049;1;0
1203;103;6;-3.94958;1;0
1204;103;7;8.05218;1;0
1205;103;8;-3.17258;1;0
1206;103;9;9.84136;1;0
1207;30;104;-5.92933;1;0
1208;40;104;-4.91453;1;0
1209;66;104;0.278721;1;0
1210;71;104;5.54836;1;0
1211;104;104;-1.289;1;0
1212;0;104;8.9728;1;0
1213;1;104;-6.12302;1;0
1214;2;104;0.663372;1;0
1215;3;104;-6.46727;1;0
1216;4;104;-6.19094;1;0
1217;5;104;-6.94665;1;0
1218;104;6;-6.88649;1;0
1219;104;7;-9.77039;1;0
1220;104;8;-2.10705;1;0
1221;104;9;0.698334;1;0
1222;30;105;-5.94351;1;0
1223;40;105;-1.91359;1;0
1224;66;105;-6.33308;1;0
1225;71;105;0.911593;1;0
1226;104;105;-6.40546;1;0
1227;105;105;-6.6011;1;0
1228;0;105;-2.60752;1;0
1229;1;105;7.67688;1;0
1230;2;105;-2.4874;1;0
1231;3;105;1.23701;1;0
1232;4;105;-4.72193;1;0
1233;5;105;5.56585;1;0
1234;105;6;5.73824;1;0
1235;105;7;6.89145;1;0
1236;105;8;-7.4931;1;0
1237;105;9;-4.21606;1;0
1238;53;106;-4.64023;1;0
1239;55;106;-5.77195;1;0
1240;74;106;8.62837;1;0
1241;81;106;-0.537528;1;0
1242;90;106;-9.87;1;0
1243;106;106;-3.93607;1;0
1244;0;106;8.41221;1;0
1245;1;106;6.61295;1;0
1246;2;106;5.55387;1;0
1247;3;106;-1.10586;1;0
1248;4;106;7.12432;1;0
1249;5;106;6.18187;1;0
1250;106;6;-9.22894;1;0
1251;106;7;-0.535178;1;0
1252;106;8;-2.36132;1;0
1253;106;9;9.29682;1;0
1254;53;107;7.89489;1;0
1255;55;107;-7.01697;1;0
1256;74;107;-6.02549;1;0
1257;81;107;-2.29461;1;0
1258;90;107;9.18758;1;0
1259;107;107;-2.64517;1;0
1260;0;107;1.05718;1;0
1261;1;107;-8.79999;1;0
1262;2;107;-3.92903;1;0
1263;3;107;8.86366;1;0
1264;4;107;-5.35984;1;0
1265;5;107;4.57726;1;0
1266;107;6;3.0775;1;0
1267;107;7;-2.48962;1;0
1268;107;8;2.21693;1;0
1269;107;9;-2.68592;1;0
1270;30;108;-8.53517;1;0
1271;40;108;8.63981;1;0
1272;66;108;-2.94559;1;0
1273;92;108;0.268597;1;0
1274;96;108;-6.98064;1;0
1275;108;108;2.88487;1;0
1276;0;108;-5.18043;1;0
1277;1;108;-9.62328;1;0
1278;2;108;-2.81185;1;0
1279;3;108;3.74091;1;0
1280;4;108;4.31985;1;0
1281;5;108;3.52607;1;0
1282;108;6;7.46295;1;0
1283;108;7;-1.5089;1;0
1284;108;8;7.29534;1;0
1285;108;9;-4.69862;1;0
1286;53;109;-7.88951;1;0
1287;55;109;-0.437011;1;0
1288;74;109;5.57208;1;0
1289;81;109;6.31669;1;0
1290;90;109;-6.99517;1;0
1291;109;109;9.59424;1;0
1292;0;109;9.01216;1;0
1293;1;109;2.79591;1;0
1294;2;109;2.05586;1;0
1295;3;109;-2.35714;1;0
1296;4;109;7.69779;1;0
1297;5;109;7.21324;1;0
1298;109;6;6.60884;1;0
1299;109;7;-6.51946;1;0
1300;109;8;0.957042;1;0
1301;109;9;6.88498;1;0
1302;30;110;5.64398;1;0
1303;40;110;2.26558;1;0
1304;66;110;3.45919;1;0
1305;92;110;2.94494;1;0
1306;96;110;-9.99569;1;0
1307;110;110;-3.46143;1;0
1308;0;110;-3.78937;1;0
1309;1;110;-8.23258;1;0
1310;2;110;-6.3207;1;0
1311;3;110;9.48898;1;0
1312;4;110;1.9242;1;0
1313;5;110;-8.09013;1;0
1314;110;6;-5.99115;1;0
1315;110;7;-1.76226;1;0
1316;110;8;-5.51314;1;0
1317;110;9;3.19839;1;0
1318;30;111;-9.19226;1;0
1319;40;111;-6.60703;1;0
1320;66;111;3.03486;1;0
1321;92;111;9.72884;1;0
1322;96;111;0.454342;1;0
1323;111;111;-2.18861;1;0
1324;0;111;8.58028;1;0
1325;1;111;-6.80358;1;0
1326;2;111;-4.59325;1;0
1327;3;111;6.37226;1;0
1328;4;111;-6.88206;1;0
1329;5;111;-4.10885;1;0
1330;111;6;5.43876;1;0
1331;111;7;6.32193;1;0
1332;111;8;-7.41722;1;0
1333;111;9;1.17342;1;0
0
22
22
1660.57;115.526
88
0;0;6;5.02721;1;1
1;0;7;7.53893;1;1
2;0;8;6.96188;1;1
3;0;9;-8.35953;1;1
4;1;6;-7.40262;1;1
5;1;7;-5.25686;1;1
6;1;8;-7.98317;1;1
7;1;9;2.5813;1;1
8;2;6;2.9619;1;1
9;2;7;7.56042;1;1
10;2;8;4.84739;1;1
11;2;9;-0.90794;1;1
12;3;6;9.47912;1;1
13;3;7;-9.66617;0;1
14;3;8;4.37822;1;1
15;3;9;12.0782;1;1
16;4;6;-11.5155;1;1
17;4;7;7.90805;1;1
18;4;8;-8.65669;1;1
19;4;9;0.384216;1;1
20;5;6;1.43655;1;1
21;5;7;-6.58411;1;1
22;5;8;-2.93872;1;1
23;5;9;0.38531;1;1
490;0;53;4.46351;1;1
491;1;53;6.1013;1;1
492;2;53;-8.46461;1;1
493;3;53;3.52599;1;1
494;4;53;-3.05576;1;1
495;5;53;9.93615;1;1
496;53;6;8.10755;1;1
497;53;7;-1.36481;1;1
498;53;8;0.0135401;1;1
499;53;9;3.99651;1;1
510;53;55;-4.16009;1;1
511;55;55;-6.54791;1;1
512;0;55;-8.57793;1;1
513;1;55;-9.99705;1;1
514;2;55;-1.41354;1;1
515;3;55;-6.86049;1;1
516;4;55;0.124956;1;1
517;5;55;4.53949;1;1
518;55;6;-3.14815;0;1
519;55;7;2.14479;1;1
520;55;8;2.79956;1;1
521;55;9;-5.48702;1;1
760;53;74;-2.65158;1;1
761;55;74;-8.49032;1;1
762;74;74;-9.30962;1;1
763;0;74;-7.13593;1;1
764;1;74;-5.04296;1;1
765;2;74;1.83653;1;1
766;3;74;5.74047;1;1
767;4;74;7.17958;1;1
768;5;74;1.32216;0;1
769;74;6;-3.94662;1;1
770;74;7;-2.70025;1;1
771;74;8;-2.12947;0;1
772;74;9;-3.99754;1;1
859;53;81;5.59234;1;1
860;55;81;8.30442;1;1
861;74;81;1.67241;1;1
862;81;81;-3.4616;1;1
863;0;81;-7.27447;1;1
864;1;81;4.67494;1;1
865;2;81;-6.59326;1;1
866;3;81;4.61881;1;1
867;4;81;2.11847;1;1
868;5;81;0.870588;1;1
869;81;6;9.34195;1;1
870;81;7;-0.444875;1;1
871;81;8;-12.0565;1;1
872;81;9;-12.4538;1;1
995;53;90;-1.30159;1;0
996;55;90;-7.17227;1;0
997;74;90;-11.1724;1;0
998;81;90;5.23637;1;0
999;90;90;0.388665;1;0
1000;0;90;-5.67272;1;0
1001;1;90;7.04473;1;0
1002;2;90;-6.8395;0;0
1003;3;90;4.72549;1;0
1004;4;90;-0.0965952;1;0
1005;5;90;11.8816;1;0
1006;90;6;-1.36162;1;0
1007;90;7;-2.17559;1;0
1008;90;8;-5.89046;1;0
1009;90;9;4.52598;1;0
297.863;0
88
0;0;6;5.02721;1;1
1;0;7;7.53893;1;1
2;0;8;6.96188;1;1
3;0;9;-8.35953;1;1
4;1;6;-7.40262;1;1
5;1;7;-5.25686;1;1
6;1;8;-7.98317;1;1
7;1;9;2.5813;1;1
8;2;6;2.9619;1;1
9;2;7;7.56042;1;1
10;2;8;4.84739;1;1
11;2;9;-0.90794;1;1
12;3;6;9.47912;1;1
13;3;7;-9.66617;0;1
14;3;8;4.37822;1;1
15;3;9;12.0782;1;1
16;4;6;-11.5155;1;1
17;4;7;7.90805;1;1
18;4;8;-8.65669;1;1
19;4;9;0.384216;1;1
20;5;6;1.43655;1;1
21;5;7;-6.58411;1;1
22;5;8;-2.93872;1;1
23;5;9;0.38531;1;1
490;0;53;4.46351;1;1
491;1;53;6.1013;1;1
492;2;53;-8.46461;1;1
493;3;53;3.52599;1;1
494;4;53;-3.05576;1;1
495;5;53;9.93615;1;1
496;53;6;8.10755;1;1
497;53;7;-1.36481;1;1
498;53;8;0.0135401;1;1
499;53;9;3.99651;1;1
510;53;55;-4.16009;1;1
511;55;55;-6.54791;1;1
512;0;55;-8.57793;1;1
513;1;55;-9.99705;1;1
514;2;55;-1.41354;1;1
515;3;55;-6.86049;1;1
516;4;55;0.124956;1;1
517;5;55;4.53949;1;1
518;55;6;-3.14815;0;1
519;55;7;2.14479;1;1
520;55;8;2.79956;1;1
521;55;9;-5.48702;1;1
760;53;74;-2.65158;1;1
761;55;74;-8.49032;1;1
762;74;74;-9.30962;1;1
763;0;74;-7.13593;1;1
764;1;74;-5.04296;1;1
765;2;74;1.83653;1;1
766;3;74;5.74047;1;1
767;4;74;7.17958;1;1
768;5;74;1.32216;0;1
769;74;6;-3.94662;1;1
770;74;7;-2.70025;1;1
771;74;8;-2.12947;0;1
772;74;9;-3.99754;1;1
859;53;81;5.59234;1;1
860;55;81;8.30442;1;1
861;74;81;1.67241;1;1
862;81;81;-3.4616;1;1
863;0;81;-7.27447;1;1
864;1;81;4.67494;1;1
865;2;81;-6.59326;1;1
866;3;81;4.61881;1;1
867;4;81;2.11847;1;1
868;5;81;0.870588;1;1
869;81;6;9.34195;1;1
870;81;7;-0.444875;1;1
871;81;8;-12.0565;1;1
872;81;9;-12.4538;1;1
995;53;90;0.293806;1;0
996;55;90;-8.32157;1;0
997;74;90;-11.1724;1;0
998;81;90;5.35805;1;0
999;90;90;-1.43512;1;0
1000;0;90;-4.07593;1;0
1001;1;90;6.90716;1;0
1002;2;90;-4.82728;0;0
1003;3;90;5.91666;1;0
1004;4;90;1.20796;1;0
1005;5;90;9.0625;1;0
1006;90;6;-1.80076;1;0
1007;90;7;-2.17559;1;0
1008;90;8;-4.61155;1;0
1009;90;9;4.52598;1;0
1879.61;0
88
0;0;6;5.02721;1;1
1;0;7;7.53893;1;1
2;0;8;6.96188;1;1
3;0;9;-8.35953;1;1
4;1;6;-7.40262;1;1
5;1;7;-5.25686;1;1
6;1;8;-7.98317;1;1
7;1;9;2.5813;1;1
8;2;6;2.9619;1;1
9;2;7;7.56042;1;1
10;2;8;4.84739;1;1
11;2;9;-0.90794;1;1
12;3;6;9.47912;1;1
13;3;7;-9.66617;1;1
14;3;8;4.37822;1;1
15;3;9;12.0782;1;1
16;4;6;-11.5155;1;1
17;4;7;7.90805;1;1
18;4;8;-8.65669;1;1
19;4;9;0.384216;1;1
20;5;6;1.43655;1;1
21;5;7;-6.58411;1;1
22;5;8;-2.93872;1;1
23;5;9;0.38531;1;1
490;0;53;4.46351;1;1
491;1;53;6.1013;1;1
492;2;53;-8.46461;1;1
493;3;53;3.52599;1;1
494;4;53;-3.05576;1;1
495;5;53;9.93615;1;1
496;53;6;8.10755;1;1
497;53;7;-1.36481;1;1
498;53;8;0.0135401;1;1
499;53;9;3.99651;1;1
510;53;55;-4.16009;1;1
511;55;55;-6.54791;1;1
512;0;55;-8.57793;1;1
513;1;55;-9.99705;1;1
514;2;55;-1.41354;1;1
515;3;55;-6.86049;1;1
516;4;55;0.124956;1;1
517;5;55;4.53949;1;1
518;55;6;-3.14815;0;1
519;55;7;2.14479;1;1
520;55;8;2.79956;1;1
521;55;9;-5.48702;1;1
760;53;74;-2.65158;1;1
761;55;74;-8.49032;1;1
762;74;74;-9.30962;1;1
763;0;74;-7.13593;1;1
764;1;74;-5.04296;1;1
765;2;74;1.83653;1;1
766;3;74;5.74047;1;1
767;4;74;7.17958;1;1
768;5;74;1.32216;0;1
769;74;6;-3.94662;1;1
770;74;7;-2.70025;1;1
771;74;8;-2.12947;1;1
772;74;9;-3.99754;1;1
859;53;81;5.59234;1;1
860;55;81;8.30442;1;1
861;74;81;1.67241;1;1
862;81;81;-3.4616;1;1
863;0;81;-7.27447;1;1
864;1;81;4.67494;1;1
865;2;81;-6.59326;1;1
866;3;81;4.61881;1;1
867;4;81;2.11847;1;1
868;5;81;0.870588;1;1
869;81;6;9.34195;1;1
870;81;7;-0.444875;1;1
871;81;8;-12.0565;1;1
872;81;9;-12.4538;1;1
995;53;90;-0.327942;1;1
996;55;90;-7.75829;1;0
997;74;90;-8.33026;1;1
998;81;90;12.9275;0;1
999;90;90;-0.230198;1;0
1000;0;90;-10.2409;1;1
1001;1;90;5.66787;1;1
1002;2;90;-10.833;1;0
1003;3;90;0.272151;1;0
1004;4;90;-2.61405;1;0
1005;5;90;12.1658;1;0
1006;90;6;4.41249;1;0
1007;90;7;-6.4554;1;1
1008;90;8;-4.85113;1;1
1009;90;9;-0.386698;1;0
1805.91;0
88
0;0;6;5.02721;1;1
1;0;7;7.53893;1;1
2;0;8;6.96188;1;1
3;0;9;-8.35953;1;1
4;1;6;-7.40262;1;1
5;1;7;-5.25686;1;1
6;1;8;-7.98317;1;1
7;1;9;2.5813;1;1
8;2;6;2.9619;1;1
9;2;7;7.56042;1;1
10;2;8;4.84739;1;1
11;2;9;-0.90794;1;1
12;3;6;9.47912;1;1
13;3;7;-9.66617;1;1
14;3;8;4.37822;1;1
15;3;9;12.0782;1;1
16;4;6;-11.5155;1;1
17;4;7;7.90805;1;1
18;4;8;-8.65669;1;1
19;4;9;0.384216;1;1
20;5;6;1.43655;1;1
21;5;7;-6.58411;1;1
22;5;8;-2.93872;1;1
23;5;9;0.38531;1;1
490;0;53;4.46351;1;1
491;1;53;6.1013;1;1
492;2;53;-8.46461;1;1
493;3;53;3.52599;1;1
494;4;53;-3.05576;1;1
495;5;53;9.93615;1;1
496;53;6;8.10755;1;1
497;53;7;-1.36481;1;1
498;53;8;0.0135401;1;1
499;53;9;3.99651;1;1
510;53;55;-4.16009;1;1
511;55;55;-6.54791;1;1
512;0;55;-8.57793;1;1
513;1;55;-9.99705;1;1
514;2;55;-1.41354;1;1
515;3;55;-6.86049;1;1
516;4;55;0.124956;1;1
517;5;55;4.53949;1;1
518;55;6;-3.14815;0;1
519;55;7;2.14479;1;1
520;55;8;2.79956;1;1
521;55;9;-5.48702;1;1
760;53;74;-2.65158;1;1
761;55;74;-8.49032;1;1
762;74;74;-9.30962;1;1
763;0;74;-7.13593;1;1
764;1;74;-5.04296;1;1
765;2;74;1.83653;1;1
766;3;74;5.74047;1;1
767;4;74;7.17958;1;1
768;5;74;1.32216;1;1
769;74;6;-3.94662;1;1
770;74;7;-2.70025;1;1
771;74;8;-2.12947;0;1
772;74;9;-3.99754;1;1
859;53;81;5.59234;1;1
860;55;81;8.30442;1;1
861;74;81;1.67241;1;1
862;81;81;-3.4616;1;1
863;0;81;-7.27447;1;1
864;1;81;4.67494;1;1
865;2;81;-6.59326;1;1
866;3;81;4.61881;1;1
867;4;81;2.11847;1;1
868;5;81;0.870588;1;1
869;81;6;9.34195;1;1
870;81;7;-0.444875;1;1
871;81;8;-12.0565;1;1
872;81;9;-12.4538;1;1
995;53;90;-2.03337;1;0
996;55;90;-9.84913;1;0
997;74;90;-10.2816;1;0
998;81;90;2.88664;1;0
999;90;90;1.86085;1;0
1000;0;90;-3.75909;1;0
1001;1;90;6.21401;1;0
1002;2;90;-8.80146;0;0
1003;3;90;2.13153;1;0
1004;4;90;-0.0965952;1;0
1005;5;90;11.8816;1;0
1006;90;6;-1.36162;1;0
1007;90;7;-11.3081;1;0
1008;90;8;-9.16875;1;0
1009;90;9;4.52598;1;0
1518.12;0
88
0;0;6;5.02721;1;1
1;0;7;7.53893;1;1
2;0;8;6.96188;1;1
3;0;9;-8.35953;1;1
4;1;6;-7.40262;1;1
5;1;7;-5.25686;1;1
6;1;8;-7.98317;1;1
7;1;9;2.5813;1;1
8;2;6;2.9619;1;1
9;2;7;7.56042;1;1
10;2;8;4.84739;1;1
11;2;9;-0.90794;1;1
12;3;6;9.47912;1;1
13;3;7;-9.66617;0;1
14;3;8;4.37822;1;1
15;3;9;12.0782;1;1
16;4;6;-11.5155;1;1
17;4;7;7.90805;1;1
18;4;8;-8.65669;1;1
19;4;9;0.384216;1;1
20;5;6;1.43655;1;1
21;5;7;-6.58411;1;1
22;5;8;-2.93872;1;1
23;5;9;0.38531;1;1
490;0;53;4.46351;1;1
491;1;53;6.1013;1;1
492;2;53;-8.46461;1;1
493;3;53;3.52599;1;1
494;4;53;-3.05576;1;1
495;5;53;9.93615;1;1
496;53;6;8.10755;1;1
497;53;7;-1.36481;1;1
498;53;8;0.0135401;1;1
499;53;9;3.99651;1;1
510;53;55;-4.16009;1;1
511;55;55;-6.54791;1;1
512;0;55;-8.57793;1;1
513;1;55;-9.99705;1;1
514;2;55;-1.41354;1;1
515;3;55;-6.86049;1;1
516;4;55;0.124956;1;1
517;5;55;4.53949;1;1
518;55;6;-3.14815;0;1
519;55;7;2.14479;1;1
520;55;8;2.79956;1;1
521;55;9;-5.48702;1;1
760;53;74;-2.65158;1;1
761;55;74;-8.49032;1;1
762;74;74;-9.30962;1;1
763;0;74;-7.13593;1;1
764;1;74;-5.04296;1;1
765;2;74;1.83653;1;1
766;3;74;5.74047;1;1
767;4;74;7.17958;1;1
768;5;74;1.32216;0;1
769;74;6;-3.94662;1;1
770;74;7;-2.70025;1;1
771;74;8;-2.12947;0;1
772;74;9;-3.99754;1;1
859;53;81;5.59234;1;1
860;55;81;8.30442;1;1
861;74;81;1.67241;1;1
862;81;81;-3.4616;1;1
863;0;81;-7.27447;1;1
864;1;81;4.67494;1;1
865;2;81;-6.59326;1;1
866;3;81;4.61881;1;1
867;4;81;2.11847;1;1
868;5;81;0.870588;1;1
869;81;6;9.34195;1;1
870;81;7;-0.444875;1;1
871;81;8;-12.0565;1;1
872;81;9;-12.4538;1;1
995;53;90;5.20622;1;0
996;55;90;-7.75829;1;0
997;74;90;2.32422;1;0
998;81;90;3.25671;0;0
999;90;90;2.76196;1;0
1000;0;90;-10.1249;1;0
1001;1;90;1.33095;1;0
1002;2;90;-10.833;1;0
1003;3;90;0.272151;1;0
1004;4;90;-2.61405;1;0
1005;5;90;12.3205;1;0
1006;90;6;4.41249;1;0
1007;90;7;-3.58327;1;0
1008;90;8;-6.23454;1;0
1009;90;9;-0.386698;1;0
1413.25;0
104
0;0;6;5.02721;1;1
1;0;7;7.53893;1;1
2;0;8;6.96188;1;1
3;0;9;-8.35953;1;1
4;1;6;-7.40262;1;1
5;1;7;-5.25686;1;1
6;1;8;-7.98317;1;1
7;1;9;2.5813;1;1
8;2;6;2.9619;1;1
9;2;7;7.56042;1;1
10;2;8;4.84739;1;1
11;2;9;-0.90794;1;1
12;3;6;9.47912;1;1
13;3;7;-9.66617;0;1
14;3;8;4.37822;1;1
15;3;9;12.0782;1;1
16;4;6;-11.5155;1;1
17;4;7;7.90805;1;1
18;4;8;-8.65669;1;1
19;4;9;0.384216;1;1
20;5;6;1.43655;1;1
21;5;7;-6.58411;1;1
22;5;8;-2.93872;1;1
23;5;9;0.38531;1;1
490;0;53;4.46351;1;1
491;1;53;6.1013;1;1
492;2;53;-8.46461;1;1
493;3;53;3.52599;1;1
494;4;53;-3.05576;1;1
495;5;53;9.93615;1;1
496;53;6;8.10755;1;1
497;53;7;-1.36481;1;1
498;53;8;0.0135401;1;1
499;53;9;3.99651;1;1
510;53;55;-4.16009;1;1
511;55;55;-6.54791;1;1
512;0;55;-8.57793;1;1
513;1;55;-9.99705;1;1
514;2;55;-1.41354;1;1
515;3;55;-6.86049;1;1
516;4;55;0.124956;1;1
517;5;55;4.53949;1;1
518;55;6;-3.14815;0;1
519;55;7;2.14479;1;1
520;55;8;2.79956;1;1
521;55;9;-5.48702;1;1
760;53;74;-2.65158;1;1
761;55;74;-8.49032;1;1
762;74;74;-9.30962;1;1
763;0;74;-7.13593;1;1
764;1;74;-5.04296;1;1
765;2;74;1.83653;1;1
766;3;74;5.74047;1;1
767;4;74;7.17958;1;1
768;5;74;1.32216;0;1
769;74;6;-3.94662;1;1
770;74;7;-2.70025;1;1
771;74;8;-2.12947;0;1
772;74;9;-3.99754;1;1
859;53;81;5.59234;1;1
860;55;81;8.30442;1;1
861;74;81;1.67241;1;1
862;81;81;-3.4616;1;1
863;0;81;-7.27447;1;1
864;1;81;4.67494;1;1
865;2;81;-6.59326;1;1
866;3;81;4.61881;1;1
867;4;81;2.11847;1;1
868;5;81;0.870588;1;1
869;81;6;9.34195;1;1
870;81;7;-0.444875;1;1
871;81;8;-12.0565;1;1
872;81;9;-12.4538;1;1
995;53;90;2.337;1;1
996;55;90;-7.27368;1;1
997;74;90;3.16717;1;1
998;81;90;7.54518;1;1
999;90;90;-1.94627;1;1
1000;0;90;-7.97132;1;1
1001;1;90;2.6953;1;1
1002;2;90;-7.87819;1;1
1003;3;90;3.12339;1;1
1004;4;90;-0.0965952;1;1
1005;5;90;13.7321;1;1
1006;90;6;0.213244;1;1
1007;90;7;-0.140253;1;1
1008;90;8;-8.6676;1;1
1009;90;9;-0.295747;1;1
1286;53;109;-7.88951;1;0
1287;55;109;-0.437011;1;0
1288;74;109;5.57208;1;0
1289;81;109;6.31669;1;0
1290;90;109;-6.99517;1;0
1291;109;109;9.59424;1;0
1292;0;109;9.01216;1;0
1293;1;109;2.79591;1;0
1294;2;109;2.05586;1;0
1295;3;109;-2.35714;1;0
1296;4;109;7.69779;1;0
1297;5;109;7.21324;1;0
1298;109;6;6.60884;1;0
1299;109;7;-6.51946;1;0
1300;109;8;0.957042;1;0
1301;109;9;6.88498;1;0
1482.97;0
88
0;0;6;5.02721;1;1
1;0;7;7.53893;1;1
2;0;8;6.96188;1;1
3;0;9;-8.35953;1;1
4;1;6;-7.40262;1;1
5;1;7;-5.25686;1;1
6;1;8;-7.98317;1;1
7;1;9;2.5813;1;1
8;2;6;2.9619;1;1
9;2;7;7.56042;1;1
10;2;8;4.84739;1;1
11;2;9;-0.90794;1;1
12;3;6;9.47912;1;1
13;3;7;-9.66617;0;1
14;3;8;4.37822;1;1
15;3;9;12.0782;1;1
16;4;6;-11.5155;1;1
17;4;7;7.90805;1;1
18;4;8;-8.65669;1;1
19;4;9;0.384216;1;1
20;5;6;1.43655;1;1
21;5;7;-6.58411;1;1
22;5;8;-2.93872;1;1
23;5;9;0.38531;1;1
490;0;53;4.46351;1;1
491;1;53;6.1013;1;1
492;2;53;-8.46461;1;1
493;3;53;3.52599;1;1
494;4;53;-3.05576;1;1
495;5;53;9.93615;1;1
496;53;6;8.10755;1;1
497;53;7;-1.36481;1;1
498;53;8;0.0135401;1;1
499;53;9;3.99651;1;1
510;53;55;-4.16009;1;1
511;55;55;-6.54791;1;1
512;0;55;-8.57793;1;1
513;1;55;-9.99705;1;1
514;2;55;-1.41354;1;1
515;3;55;-6.86049;1;1
516;4;55;0.124956;1;1
517;5;55;4.53949;1;1
518;55;6;-3.14815;0;1
519;55;7;2.14479;1;1
520;55;8;2.79956;1;1
521;55;9;-5.48702;1;1
760;53;74;-2.65158;1;1
761;55;74;-8.49032;1;1
762;74;74;-9.30962;1;1
763;0;74;-7.13593;1;1
764;1;74;-5.04296;1;1
765;2;74;1.83653;1;1
766;3;74;5.74047;1;1
767;4;74;7.17958;1;1
768;5;74;1.32216;0;1
769;74;6;-3.94662;1;1
770;74;7;-2.70025;1;1
771;74;8;-2.12947;0;1
772;74;9;-3.99754;1;1
859;53;81;5.59234;1;1
860;55;81;8.30442;1;1
861;74;81;1.67241;1;1
862;81;81;-3.4616;1;1
863;0;81;-7.27447;1;1
864;1;81;4.67494;1;1
865;2;81;-6.59326;1;1
866;3;81;4.61881;1;1
867;4;81;2.11847;1;1
868;5;81;0.870588;1;1
869;81;6;9.34195;1;1
870;81;7;-0.444875;1;1
871;81;8;-12.0565;1;1
872;81;9;-12.4538;1;1
995;53;90;-1.30159;1;0
996;55;90;-7.17227;1;0
997;74;90;-11.1724;1;0
998;81;90;5.23637;1;0
999;90;90;0.388665;1;0
1000;0;90;-5.67272;1;0
1001;1;90;7.04473;1;0
1002;2;90;-6.8395;0;0
1003;3;90;4.72549;1;0
1004;4;90;1.40266;1;0
1005;5;90;11.8816;1;0
1006;90;6;-1.36162;1;0
1007;90;7;-2.17559;1;0
1008;90;8;-5.89046;1;0
1009;90;9;4.52598;1;0
120.97;0
88
0;0;6;5.02721;1;1
1;0;7;7.53893;1;1
2;0;8;6.96188;1;1
3;0;9;-8.35953;1;1
4;1;6;-7.40262;1;1
5;1;7;-5.25686;1;1
6;1;8;-7.98317;1;1
7;1;9;2.5813;1;1
8;2;6;2.9619;1;1
9;2;7;7.56042;1;1
10;2;8;4.84739;1;1
11;2;9;-0.90794;1;1
12;3;6;9.47912;1;1
13;3;7;-9.66617;0;1
14;3;8;4.37822;1;1
15;3;9;12.0782;1;1
16;4;6;-11.5155;1;1
17;4;7;7.90805;1;1
18;4;8;-8.65669;1;1
19;4;9;0.384216;1;1
20;5;6;1.43655;1;1
21;5;7;-6.58411;1;1
22;5;8;-2.93872;1;1
23;5;9;0.38531;1;1
490;0;53;4.46351;1;1
491;1;53;6.1013;1;1
492;2;53;-8.46461;1;1
493;3;53;3.52599;1;1
494;4;53;-3.05576;1;1
495;5;53;9.93615;1;1
496;53;6;8.10755;1;1
497;53;7;-1.36481;1;1
498;53;8;0.0135401;1;1
499;53;9;3.99651;1;1
510;53;55;-4.16009;1;1
511;55;55;-6.54791;1;1
512;0;55;-8.57793;1;1
513;1;55;-9.99705;1;1
514;2;55;-1.41354;1;1
515;3;55;-6.86049;1;1
516;4;55;0.124956;1;1
517;5;55;4.53949;1;1
518;55;6;-3.14815;1;1
519;55;7;2.14479;1;1
520;55;8;2.79956;1;1
521;55;9;-5.48702;1;1
760;53;74;-2.65158;1;1
761;55;74;-8.49032;1;1
762;74;74;-9.30962;1;1
763;0;74;-7.13593;1;1
764;1;74;-5.04296;1;1
765;2;74;1.83653;1;1
766;3;74;5.74047;1;1
767;4;74;7.17958;1;1
768;5;74;1.32216;1;1
769;74;6;-3.94662;1;1
770;74;7;-2.70025;1;1
771;74;8;-2.12947;0;1
772;74;9;-3.99754;1;1
859;53;81;5.59234;1;1
860;55;81;8.30442;1;1
861;74;81;1.67241;1;1
862;81;81;-3.4616;1;1
863;0;81;-7.27447;1;1
864;1;81;4.67494;1;1
865;2;81;-6.59326;1;1
866;3;81;4.61881;1;1
867;4;81;2.11847;1;1
868;5;81;0.870588;1;1
869;81;6;9.34195;1;1
870;81;7;-0.444875;1;1
871;81;8;-12.0565;1;1
872;81;9;-12.4538;1;1
995;53;90;2.337;1;0
996;55;90;-5.87472;1;1
997;74;90;-8.33026;1;1
998;81;90;7.54518;1;0
999;90;90;-1.94627;1;0
1000;0;90;-7.97132;1;0
1001;1;90;2.6953;1;0
1002;2;90;-7.87819;1;0
1003;3;90;2.81464;1;1
1004;4;90;-6.91778;1;1
1005;5;90;13.7321;1;0
1006;90;6;0.213244;1;0
1007;90;7;-0.140253;1;0
1008;90;8;-4.85113;1;1
1009;90;9;2.57421;1;1
297.863;0
88
0;0;6;5.02721;1;1
1;0;7;7.53893;1;1
2;0;8;6.96188;1;1
3;0;9;-8.35953;1;1
4;1;6;-7.40262;1;1
5;1;7;-5.25686;1;1
6;1;8;-7.98317;1;1
7;1;9;2.5813;1;1
8;2;6;2.9619;1;1
9;2;7;7.56042;1;1
10;2;8;4.84739;1;1
11;2;9;-0.90794;1;1
12;3;6;9.47912;1;1
13;3;7;-9.66617;0;1
14;3;8;4.37822;1;1
15;3;9;12.0782;1;1
16;4;6;-11.5155;1;1
17;4;7;7.90805;1;1
18;4;8;-8.65669;1;1
19;4;9;0.384216;1;1
20;5;6;1.43655;1;1
21;5;7;-6.58411;1;1
22;5;8;-2.93872;1;1
23;5;9;0.38531;1;1
490;0;53;4.46351;1;1
491;1;53;6.1013;1;1
492;2;53;-8.46461;1;1
493;3;53;3.52599;1;1
494;4;53;-3.05576;1;1
495;5;53;9.93615;1;1
496;53;6;8.10755;1;1
497;53;7;-1.36481;1;1
498;53;8;0.0135401;1;1
499;53;9;3.99651;1;1
510;53;55;-4.16009;1;1
511;55;55;-6.54791;1;1
512;0;55;-8.57793;1;1
513;1;55;-9.99705;1;1
514;2;55;-1.41354;1;1
515;3;55;-6.86049;1;1
516;4;55;0.124956;1;1
517;5;55;4.53949;1;1
518;55;6;-3.14815;1;1
519;55;7;2.14479;1;1
520;55;8;2.79956;1;1
521;55;9;-5.48702;1;1
760;53;74;-2.65158;1;1
761;55;74;-8.49032;1;1
762;74;74;-9.30962;1;1
763;0;74;-7.13593;1;1
764;1;74;-5.04296;1;1
765;2;74;1.83653;1;1
766;3;74;5.74047;1;1
767;4;74;7.17958;1;1
768;5;74;1.32216;1;1
769;74;6;-3.94662;1;1
770;74;7;-2.70025;1;1
771;74;8;-2.12947;0;1
772;74;9;-3.99754;1;1
859;53;81;5.59234;1;1
860;55;81;8.30442;1;1
861;74;81;1.67241;1;1
862;81;81;-3.4616;1;1
863;0;81;-7.27447;1;1
864;1;81;4.67494;1;1
865;2;81;-6.59326;1;1
866;3;81;4.61881;1;1
867;4;81;2.11847;1;1
868;5;81;0.870588;1;1
869;81;6;9.34195;1;1
870;81;7;-0.444875;1;1
871;81;8;-12.0565;1;1
872;81;9;-12.4538;1;1
995;53;90;-2.15381;1;0
996;55;90;-7.85136;1;0
997;74;90;-10.3125;1;0
998;81;90;13.8772;1;0
999;90;90;0.0232717;1;0
1000;0;90;-6.55931;1;0
1001;1;90;8.49954;1;0
1002;2;90;-7.88648;0;0
1003;3;90;4.31822;1;0
1004;4;90;-6.65373;1;0
1005;5;90;12.0677;1;0
1006;90;6;-2.35175;1;0
1007;90;7;-9.16663;1;0
1008;90;8;-6.87416;1;0
1009;90;9;1.55569;1;0
347.148;0
104
0;0;6;5.02721;1;1
1;0;7;7.53893;1;1
2;0;8;6.96188;1;1
3;0;9;-8.35953;1;1
4;1;6;-7.40262;1;1
5;1;7;-5.25686;1;1
6;1;8;-7.98317;1;1
7;1;9;2.5813;1;1
8;2;6;2.9619;1;1
9;2;7;7.56042;1;1
10;2;8;4.84739;1;1
11;2;9;-0.90794;1;1
12;3;6;9.47912;1;1
13;3;7;-9.66617;1;1
14;3;8;4.37822;1;1
15;3;9;12.0782;1;1
16;4;6;-11.5155;1;1
17;4;7;7.90805;1;1
18;4;8;-8.65669;1;1
19;4;9;0.384216;1;1
20;5;6;1.43655;1;1
21;5;7;-6.58411;1;1
22;5;8;-2.93872;1;1
23;5;9;0.38531;1;1
490;0;53;4.46351;1;1
491;1;53;6.1013;1;1
492;2;53;-8.46461;1;1
493;3;53;3.52599;1;1
494;4;53;-3.05576;1;1
495;5;53;9.93615;1;1
496;53;6;8.10755;1;1
497;53;7;-1.36481;1;1
498;53;8;0.0135401;1;1
499;53;9;3.99651;1;1
510;53;55;-4.16009;1;1
511;55;55;-6.54791;1;1
512;0;55;-8.57793;1;1
513;1;55;-9.99705;1;1
514;2;55;-1.41354;1;1
515;3;55;-6.86049;1;1
516;4;55;0.124956;1;1
517;5;55;4.53949;1;1
518;55;6;-3.14815;0;1
519;55;7;2.14479;1;1
520;55;8;2.79956;1;1
521;55;9;-5.48702;1;1
760;53;74;-2.65158;1;1
761;55;74;-8.49032;1;1
762;74;74;-9.30962;1;1
763;0;74;-7.13593;1;1
764;1;74;-5.04296;1;1
765;2;74;1.83653;1;1
766;3;74;5.74047;1;1
767;4;74;7.17958;1;1
768;5;74;1.32216;0;1
769;74;6;-3.94662;1;1
770;74;7;-2.70025;1;1
771;74;8;-2.12947;0;1
772;74;9;-3.99754;1;1
859;53;81;5.59234;1;1
860;55;81;8.30442;1;1
861;74;81;1.67241;1;1
862;81;81;-3.4616;1;1
863;0;81;-7.27447;1;1
864;1;81;4.67494;1;1
865;2;81;-6.59326;1;1
866;3;81;4.61881;1;1
867;4;81;2.11847;1;1
868;5;81;0.870588;1;1
869;81;6;9.34195;1;1
870;81;7;-0.444875;1;1
871;81;8;-12.0565;1;1
872;81;9;-12.4538;1;1
995;53;90;-0.327942;1;1
996;55;90;-5.87472;1;1
997;74;90;-8.33026;1;1
998;81;90;12.9275;1;1
999;90;90;0.388665;1;1
1000;0;90;-10.2409;1;1
1001;1;90;5.66787;1;1
1002;2;90;-7.85176;1;1
1003;3;90;2.81464;1;1
1004;4;90;-6.91778;1;1
1005;5;90;9.26802;1;1
1006;90;6;-0.614469;1;1
1007;90;7;-6.4554;1;1
1008;90;8;-4.85113;1;1
1009;90;9;2.57421;1;1
1238;53;106;-2.73796;1;0
1239;55;106;-8.77112;1;0
1240;74;106;7.63147;1;0
1241;81;106;0.514453;1;0
1242;90;106;-7.64722;1;0
1243;106;106;-5.13902;1;0
1244;0;106;10.8356;1;0
1245;1;106;6.61295;1;0
1246;2;106;4.2738;1;0
1247;3;106;-3.54534;1;0
1248;4;106;7.9002;1;0
1249;5;106;4.51974;1;0
1250;106;6;-11.0906;1;0
1251;106;7;-1.56464;1;0
1252;106;8;-4.535;1;0
1253;106;9;9.42976;1;0
1624.68;0
88
0;0;6;5.02721;1;1
1;0;7;7.53893;1;1
2;0;8;6.96188;1;1
3;0;9;-8.35953;1;1
4;1;6;-7.40262;1;1
5;1;7;-5.25686;1;1
6;1;8;-7.98317;1;1
7;1;9;2.5813;1;1
8;2;6;2.9619;1;1
9;2;7;7.56042;1;1
10;2;8;4.84739;1;1
11;2;9;-0.90794;1;1
12;3;6;9.47912;1;1
13;3;7;-9.66617;0;1
14;3;8;4.37822;1;1
15;3;9;12.0782;1;1
16;4;6;-11.5155;1;1
17;4;7;7.90805;1;1
18;4;8;-8.65669;1;1
19;4;9;0.384216;1;1
20;5;6;1.43655;1;1
21;5;7;-6.58411;1;1
22;5;8;-2.93872;1;1
23;5;9;0.38531;1;1
490;0;53;4.46351;1;1
491;1;53;6.1013;1;1
492;2;53;-8.46461;1;1
493;3;53;3.52599;1;1
494;4;53;-3.05576;1;1
495;5;53;9.93615;1;1
496;53;6;8.10755;1;1
497;53;7;-1.36481;1;1
498;53;8;0.0135401;1;1
499;53;9;3.99651;1;1
510;53;55;-4.16009;1;1
511;55;55;-6.54791;1;1
512;0;55;-8.57793;1;1
513;1;55;-9.99705;1;1
514;2;55;-1.41354;1;1
515;3;55;-6.86049;1;1
516;4;55;0.124956;1;1
517;5;55;4.53949;1;1
518;55;6;-3.14815;0;1
519;55;7;2.14479;1;1
520;55;8;2.79956;1;1
521;55;9;-5.48702;1;1
760;53;74;-2.65158;1;1
761;55;74;-8.49032;1;1
762;74;74;-9.30962;1;1
763;0;74;-7.13593;1;1
764;1;74;-5.04296;1;1
765;2;74;1.83653;1;1
766;3;74;5.74047;1;1
767;4;74;7.17958;1;1
768;5;74;1.32216;0;1
769;74;6;-3.94662;1;1
770;74;7;-2.70025;1;1
771;74;8;-2.12947;0;1
772;74;9;-3.99754;1;1
859;53;81;5.59234;1;1
860;55;81;8.30442;1;1
861;74;81;1.67241;1;1
862;81;81;-3.4616;1;1
863;0;81;-7.27447;1;1
864;1;81;4.67494;1;1
865;2;81;-6.59326;1;1
866;3;81;4.61881;1;1
867;4;81;2.11847;1;1
868;5;81;0.870588;1;1
869;81;6;9.34195;1;1
870;81;7;-0.444875;1;1
871;81;8;-12.0565;1;1
872;81;9;-12.4538;1;1
995;53;90;5.20622;1;0
996;55;90;-7.75829;1;0
997;74;90;1.75766;1;0
998;81;90;3.25671;0;0
999;90;90;-0.230198;1;0
1000;0;90;-10.1249;1;0
1001;1;90;1.33095;1;0
1002;2;90;-10.833;1;0
1003;3;90;0.272151;1;0
1004;4;90;-2.61405;1;0
1005;5;90;12.1658;1;0
1006;90;6;4.41249;1;0
1007;90;7;-3.58327;1;0
1008;90;8;-6.43839;1;0
1009;90;9;-0.386698;1;0
1879.61;242.377
88
0;0;6;4.84765;1;1
1;0;7;10.5331;1;1
2;0;8;-3.08718;1;1
3;0;9;8.55516;1;1
4;1;6;-7.40262;1;1
5;1;7;-5.25686;1;1
6;1;8;2.39612;1;1
7;1;9;-7.75912;1;1
8;2;6;-2.92917;1;1
9;2;7;-1.22707;1;1
10;2;8;-2.2118;1;1
11;2;9;9.75996;1;1
12;3;6;9.47912;1;1
13;3;7;3.97679;1;1
14;3;8;4.37822;1;1
15;3;9;12.0782;1;1
16;4;6;8.1424;1;1
17;4;7;-0.904312;1;1
18;4;8;-8.65669;1;1
19;4;9;-11.1085;1;1
20;5;6;10.2459;1;1
21;5;7;-6.58411;1;1
22;5;8;-2.93872;1;1
23;5;9;9.26983;1;1
230;0;30;-7.7194;1;1
231;1;30;-3.71385;1;1
232;2;30;5.09613;1;1
233;3;30;-4.80615;1;1
234;4;30;12.5416;1;1
235;5;30;-6.67679;1;1
236;30;6;6.78652;1;1
237;30;7;-5.75619;1;1
238;30;8;5.42115;1;1
239;30;9;-5.66598;1;1
340;30;40;4.73057;1;1
341;40;40;-14.2669;1;1
342;0;40;-3.22695;1;1
343;1;40;8.26943;1;1
344;2;40;-6.87622;1;1
345;3;40;-7.88533;1;1
346;4;40;-0.750448;1;1
347;5;40;-5.10807;1;1
348;40;6;10.1757;1;1
349;40;7;-3.95689;1;1
350;40;8;3.27905;1;1
351;40;9;2.51504;1;1
650;30;66;1.97116;1;1
651;40;66;2.89339;1;1
652;66;66;5.08854;1;1
653;0;66;-1.19672;1;1
654;1;66;2.46477;1;1
655;2;66;-1.57217;1;1
656;3;66;5.40674;1;1
657;4;66;-8.08281;1;1
658;5;66;11.5005;1;1
659;66;6;3.97045;1;1
660;66;7;-4.88067;1;1
661;66;8;14.4496;1;1
662;66;9;4.5291;1;1
1024;30;92;1.53317;1;1
1025;40;92;-5.78638;1;1
1026;66;92;-1.97074;1;1
1027;92;92;7.41264;1;1
1028;0;92;-3.8749;1;1
1029;1;92;-8.30949;1;0
1030;2;92;6.92137;1;0
1031;3;92;9.14406;1;1
1032;4;92;-0.159098;1;1
1033;5;92;5.86123;1;0
1034;92;6;10.0683;1;0
1035;92;7;-3.41126;1;1
1036;92;8;5.53634;1;0
1037;92;9;-8.37649;1;0
1083;30;96;3.7816;1;0
1084;40;96;-2.6798;1;0
1085;66;96;-4.30434;1;0
1086;92;96;-6.29773;1;0
1087;96;96;-4.40829;1;0
1088;0;96;-5.68173;1;0
1089;1;96;-8.83438;1;0
1090;2;96;0.103975;1;0
1091;3;96;6.79737;1;0
1092;4;96;5.30362;1;0
1093;5;96;8.82811;1;0
1094;96;6;-3.74432;1;0
1095;96;7;-6.26384;1;0
1096;96;8;6.36993;1;0
1097;96;9;-1.12396;1;0
1769.31;0
88
0;0;6;4.84765;1;1
1;0;7;10.5331;1;1
2;0;8;-3.08718;1;1
3;0;9;8.55516;1;1
4;1;6;-7.40262;1;1
5;1;7;-5.25686;1;1
6;1;8;2.39612;1;1
7;1;9;-7.75912;1;1
8;2;6;-2.92917;1;1
9;2;7;-1.22707;1;1
10;2;8;-2.2118;1;1
11;2;9;9.75996;1;1
12;3;6;9.47912;1;1
13;3;7;3.97679;1;1
14;3;8;4.37822;1;1
15;3;9;12.0782;1;1
16;4;6;8.1424;1;1
17;4;7;-0.904312;1;1
18;4;8;-8.65669;1;1
19;4;9;-11.1085;1;1
20;5;6;10.2459;1;1
21;5;7;-6.58411;1;1
22;5;8;-2.93872;1;1
23;5;9;9.26983;1;1
230;0;30;-7.7194;1;1
231;1;30;-3.71385;1;1
232;2;30;5.09613;1;1
233;3;30;-4.80615;1;1
234;4;30;12.5416;1;1
235;5;30;-6.67679;1;1
236;30;6;6.78652;1;1
237;30;7;-5.75619;1;1
238;30;8;5.42115;1;1
239;30;9;-5.66598;1;1
340;30;40;4.73057;1;1
341;40;40;-14.2669;1;1
342;0;40;-3.22695;1;1
343;1;40;8.26943;1;1
344;2;40;-6.87622;1;1
345;3;40;-7.88533;1;1
346;4;40;-0.750448;1;1
347;5;40;-5.10807;1;1
348;40;6;10.1757;1;1
349;40;7;-3.95689;1;1
350;40;8;3.27905;1;1
351;40;9;2.51504;1;1
650;30;66;1.97116;1;1
651;40;66;2.89339;1;1
652;66;66;5.08854;1;1
653;0;66;-1.19672;1;1
654;1;66;2.46477;1;1
655;2;66;-1.57217;1;1
656;3;66;5.40674;1;1
657;4;66;-8.08281;1;1
658;5;66;11.5005;1;1
659;66;6;3.97045;1;1
660;66;7;-4.88067;1;1
661;66;8;14.4496;1;1
662;66;9;4.5291;1;1
1024;30;92;1.53317;1;1
1025;40;92;-5.78638;1;1
1026;66;92;-1.97074;1;1
1027;92;92;7.41264;1;1
1028;0;92;-3.8749;1;1
1029;1;92;-6.85185;1;0
1030;2;92;8.40078;1;0
1031;3;92;9.14406;1;1
1032;4;92;-0.159098;1;1
1033;5;92;3.2248;1;0
1034;92;6;9.14863;1;0
1035;92;7;-3.41126;1;1
1036;92;8;5.27465;1;0
1037;92;9;-10.0549;1;0
1083;30;96;2.05948;1;0
1084;40;96;-0.439545;1;0
1085;66;96;-2.53574;1;0
1086;92;96;-6.29773;1;0
1087;96;96;-1.94566;1;0
1088;0;96;-5.10055;1;0
1089;1;96;-9.52423;1;0
1090;2;96;0.103975;1;0
1091;3;96;7.90998;1;0
1092;4;96;4.54019;1;0
1093;5;96;10.3802;1;0
1094;96;6;-3.42855;1;0
1095;96;7;-9.22893;1;0
1096;96;8;4.62101;1;0
1097;96;9;0.279724;1;0
1879.61;0
88
0;0;6;4.84765;1;1
1;0;7;10.5331;1;1
2;0;8;-3.08718;1;1
3;0;9;8.55516;1;1
4;1;6;-7.40262;1;1
5;1;7;-5.25686;1;1
6;1;8;2.39612;1;1
7;1;9;-7.75912;1;1
8;2;6;-2.92917;1;1
9;2;7;-1.22707;1;1
10;2;8;-2.2118;1;1
11;2;9;9.75996;1;1
12;3;6;9.47912;1;1
13;3;7;3.97679;1;1
14;3;8;4.37822;1;1
15;3;9;12.0782;1;1
16;4;6;8.1424;1;1
17;4;7;-0.904312;1;1
18;4;8;-8.65669;1;1
19;4;9;-11.1085;1;1
20;5;6;10.2459;1;1
21;5;7;-6.58411;1;1
22;5;8;-2.93872;1;1
23;5;9;9.26983;1;1
230;0;30;-7.7194;1;1
231;1;30;-3.71385;1;1
232;2;30;5.09613;1;1
233;3;30;-4.80615;1;1
234;4;30;12.5416;1;1
235;5;30;-6.67679;1;1
236;30;6;6.78652;1;1
237;30;7;-5.75619;1;1
238;30;8;5.42115;1;1
239;30;9;-5.66598;1;1
340;30;40;4.73057;1;1
341;40;40;-14.2669;1;1
342;0;40;-3.22695;1;1
343;1;40;8.26943;1;1
344;2;40;-6.87622;1;1
345;3;40;-7.88533;1;1
346;4;40;-0.750448;1;1
347;5;40;-5.10807;1;1
348;40;6;10.1757;1;1
349;40;7;-3.95689;1;1
350;40;8;3.27905;1;1
351;40;9;2.51504;1;1
650;30;66;1.97116;1;1
651;40;66;2.89339;1;1
652;66;66;5.08854;1;1
653;0;66;-1.19672;1;1
654;1;66;2.46477;1;1
655;2;66;-1.57217;1;1
656;3;66;5.40674;1;1
657;4;66;-8.08281;1;1
658;5;66;11.5005;1;1
659;66;6;3.97045;1;1
660;66;7;-4.88067;1;1
661;66;8;14.4496;1;1
662;66;9;4.5291;1;1
1024;30;92;1.53317;1;1
1025;40;92;-5.78638;1;1
1026;66;92;-1.97074;1;1
1027;92;92;7.41264;1;1
1028;0;92;-3.8749;1;1
1029;1;92;-8.30949;1;0
1030;2;92;6.92137;1;0
1031;3;92;9.14406;1;1
1032;4;92;-0.159098;1;1
1033;5;92;5.86123;1;0
1034;92;6;10.0683;1;0
1035;92;7;-3.41126;1;1
1036;92;8;5.53634;1;0
1037;92;9;-8.37649;1;0
1083;30;96;3.7816;1;0
1084;40;96;-2.6798;1;0
1085;66;96;-4.30434;1;0
1086;92;96;-6.29773;1;0
1087;96;96;-4.40829;1;0
1088;0;96;-5.68173;1;0
1089;1;96;-8.83438;1;0
1090;2;96;0.103975;1;0
1091;3;96;6.79737;1;0
1092;4;96;5.30362;1;0
1093;5;96;8.82811;1;0
1094;96;6;-3.74432;1;0
1095;96;7;-6.26384;1;0
1096;96;8;6.36993;1;0
1097;96;9;-1.12396;1;0
120.97;0
88
0;0;6;4.84765;1;1
1;0;7;10.5331;1;1
2;0;8;-3.08718;1;1
3;0;9;8.55516;1;1
4;1;6;-7.40262;1;1
5;1;7;-5.25686;1;1
6;1;8;2.39612;1;1
7;1;9;-7.75912;1;1
8;2;6;-2.92917;1;1
9;2;7;-1.22707;1;1
10;2;8;-2.2118;1;1
11;2;9;9.75996;1;1
12;3;6;9.47912;1;1
13;3;7;3.97679;1;1
14;3;8;4.37822;1;1
15;3;9;12.0782;1;1
16;4;6;8.1424;1;1
17;4;7;-0.904312;1;1
18;4;8;-8.65669;1;1
19;4;9;-11.1085;1;1
20;5;6;10.2459;1;1
21;5;7;-6.58411;1;1
22;5;8;-2.93872;1;1
23;5;9;9.26983;1;1
230;0;30;-7.7194;1;1
231;1;30;-3.71385;1;1
232;2;30;5.09613;1;1
233;3;30;-4.80615;1;1
234;4;30;12.5416;1;1
235;5;30;-6.67679;1;1
236;30;6;6.78652;1;1
237;30;7;-5.75619;1;1
238;30;8;5.42115;1;1
239;30;9;-5.66598;1;1
340;30;40;4.73057;1;1
341;40;40;-14.2669;1;1
342;0;40;-3.22695;1;1
343;1;40;8.26943;1;1
344;2;40;-6.87622;1;1
345;3;40;-7.88533;1;1
346;4;40;-0.750448;1;1
347;5;40;-5.10807;1;1
348;40;6;10.1757;1;1
349;40;7;-3.95689;1;1
350;40;8;3.27905;1;1
351;40;9;2.51504;1;1
650;30;66;1.97116;1;1
651;40;66;2.89339;1;1
652;66;66;5.08854;1;1
653;0;66;-1.19672;1;1
654;1;66;2.46477;1;1
655;2;66;-1.57217;1;1
656;3;66;5.40674;1;1
657;4;66;-8.08281;1;1
658;5;66;11.5005;1;1
659;66;6;3.97045;1;1
660;66;7;-4.88067;1;1
661;66;8;14.4496;1;1
662;66;9;4.5291;1;1
1024;30;92;1.53317;1;1
1025;40;92;-5.78638;1;1
1026;66;92;-1.97074;1;1
1027;92;92;7.41264;1;1
1028;0;92;-3.8749;1;1
1029;1;92;-9.70532;1;0
1030;2;92;6.92137;1;0
1031;3;92;9.14406;1;1
1032;4;92;-0.159098;1;1
1033;5;92;4.3474;1;0
1034;92;6;10.0683;1;0
1035;92;7;-3.41126;1;1
1036;92;8;5.53634;1;0
1037;92;9;-8.37649;1;0
1083;30;96;3.7816;1;0
1084;40;96;-2.6798;1;0
1085;66;96;-4.30434;1;0
1086;92;96;-6.29773;1;0
1087;96;96;-4.40829;1;0
1088;0;96;-5.68173;1;0
1089;1;96;-8.83438;1;0
1090;2;96;0.103975;1;0
1091;3;96;6.79737;1;0
1092;4;96;5.30362;1;0
1093;5;96;8.82811;1;0
1094;96;6;-3.74432;1;0
1095;96;7;-6.26384;1;0
1096;96;8;6.36993;1;0
1097;96;9;-1.12396;1;0
1660.57;0
88
0;0;6;4.84765;1;1
1;0;7;10.5331;1;1
2;0;8;-3.08718;1;1
3;0;9;8.55516;1;1
4;1;6;-7.40262;1;1
5;1;7;-5.25686;1;1
6;1;8;2.39612;1;1
7;1;9;-7.75912;1;1
8;2;6;-2.92917;1;1
9;2;7;-1.22707;1;1
10;2;8;-2.2118;1;1
11;2;9;9.75996;1;1
12;3;6;9.47912;1;1
13;3;7;3.97679;1;1
14;3;8;4.37822;1;1
15;3;9;12.0782;1;1
16;4;6;8.1424;1;1
17;4;7;-0.904312;1;1
18;4;8;-8.65669;1;1
19;4;9;-11.1085;1;1
20;5;6;10.2459;1;1
21;5;7;-6.58411;1;1
22;5;8;-2.93872;1;1
23;5;9;9.26983;1;1
230;0;30;-7.7194;1;1
231;1;30;-3.71385;1;1
232;2;30;5.09613;1;1
233;3;30;-4.80615;1;1
234;4;30;12.5416;1;1
235;5;30;-6.67679;1;1
236;30;6;6.78652;1;1
237;30;7;-5.75619;1;1
238;30;8;5.42115;1;1
239;30;9;-5.66598;1;1
340;30;40;4.73057;1;1
341;40;40;-14.2669;1;1
342;0;40;-3.22695;1;1
343;1;40;8.26943;1;1
344;2;40;-6.87622;1;1
345;3;40;-7.88533;1;1
346;4;40;-0.750448;1;1
347;5;40;-5.10807;1;1
348;40;6;10.1757;1;1
349;40;7;-3.95689;1;1
350;40;8;3.27905;1;1
351;40;9;2.51504;1;1
650;30;66;1.97116;1;1
651;40;66;2.89339;1;1
652;66;66;5.08854;1;1
653;0;66;-1.19672;1;1
654;1;66;2.46477;1;1
655;2;66;-1.57217;1;1
656;3;66;5.40674;1;1
657;4;66;-8.08281;1;1
658;5;66;11.5005;1;1
659;66;6;3.97045;1;1
660;66;7;-4.88067;1;1
661;66;8;14.4496;1;1
662;66;9;4.5291;1;1
1024;30;92;1.53317;1;1
1025;40;92;-5.78638;1;1
1026;66;92;-1.97074;1;1
1027;92;92;7.41264;1;1
1028;0;92;-3.8749;1;1
1029;1;92;-8.17929;1;0
1030;2;92;9.63804;1;0
1031;3;92;9.14406;1;1
1032;4;92;-0.159098;1;1
1033;5;92;3.78002;1;0
1034;92;6;9.14863;1;0
1035;92;7;-3.41126;1;1
1036;92;8;5.27465;1;0
1037;92;9;-10.0549;1;0
1083;30;96;2.20721;1;0
1084;40;96;-1.2301;1;0
1085;66;96;-5.26116;1;0
1086;92;96;-6.29773;1;0
1087;96;96;-1.94566;1;0
1088;0;96;-5.10055;1;0
1089;1;96;-9.52423;1;0
1090;2;96;0.103975;1;0
1091;3;96;7.90998;1;0
1092;4;96;4.54019;1;0
1093;5;96;10.3802;1;0
1094;96;6;-3.97731;1;0
1095;96;7;-7.56534;1;0
1096;96;8;6.90245;1;0
1097;96;9;0.279724;1;0
297.863;0
88
0;0;6;4.84765;1;1
1;0;7;10.5331;1;1
2;0;8;-3.08718;1;1
3;0;9;8.55516;1;1
4;1;6;-7.40262;1;1
5;1;7;-5.25686;1;1
6;1;8;2.39612;1;1
7;1;9;-7.75912;1;1
8;2;6;-2.92917;1;1
9;2;7;-1.22707;1;1
10;2;8;-2.2118;1;1
11;2;9;9.75996;1;1
12;3;6;9.47912;1;1
13;3;7;3.97679;1;1
14;3;8;4.37822;1;1
15;3;9;12.0782;1;1
16;4;6;8.1424;1;1
17;4;7;-0.904312;1;1
18;4;8;-8.65669;1;1
19;4;9;-11.1085;1;1
20;5;6;10.2459;1;1
21;5;7;-6.58411;1;1
22;5;8;-2.93872;1;1
23;5;9;9.26983;1;1
230;0;30;-7.7194;1;1
231;1;30;-3.71385;1;1
232;2;30;5.09613;1;1
233;3;30;-4.80615;1;1
234;4;30;12.5416;1;1
235;5;30;-6.67679;1;1
236;30;6;6.78652;1;1
237;30;7;-5.75619;1;1
238;30;8;5.42115;1;1
239;30;9;-5.66598;1;1
340;30;40;4.73057;1;1
341;40;40;-14.2669;1;1
342;0;40;-3.22695;1;1
343;1;40;8.26943;1;1
344;2;40;-6.87622;1;1
345;3;40;-7.88533;1;1
346;4;40;-0.750448;1;1
347;5;40;-5.10807;1;1
348;40;6;10.1757;1;1
349;40;7;-3.95689;1;1
350;40;8;3.27905;1;1
351;40;9;2.51504;1;1
650;30;66;1.97116;1;1
651;40;66;2.89339;1;1
652;66;66;5.08854;1;1
653;0;66;-1.19672;1;1
654;1;66;2.46477;1;1
655;2;66;-1.57217;1;1
656;3;66;5.40674;1;1
657;4;66;-8.08281;1;1
658;5;66;11.5005;1;1
659;66;6;3.97045;1;1
660;66;7;-4.88067;1;1
661;66;8;14.4496;1;1
662;66;9;4.5291;1;1
1024;30;92;1.53317;1;1
1025;40;92;-5.78638;1;1
1026;66;92;-1.97074;1;1
1027;92;92;7.41264;1;1
1028;0;92;-3.8749;1;1
1029;1;92;-11.1972;1;0
1030;2;92;5.73827;1;0
1031;3;92;9.14406;1;1
1032;4;92;-0.159098;1;1
1033;5;92;7.07263;1;0
1034;92;6;8.71764;1;0
1035;92;7;-3.41126;1;1
1036;92;8;5.53634;1;0
1037;92;9;-10.0549;1;0
1083;30;96;3.7816;1;0
1084;40;96;0.00916681;1;0
1085;66;96;-2.83009;1;0
1086;92;96;-4.6852;1;0
1087;96;96;-4.58269;1;0
1088;0;96;-5.68173;1;0
1089;1;96;-8.83438;1;0
1090;2;96;0.103975;1;0
1091;3;96;6.79737;1;0
1092;4;96;6.55098;1;0
1093;5;96;7.8673;1;0
1094;96;6;-6.65475;1;0
1095;96;7;-9.85593;1;0
1096;96;8;6.36993;1;0
1097;96;9;-1.12396;1;0
559.92;0
104
0;0;6;4.84765;1;1
1;0;7;10.5331;1;1
2;0;8;-3.08718;1;1
3;0;9;8.55516;1;1
4;1;6;-7.40262;1;1
5;1;7;-5.25686;1;1
6;1;8;2.39612;1;1
7;1;9;-7.75912;1;1
8;2;6;-2.92917;1;1
9;2;7;-1.22707;1;1
10;2;8;-2.2118;1;1
11;2;9;9.75996;1;1
12;3;6;9.47912;1;1
13;3;7;3.97679;1;1
14;3;8;4.37822;1;1
15;3;9;12.0782;1;1
16;4;6;8.1424;1;1
17;4;7;-0.904312;1;1
18;4;8;-8.65669;1;1
19;4;9;-11.1085;1;1
20;5;6;10.2459;1;1
21;5;7;-6.58411;1;1
22;5;8;-2.93872;1;1
23;5;9;9.26983;1;1
230;0;30;-7.7194;1;1
231;1;30;-3.71385;1;1
232;2;30;5.09613;1;1
233;3;30;-4.80615;1;1
234;4;30;12.5416;1;1
235;5;30;-6.67679;1;1
236;30;6;6.78652;1;1
237;30;7;-5.75619;1;1
238;30;8;5.42115;1;1
239;30;9;-5.66598;1;1
340;30;40;4.73057;1;1
341;40;40;-14.2669;1;1
342;0;40;-3.22695;1;1
343;1;40;8.26943;1;1
344;2;40;-6.87622;1;1
345;3;40;-7.88533;1;1
346;4;40;-0.750448;1;1
347;5;40;-5.10807;1;1
348;40;6;10.1757;1;1
349;40;7;-3.95689;1;1
350;40;8;3.27905;1;1
351;40;9;2.51504;1;1
650;30;66;1.97116;1;1
651;40;66;2.89339;1;1
652;66;66;5.08854;1;1
653;0;66;-1.19672;1;1
654;1;66;2.46477;1;1
655;2;66;-1.57217;1;1
656;3;66;5.40674;1;1
657;4;66;-8.08281;1;1
658;5;66;11.5005;1;1
659;66;6;3.97045;1;1
660;66;7;-4.88067;1;1
661;66;8;14.4496;1;1
662;66;9;4.5291;1;1
1024;30;92;1.53317;1;1
1025;40;92;-5.78638;1;1
1026;66;92;-1.97074;1;1
1027;92;92;7.41264;1;1
1028;0;92;-3.8749;1;1
1029;1;92;-8.30949;1;1
1030;2;92;6.92137;1;1
1031;3;92;9.14406;1;1
1032;4;92;-0.159098;1;1
1033;5;92;5.86123;1;1
1034;92;6;10.0683;1;1
1035;92;7;-3.41126;1;1
1036;92;8;5.53634;1;1
1037;92;9;-8.37649;1;1
1083;30;96;3.7816;1;1
1084;40;96;-2.6798;1;1
1085;66;96;-4.30434;1;1
1086;92;96;-6.29773;1;1
1087;96;96;-4.40829;1;1
1088;0;96;-5.68173;1;1
1089;1;96;-8.83438;1;1
1090;2;96;0.103975;1;1
1091;3;96;6.79737;1;1
1092;4;96;5.30362;1;1
1093;5;96;8.82811;1;1
1094;96;6;-3.74432;1;1
1095;96;7;-6.26384;1;1
1096;96;8;6.36993;1;1
1097;96;9;-1.12396;1;1
1302;30;110;5.64398;1;0
1303;40;110;2.26558;1;0
1304;66;110;3.45919;1;0
1305;92;110;2.94494;1;0
1306;96;110;-9.99569;1;0
1307;110;110;-3.46143;1;0
1308;0;110;-3.78937;1;0
1309;1;110;-8.23258;1;0
1310;2;110;-6.3207;1;0
1311;3;110;9.48898;1;0
1312;4;110;1.9242;1;0
1313;5;110;-8.09013;1;0
1314;110;6;-5.99115;1;0
1315;110;7;-1.76226;1;0
1316;110;8;-5.51314;1;0
1317;110;9;3.19839;1;0
1624.68;0
88
0;0;6;4.84765;1;1
1;0;7;10.5331;1;1
2;0;8;-3.08718;1;1
3;0;9;8.55516;1;1
4;1;6;-7.40262;1;1
5;1;7;-5.25686;1;1
6;1;8;2.39612;1;1
7;1;9;-7.75912;1;1
8;2;6;-2.92917;1;1
9;2;7;-1.22707;1;1
10;2;8;-2.2118;1;1
11;2;9;9.75996;1;1
12;3;6;9.47912;1;1
13;3;7;3.97679;1;1
14;3;8;4.37822;1;1
15;3;9;12.0782;1;1
16;4;6;8.1424;1;1
17;4;7;-0.904312;1;1
18;4;8;-8.65669;1;1
19;4;9;-11.1085;1;1
20;5;6;10.2459;1;1
21;5;7;-6.58411;1;1
22;5;8;-2.93872;1;1
23;5;9;9.26983;1;1
230;0;30;-7.7194;1;1
231;1;30;-3.71385;1;1
232;2;30;5.09613;1;1
233;3;30;-4.80615;1;1
234;4;30;12.5416;1;1
235;5;30;-6.67679;1;1
236;30;6;6.78652;1;1
237;30;7;-5.75619;1;1
238;30;8;5.42115;1;1
239;30;9;-5.66598;1;1
340;30;40;4.73057;1;1
341;40;40;-14.2669;1;1
342;0;40;-3.22695;1;1
343;1;40;8.26943;1;1
344;2;40;-6.87622;1;1
345;3;40;-7.88533;1;1
346;4;40;-0.750448;1;1
347;5;40;-5.10807;1;1
348;40;6;10.1757;1;1
349;40;7;-3.95689;1;1
350;40;8;3.27905;1;1
351;40;9;2.51504;1;1
650;30;66;1.97116;1;1
651;40;66;2.89339;1;1
652;66;66;5.08854;1;1
653;0;66;-1.19672;1;1
654;1;66;2.46477;1;1
655;2;66;-1.57217;1;1
656;3;66;5.40674;1;1
657;4;66;-8.08281;1;1
658;5;66;11.5005;1;1
659;66;6;3.97045;1;1
660;66;7;-4.88067;1;1
661;66;8;14.4496;1;1
662;66;9;4.5291;1;1
1024;30;92;1.53317;1;1
1025;40;92;-5.78638;1;1
1026;66;92;-1.97074;1;1
1027;92;92;7.41264;1;1
1028;0;92;-3.8749;1;1
1029;1;92;-7.69709;1;0
1030;2;92;5.17294;1;0
1031;3;92;9.14406;1;1
1032;4;92;-0.159098;1;1
1033;5;92;1.7303;1;0
1034;92;6;11.5158;1;0
1035;92;7;-3.41126;1;1
1036;92;8;9.19676;1;0
1037;92;9;-7.33967;1;0
1083;30;96;1.17948;1;0
1084;40;96;-1.39376;1;0
1085;66;96;-2.67585;1;0
1086;92;96;-5.59827;1;0
1087;96;96;0.6666;1;0
1088;0;96;-5.08335;1;0
1089;1;96;-7.29584;1;0
1090;2;96;2.97647;1;0
1091;3;96;1.64877;1;0
1092;4;96;2.77018;1;0
1093;5;96;11.7044;1;0
1094;96;6;-3.88315;1;0
1095;96;7;-13.242;1;0
1096;96;8;5.77549;1;0
1097;96;9;3.18609;1;0
1378.69;0
104
0;0;6;4.84765;1;1
1;0;7;10.5331;1;1
2;0;8;-3.08718;1;1
3;0;9;8.55516;1;1
4;1;6;-7.40262;1;1
5;1;7;-5.25686;1;1
6;1;8;2.39612;1;1
7;1;9;-7.75912;1;1
8;2;6;-2.92917;1;1
9;2;7;-1.22707;1;1
10;2;8;-2.2118;1;1
11;2;9;9.75996;1;1
12;3;6;9.47912;1;1
13;3;7;3.97679;1;1
14;3;8;4.37822;1;1
15;3;9;12.0782;1;1
16;4;6;8.1424;1;1
17;4;7;-0.904312;1;1
18;4;8;-8.65669;1;1
19;4;9;-11.1085;1;1
20;5;6;10.2459;1;1
21;5;7;-6.58411;1;1
22;5;8;-2.93872;1;1
23;5;9;9.26983;1;1
230;0;30;-7.7194;1;1
231;1;30;-3.71385;1;1
232;2;30;5.09613;1;1
233;3;30;-4.80615;1;1
234;4;30;12.5416;1;1
235;5;30;-6.67679;1;1
236;30;6;6.78652;1;1
237;30;7;-5.75619;1;1
238;30;8;5.42115;1;1
239;30;9;-5.66598;1;1
340;30;40;4.73057;1;1
341;40;40;-14.2669;1;1
342;0;40;-3.22695;1;1
343;1;40;8.26943;1;1
344;2;40;-6.87622;1;1
345;3;40;-7.88533;1;1
346;4;40;-0.750448;1;1
347;5;40;-5.10807;1;1
348;40;6;10.1757;1;1
349;40;7;-3.95689;1;1
350;40;8;3.27905;1;1
351;40;9;2.51504;1;1
650;30;66;1.97116;1;1
651;40;66;2.89339;1;1
652;66;66;5.08854;1;1
653;0;66;-1.19672;1;1
654;1;66;2.46477;1;1
655;2;66;-1.57217;1;1
656;3;66;5.40674;1;1
657;4;66;-8.08281;1;1
658;5;66;11.5005;1;1
659;66;6;3.97045;1;1
660;66;7;-4.88067;1;1
661;66;8;14.4496;1;1
662;66;9;4.5291;1;1
1024;30;92;1.53317;1;1
1025;40;92;-5.78638;1;1
1026;66;92;-1.97074;1;1
1027;92;92;7.41264;1;1
1028;0;92;-3.8749;1;1
1029;1;92;-8.30949;1;1
1030;2;92;6.92137;1;1
1031;3;92;9.14406;1;1
1032;4;92;-0.159098;1;1
1033;5;92;5.86123;1;1
1034;92;6;10.0683;1;1
1035;92;7;-3.41126;1;1
1036;92;8;5.53634;1;1
1037;92;9;-8.37649;1;1
1083;30;96;3.7816;1;1
1084;40;96;-2.6798;1;1
1085;66;96;-4.30434;1;1
1086;92;96;-6.29773;1;1
1087;96;96;-4.40829;1;1
1088;0;96;-5.68173;1;1
1089;1;96;-8.83438;1;1
1090;2;96;0.103975;1;1
1091;3;96;6.79737;1;1
1092;4;96;5.30362;1;1
1093;5;96;8.82811;1;1
1094;96;6;-3.74432;1;1
1095;96;7;-6.26384;1;1
1096;96;8;6.36993;1;1
1097;96;9;-1.12396;1;1
1318;30;111;-9.19226;1;0
1319;40;111;-6.60703;1;0
1320;66;111;3.03486;1;0
1321;92;111;9.72884;1;0
1322;96;111;0.454342;1;0
1323;111;111;-2.18861;1;0
1324;0;111;8.58028;1;0
1325;1;111;-6.80358;1;0
1326;2;111;-4.59325;1;0
1327;3;111;6.37226;1;0
1328;4;111;-6.88206;1;0
1329;5;111;-4.10885;1;0
1330;111;6;5.43876;1;0
1331;111;7;6.32193;1;0
1332;111;8;-7.41722;1;0
1333;111;9;1.17342;1;0
1482.97;0
88
0;0;6;4.84765;1;1
1;0;7;10.5331;1;1
2;0;8;-3.08718;1;1
3;0;9;8.55516;1;1
4;1;6;-7.40262;1;1
5;1;7;-5.25686;1;1
6;1;8;2.39612;1;1
7;1;9;-7.75912;1;1
8;2;6;-2.92917;1;1
9;2;7;-1.22707;1;1
10;2;8;-2.2118;1;1
11;2;9;9.75996;1;1
12;3;6;9.47912;1;1
13;3;7;3.97679;1;1
14;3;8;4.37822;1;1
15;3;9;12.0782;1;1
16;4;6;8.1424;1;1
17;4;7;-0.904312;1;1
18;4;8;-8.65669;1;1
19;4;9;-11.1085;1;1
20;5;6;10.2459;1;1
21;5;7;-6.58411;1;1
22;5;8;-2.93872;1;1
23;5;9;9.26983;1;1
230;0;30;-7.7194;1;1
231;1;30;-3.71385;1;1
232;2;30;5.09613;1;1
233;3;30;-4.80615;1;1
234;4;30;12.5416;1;1
235;5;30;-6.67679;1;1
236;30;6;6.78652;1;1
237;30;7;-5.75619;1;1
238;30;8;5.42115;1;1
239;30;9;-5.66598;1;1
340;30;40;4.73057;1;1
341;40;40;-14.2669;1;1
342;0;40;-3.22695;1;1
343;1;40;8.26943;1;1
344;2;40;-6.87622;1;1
345;3;40;-7.88533;1;1
346;4;40;-0.750448;1;1
347;5;40;-5.10807;1;1
348;40;6;10.1757;1;1
349;40;7;-3.95689;1;1
350;40;8;3.27905;1;1
351;40;9;2.51504;1;1
650;30;66;1.97116;1;1
651;40;66;2.89339;1;1
652;66;66;5.08854;1;1
653;0;66;-1.19672;1;1
654;1;66;2.46477;1;1
655;2;66;-1.57217;1;1
656;3;66;5.40674;1;1
657;4;66;-8.08281;1;1
658;5;66;11.5005;1;1
659;66;6;3.97045;1;1
660;66;7;-4.88067;1;1
661;66;8;14.4496;1;1
662;66;9;4.5291;1;1
1024;30;92;1.53317;1;1
1025;40;92;-5.78638;1;1
1026;66;92;-1.97074;1;1
1027;92;92;7.41264;1;1
1028;0;92;-3.8749;1;1
1029;1;92;-7.69709;1;0
1030;2;92;5.17294;1;0
1031;3;92;9.14406;1;1
1032;4;92;-0.159098;1;1
1033;5;92;1.7303;1;0
1034;92;6;10.0508;1;0
1035;92;7;-3.41126;1;1
1036;92;8;9.19676;1;0
1037;92;9;-7.33967;1;0
1083;30;96;1.17948;1;0
1084;40;96;-0.900477;1;0
1085;66;96;-2.67585;1;0
1086;92;96;-5.59827;1;0
1087;96;96;-2.05799;1;0
1088;0;96;-5.08335;1;0
1089;1;96;-7.29584;1;0
1090;2;96;2.97647;1;0
1091;3;96;1.64877;1;0
1092;4;96;2.77018;1;0
1093;5;96;11.7044;1;0
1094;96;6;-4.71349;1;0
1095;96;7;-13.242;1;0
1096;96;8;5.77549;1;0
1097;96;9;3.18609;1;0
347.148;0
88
0;0;6;4.84765;1;1
1;0;7;10.5331;1;1
2;0;8;-3.08718;1;1
3;0;9;8.55516;1;1
4;1;6;-7.40262;1;1
5;1;7;-5.25686;1;1
6;1;8;2.39612;1;1
7;1;9;-7.75912;1;1
8;2;6;-2.92917;1;1
9;2;7;-1.22707;1;1
10;2;8;-2.2118;1;1
11;2;9;9.75996;1;1
12;3;6;9.47912;1;1
13;3;7;3.97679;1;1
14;3;8;4.37822;1;1
15;3;9;12.0782;1;1
16;4;6;8.1424;1;1
17;4;7;-0.904312;1;1
18;4;8;-8.65669;1;1
19;4;9;-11.1085;1;1
20;5;6;10.2459;1;1
21;5;7;-6.58411;1;1
22;5;8;-2.93872;1;1
23;5;9;9.26983;1;1
230;0;30;-7.7194;1;1
231;1;30;-3.71385;1;1
232;2;30;5.09613;1;1
233;3;30;-4.80615;1;1
234;4;30;12.5416;1;1
235;5;30;-6.67679;1;1
236;30;6;6.78652;1;1
237;30;7;-5.75619;1;1
238;30;8;5.42115;1;1
239;30;9;-5.66598;1;1
340;30;40;4.73057;1;1
341;40;40;-14.2669;1;1
342;0;40;-3.22695;1;1
343;1;40;8.26943;1;1
344;2;40;-6.87622;1;1
345;3;40;-7.88533;1;1
346;4;40;-0.750448;1;1
347;5;40;-5.10807;1;1
348;40;6;10.1757;1;1
349;40;7;-3.95689;1;1
350;40;8;3.27905;1;1
351;40;9;2.51504;1;1
650;30;66;1.97116;1;1
651;40;66;2.89339;1;1
652;66;66;5.08854;1;1
653;0;66;-1.19672;1;1
654;1;66;2.46477;1;1
655;2;66;-1.57217;1;1
656;3;66;5.40674;1;1
657;4;66;-8.08281;1;1
658;5;66;11.5005;1;1
659;66;6;3.97045;1;1
660;66;7;-4.88067;1;1
661;66;8;14.4496;1;1
662;66;9;4.5291;1;1
1024;30;92;1.53317;1;1
1025;40;92;-5.78638;1;1
1026;66;92;-1.97074;1;1
1027;92;92;7.41264;1;1
1028;0;92;-3.8749;1;1
1029;1;92;-5.01641;1;0
1030;2;92;8.40078;1;0
1031;3;92;9.14406;1;1
1032;4;92;-0.159098;1;1
1033;5;92;3.2248;1;0
1034;92;6;9.14863;1;0
1035;92;7;-3.41126;1;1
1036;92;8;7.64166;1;0
1037;92;9;-10.0549;1;0
1083;30;96;2.05948;1;0
1084;40;96;2.17141;1;0
1085;66;96;-4.4978;1;0
1086;92;96;-6.29773;1;0
1087;96;96;-1.94566;1;0
1088;0;96;-5.10055;1;0
1089;1;96;-10.8703;1;0
1090;2;96;0.103975;1;0
1091;3;96;5.77027;1;0
1092;4;96;6.55098;1;0
1093;5;96;10.3802;1;0
1094;96;6;-1.50976;1;0
1095;96;7;-10.6299;1;0
1096;96;8;4.62101;1;0
1097;96;9;0.279724;1;0
