30;23;1.1;1
2029.03;0
73
0;0;6;1.68601;1;1
1;0;7;-0.146974;1;1
2;0;8;-0.563469;1;1
3;0;9;1.11426;1;1
4;1;6;0.0454283;1;1
5;1;7;1.99609;1;1
6;1;8;-2.11936;1;1
7;1;9;-1.62948;1;1
8;2;6;0;1;1
9;2;7;0.788617;1;1
10;2;8;0.181072;1;1
11;2;9;0.331167;1;1
12;3;6;2.92535;1;1
13;3;7;0.315302;1;1
14;3;8;-1.81853;1;1
15;3;9;0;1;1
16;4;6;-2.11938;1;1
17;4;7;0;1;1
18;4;8;2.70079;1;1
19;4;9;1.72977;1;1
20;5;6;-0.188519;1;1
21;5;7;1.21147;1;1
22;5;8;-2.14727;1;1
23;5;9;0;1;1
122;0;19;-6.64003;1;1
123;1;19;2.75567;1;1
124;2;19;-12.0554;1;1
125;3;19;13.4398;1;1
126;4;19;-6.73064;1;1
127;5;19;-8.76523;1;1
128;19;6;1.01993;1;1
129;19;7;-0.491072;1;1
130;19;8;-3.81773;1;1
131;19;9;11.8464;1;1
409;19;43;-0.863101;0;0
410;43;43;-11.0975;1;1
411;0;43;-1.572;1;1
412;1;43;6.43914;1;1
413;2;43;-1.08222;1;0
414;3;43;7.2312;1;0
415;4;43;-9.15899;1;0
416;5;43;-5.19129;1;1
417;43;6;0.752038;1;1
418;43;7;6.28226;1;0
419;43;8;-8.41748;1;1
420;43;9;-5.30379;1;1
597;19;57;-3.26148;1;1
598;43;57;-13.609;1;1
599;57;57;-1.63222;1;1
600;0;57;-1.55216;1;1
601;1;57;5.16224;1;1
602;2;57;-8.7208;1;1
603;3;57;-3.6381;1;1
604;4;57;-8.84763;1;1
605;5;57;1.24653;1;1
606;57;6;5.80809;1;1
607;57;7;-14.8308;1;1
608;57;8;-9.55674;1;1
609;57;9;13.5994;1;1
992;19;85;2.53628;1;0
993;43;85;0.140093;1;0
994;57;85;-1.86706;1;0
995;85;85;5.05331;1;0
996;0;85;2.73671;0;0
997;1;85;-2.31015;1;0
998;2;85;7.63803;1;0
999;3;85;9.32095;1;0
1000;4;85;-10.1128;1;0
1001;5;85;-1.36595;1;0
1002;85;6;7.96429;1;0
1003;85;7;-1.30307;1;0
1004;85;8;-5.75918;1;0
1005;85;9;5.98674;1;0
4
11;42;37;0;1805.91
0;0
46
0;0;6;1.68601;1;1
1;0;7;-0.146974;1;1
2;0;8;-0.563469;1;1
3;0;9;1.11426;1;1
4;1;6;0.0454283;1;1
5;1;7;1.99609;1;1
6;1;8;-2.11936;1;1
7;1;9;-1.62948;1;1
8;2;6;0;1;1
9;2;7;0.788617;1;1
10;2;8;0.181072;1;1
11;2;9;0.331167;1;1
12;3;6;2.92535;1;1
13;3;7;0.315302;1;1
14;3;8;-1.81853;1;1
15;3;9;0;1;1
16;4;6;-2.11938;1;1
17;4;7;0;1;1
18;4;8;2.70079;1;1
19;4;9;1.72977;1;1
20;5;6;-0.188519;1;1
21;5;7;1.21147;1;1
22;5;8;-2.14727;1;1
23;5;9;0;1;1
122;0;19;-9.37449;1;1
123;1;19;4.31848;1;1
124;2;19;-9.12742;1;1
125;3;19;4.28835;1;1
126;4;19;-5.80777;1;1
127;5;19;-5.89466;1;1
128;19;6;-0.862679;1;1
129;19;7;3.50175;1;1
130;19;8;-6.03124;1;1
131;19;9;13.7209;1;1
205;19;26;1.02017;1;0
206;26;26;8.43012;1;0
207;0;26;-8.59224;1;0
208;1;26;-1.24259;1;0
209;2;26;2.50192;1;0
210;3;26;-1.08934;1;0
211;4;26;10.7277;1;0
212;5;26;-3.71577;1;0
213;26;6;-10.534;1;0
214;26;7;-8.91481;1;0
215;26;8;-14.8256;1;0
216;26;9;10.2984;1;0
9
0;1;2;3;4;5;6;7;8
24;15;4;0;1732.89
0;0
73
0;0;6;1.68601;1;1
1;0;7;-0.146974;1;1
2;0;8;-0.563469;1;1
3;0;9;1.11426;1;1
4;1;6;0.0454283;1;1
5;1;7;1.99609;1;1
6;1;8;-2.11936;1;1
7;1;9;-1.62948;1;1
8;2;6;0;1;1
9;2;7;0.788617;1;1
10;2;8;0.181072;1;1
11;2;9;0.331167;1;1
12;3;6;2.92535;1;1
13;3;7;0.315302;1;1
14;3;8;-1.81853;1;1
15;3;9;0;1;1
16;4;6;-2.11938;1;1
17;4;7;0;1;1
18;4;8;2.70079;1;1
19;4;9;1.72977;1;1
20;5;6;-0.188519;1;1
21;5;7;1.21147;1;1
22;5;8;-2.14727;1;1
23;5;9;0;1;1
122;0;19;-9.37449;1;1
123;1;19;4.31848;1;1
124;2;19;-9.12742;1;1
125;3;19;4.28835;1;1
126;4;19;-5.80777;1;1
127;5;19;-5.89466;1;1
128;19;6;-0.862679;1;1
129;19;7;3.50175;1;1
130;19;8;-6.03124;1;1
131;19;9;13.7209;1;1
205;19;26;-1.19209;1;1
206;26;26;8.1765;1;1
207;0;26;4.00126;0;1
208;1;26;-1.04353;1;1
209;2;26;9.53759;1;1
210;3;26;-4.64255;1;1
211;4;26;-5.50731;1;1
212;5;26;-1.48184;0;1
213;26;6;13.0245;1;1
214;26;7;3.57537;1;1
215;26;8;-2.88491;0;1
216;26;9;8.5328;1;1
1222;19;101;11.433;1;1
1223;26;101;-1.38295;1;1
1224;101;101;6.13332;1;1
1225;0;101;9.8442;1;1
1226;1;101;-3.92374;1;1
1227;2;101;9.37825;1;1
1228;3;101;1.74209;1;1
1229;4;101;-9.12;1;1
1230;5;101;-0.573406;1;1
1231;101;6;0.835408;1;1
1232;101;7;6.26973;1;1
1233;101;8;-4.84946;1;1
1234;101;9;2.61529;1;1
1250;19;103;-0.590302;1;0
1251;26;103;-7.40026;1;0
1252;101;103;-3.38696;1;0
1253;103;103;3.82565;1;0
1254;0;103;8.25026;1;0
1255;1;103;-0.343103;1;0
1256;2;103;1.44768;1;0
1257;3;103;9.83824;1;0
1258;4;103;3.2712;1;0
1259;5;103;-4.67225;1;0
1260;103;6;8.68684;1;0
1261;103;7;6.14686;1;0
1262;103;8;1.34932;1;0
1263;103;9;4.0581;1;0
4
9;10;11;12
28;8;0;0;1518.12
1805.91;257.987
88
0;0;6;1.68601;1;1
1;0;7;-0.146974;1;1
2;0;8;-0.563469;1;1
3;0;9;1.11426;1;1
4;1;6;0.0454283;1;1
5;1;7;1.99609;1;1
6;1;8;-2.11936;1;1
7;1;9;-1.62948;1;1
8;2;6;0;1;1
9;2;7;0.788617;1;1
10;2;8;0.181072;1;1
11;2;9;0.331167;1;1
12;3;6;2.92535;1;1
13;3;7;0.315302;1;1
14;3;8;-1.81853;1;1
15;3;9;0;1;1
16;4;6;-2.11938;1;1
17;4;7;0;1;1
18;4;8;2.70079;1;1
19;4;9;1.72977;1;1
20;5;6;-0.188519;1;1
21;5;7;1.21147;1;1
22;5;8;-2.14727;1;1
23;5;9;0;1;1
122;0;19;-6.64003;1;1
123;1;19;2.75567;1;1
124;2;19;-12.0554;1;1
125;3;19;13.4398;1;1
126;4;19;-6.73064;1;1
127;5;19;-8.76523;1;1
128;19;6;1.01993;1;1
129;19;7;-0.491072;1;1
130;19;8;-3.81773;1;1
131;19;9;11.8464;1;1
409;19;43;-5.59729;0;0
410;43;43;-11.0975;1;1
411;0;43;-1.572;1;1
412;1;43;6.43914;1;1
413;2;43;-0.936938;1;1
414;3;43;9.69004;1;1
415;4;43;-7.49913;1;1
416;5;43;-5.19129;1;1
417;43;6;0.752038;1;1
418;43;7;10.8329;1;0
419;43;8;-8.41748;1;1
420;43;9;-5.30379;1;1
597;19;57;-3.26148;1;1
598;43;57;-13.609;1;1
599;57;57;-1.63222;1;1
600;0;57;-1.55216;1;1
601;1;57;5.16224;1;1
602;2;57;-8.7208;1;1
603;3;57;-3.6381;1;1
604;4;57;-8.84763;1;1
605;5;57;1.24653;1;1
606;57;6;5.80809;1;1
607;57;7;-14.8308;1;1
608;57;8;-9.55674;1;1
609;57;9;13.5994;1;1
992;19;85;4.41811;1;1
993;43;85;0.36228;1;0
994;57;85;-1.07165;1;1
995;85;85;7.88261;1;1
996;0;85;5.29756;1;1
997;1;85;-3.30558;1;0
998;2;85;8.35561;1;0
999;3;85;11.7234;1;0
1000;4;85;-16.905;0;1
1001;5;85;-4.00569;1;1
1002;85;6;7.96429;1;1
1003;85;7;-1.70978;1;0
1004;85;8;-8.05682;1;0
1005;85;9;3.45882;1;1
1207;19;100;0.507197;1;0
1208;43;100;7.15515;1;0
1209;57;100;-2.30363;1;0
1210;85;100;-10.065;1;0
1211;100;100;-4.69232;1;0
1212;0;100;7.40115;1;0
1213;1;100;2.76982;1;0
1214;2;100;-12.2674;1;0
1215;3;100;7.44797;1;0
1216;4;100;5.50992;1;0
1217;5;100;5.55819;1;0
1218;100;6;-7.31136;1;0
1219;100;7;-9.49017;1;0
1220;100;8;-13.4294;1;0
1221;100;9;-6.37739;1;0
4
13;14;15;16
29;8;0;0;1378.69
1769.31;176.931
73
0;0;6;1.68601;1;1
1;0;7;-0.146974;1;1
2;0;8;-0.563469;1;1
3;0;9;1.11426;1;1
4;1;6;0.0454283;1;1
5;1;7;1.99609;1;1
6;1;8;-2.11936;1;1
7;1;9;-1.62948;1;1
8;2;6;0;1;1
9;2;7;0.788617;1;1
10;2;8;0.181072;1;1
11;2;9;0.331167;1;1
12;3;6;2.92535;1;1
13;3;7;0.315302;1;1
14;3;8;-1.81853;1;1
15;3;9;0;1;1
16;4;6;-2.11938;1;1
17;4;7;0;1;1
18;4;8;2.70079;1;1
19;4;9;1.72977;1;1
20;5;6;-0.188519;1;1
21;5;7;1.21147;1;1
22;5;8;-2.14727;1;1
23;5;9;0;1;1
122;0;19;-6.64003;1;1
123;1;19;2.75567;1;1
124;2;19;-12.0554;1;1
125;3;19;13.4398;1;1
126;4;19;-6.73064;1;1
127;5;19;-6.87815;1;1
128;19;6;1.83697;1;1
129;19;7;-0.491072;1;1
130;19;8;-3.81773;1;1
131;19;9;11.8464;1;1
409;19;43;10.4029;1;1
410;43;43;-0.116365;1;1
411;0;43;2.85939;1;1
412;1;43;-13.4355;1;1
413;2;43;-6.65651;0;1
414;3;43;-2.25849;1;1
415;4;43;6.69302;0;1
416;5;43;-6.17943;0;1
417;43;6;21.3904;1;1
418;43;7;4.757;1;1
419;43;8;7.3048;0;1
420;43;9;-4.85924;1;1
1152;19;96;-0.933047;1;1
1153;43;96;3.53186;1;1
1154;96;96;-9.19695;1;1
1155;0;96;-7.88155;1;1
1156;1;96;10.5996;1;1
1157;2;96;-7.28689;1;1
1158;3;96;2.2704;1;1
1159;4;96;-7.31885;1;1
1160;5;96;5.17936;1;1
1161;96;6;1.911;1;1
1162;96;7;-9.25878;1;1
1163;96;8;-6.72364;1;1
1164;96;9;-4.97122;1;1
1322;19;108;1.06838;1;0
1323;43;108;5.62172;1;0
1324;96;108;2.71344;1;0
1325;108;108;-4.41536;1;0
1326;0;108;-2.42153;1;0
1327;1;108;-7.59973;1;0
1328;2;108;4.10972;1;0
1329;3;108;0.709921;1;0
1330;4;108;6.52621;1;0
1331;5;108;1.75644;1;0
1332;108;6;-1.17924;1;0
1333;108;7;-0.513013;1;0
1334;108;8;-4.62919;1;0
1335;108;9;5.04416;1;0
5
17;18;19;20;21
5
1842.67;83.7577
46
0;0;6;1.68601;1;1
1;0;7;-0.146974;1;1
2;0;8;-0.563469;1;1
3;0;9;1.11426;1;1
4;1;6;0.0454283;1;1
5;1;7;1.99609;1;1
6;1;8;-2.11936;1;1
7;1;9;-1.62948;1;1
8;2;6;0;1;1
9;2;7;0.788617;1;1
10;2;8;0.181072;1;1
11;2;9;0.331167;1;1
12;3;6;2.92535;1;1
13;3;7;0.315302;1;1
14;3;8;-1.81853;1;1
15;3;9;0;1;1
16;4;6;-2.11938;1;1
17;4;7;0;1;1
18;4;8;2.70079;1;1
19;4;9;1.72977;1;1
20;5;6;-0.188519;1;1
21;5;7;1.21147;1;1
22;5;8;-2.14727;1;1
23;5;9;0;1;1
122;0;19;-9.37449;1;1
123;1;19;4.31848;1;1
124;2;19;-9.12742;1;1
125;3;19;4.28835;1;1
126;4;19;-5.80777;1;1
127;5;19;-5.89466;1;1
128;19;6;-0.862679;1;1
129;19;7;3.50175;1;1
130;19;8;-6.03124;1;1
131;19;9;13.7209;1;1
205;19;26;3.49698;1;0
206;26;26;3.39107;1;0
207;0;26;9.11293;1;0
208;1;26;2.68012;1;0
209;2;26;-2.66526;1;0
210;3;26;5.90545;1;0
211;4;26;6.54421;1;0
212;5;26;3.86415;1;0
213;26;6;9.14739;1;0
214;26;7;1.4145;1;0
215;26;8;-3.71122;1;0
216;26;9;-5.06421;1;0
2029.03;253.629
73
0;0;6;1.68601;1;1
1;0;7;-0.146974;1;1
2;0;8;-0.563469;1;1
3;0;9;1.11426;1;1
4;1;6;0.0454283;1;1
5;1;7;1.99609;1;1
6;1;8;-2.11936;1;1
7;1;9;-1.62948;1;1
8;2;6;0;1;1
9;2;7;0.788617;1;1
10;2;8;0.181072;1;1
11;2;9;0.331167;1;1
12;3;6;2.92535;1;1
13;3;7;0.315302;1;1
14;3;8;-1.81853;1;1
15;3;9;0;1;1
16;4;6;-2.11938;1;1
17;4;7;0;1;1
18;4;8;2.70079;1;1
19;4;9;1.72977;1;1
20;5;6;-0.188519;1;1
21;5;7;1.21147;1;1
22;5;8;-2.14727;1;1
23;5;9;0;1;1
122;0;19;-6.64003;1;1
123;1;19;2.75567;1;1
124;2;19;-12.0554;1;1
125;3;19;13.4398;1;1
126;4;19;-6.73064;1;1
127;5;19;-8.76523;1;1
128;19;6;1.01993;1;1
129;19;7;-0.491072;1;1
130;19;8;-3.81773;1;1
131;19;9;11.8464;1;1
409;19;43;-0.863101;0;0
410;43;43;-11.0975;1;1
411;0;43;-1.572;1;1
412;1;43;6.43914;1;1
413;2;43;-1.08222;1;0
414;3;43;7.2312;1;0
415;4;43;-9.15899;1;0
416;5;43;-5.19129;1;1
417;43;6;0.752038;1;1
418;43;7;6.28226;1;0
419;43;8;-8.41748;1;1
420;43;9;-5.30379;1;1
597;19;57;-3.26148;1;1
598;43;57;-13.609;1;1
599;57;57;-1.63222;1;1
600;0;57;-1.55216;1;1
601;1;57;5.16224;1;1
602;2;57;-8.7208;1;1
603;3;57;-3.6381;1;1
604;4;57;-8.84763;1;1
605;5;57;1.24653;1;1
606;57;6;5.80809;1;1
607;57;7;-14.8308;1;1
608;57;8;-9.55674;1;1
609;57;9;13.5994;1;1
992;19;85;2.53628;1;0
993;43;85;0.140093;1;0
994;57;85;-1.86706;1;0
995;85;85;5.05331;1;0
996;0;85;2.73671;0;0
997;1;85;-2.31015;1;0
998;2;85;7.63803;1;0
999;3;85;9.32095;1;0
1000;4;85;-10.1128;1;0
1001;5;85;-1.36595;1;0
1002;85;6;7.96429;1;0
1003;85;7;-1.30307;1;0
1004;85;8;-5.75918;1;0
1005;85;9;5.98674;1;0
1879.61;375.922
46
0;0;6;1.68601;1;1
1;0;7;-0.146974;1;1
2;0;8;-0.563469;1;1
3;0;9;1.11426;1;1
4;1;6;0.0454283;1;1
5;1;7;1.99609;1;1
6;1;8;-2.11936;1;1
7;1;9;-1.62948;1;1
8;2;6;0;1;1
9;2;7;0.788617;1;1
10;2;8;0.181072;1;1
11;2;9;0.331167;1;1
12;3;6;2.92535;1;1
13;3;7;0.315302;1;1
14;3;8;-1.81853;1;1
15;3;9;0;1;1
16;4;6;-2.11938;1;1
17;4;7;0;1;1
18;4;8;2.70079;1;1
19;4;9;1.72977;1;1
20;5;6;-0.188519;1;1
21;5;7;1.21147;1;1
22;5;8;-2.14727;1;1
23;5;9;0;1;1
122;0;19;-6.64003;1;1
123;1;19;2.75567;1;1
124;2;19;-12.0554;1;1
125;3;19;13.4398;1;1
126;4;19;-6.73064;1;1
127;5;19;-6.87815;1;1
128;19;6;1.83697;1;1
129;19;7;-0.491072;1;1
130;19;8;-3.81773;1;1
131;19;9;11.8464;1;1
409;19;43;7.43852;1;0
410;43;43;-3.01212;1;0
411;0;43;5.91734;1;0
412;1;43;-12.3537;1;0
413;2;43;-7.44786;0;0
414;3;43;4.62576;1;0
415;4;43;5.02517;0;0
416;5;43;-2.84312;1;0
417;43;6;16.1044;1;0
418;43;7;1.55189;1;0
419;43;8;6.16998;0;0
420;43;9;-3.83926;1;0
1805.91;361.182
46
0;0;6;1.68601;1;1
1;0;7;-0.146974;1;1
2;0;8;-0.563469;1;1
3;0;9;1.11426;1;1
4;1;6;0.0454283;1;1
5;1;7;1.99609;1;1
6;1;8;-2.11936;1;1
7;1;9;-1.62948;1;1
8;2;6;0;1;1
9;2;7;0.788617;1;1
10;2;8;0.181072;1;1
11;2;9;0.331167;1;1
12;3;6;2.92535;1;1
13;3;7;0.315302;1;1
14;3;8;-1.81853;1;1
15;3;9;0;1;1
16;4;6;-2.11938;1;1
17;4;7;0;1;1
18;4;8;2.70079;1;1
19;4;9;1.72977;1;1
20;5;6;-0.188519;1;1
21;5;7;1.21147;1;1
22;5;8;-2.14727;1;1
23;5;9;0;1;1
122;0;19;-9.37449;1;1
123;1;19;4.31848;1;1
124;2;19;-9.12742;1;1
125;3;19;4.28835;1;1
126;4;19;-5.80777;1;1
127;5;19;-5.89466;1;1
128;19;6;-0.862679;1;1
129;19;7;3.50175;1;1
130;19;8;-6.03124;1;1
131;19;9;13.7209;1;1
205;19;26;-0.515122;1;0
206;26;26;5.27086;1;0
207;0;26;-10.2416;1;0
208;1;26;-1.04978;1;0
209;2;26;1.94023;1;0
210;3;26;-1.61301;1;0
211;4;26;11.1175;1;0
212;5;26;-0.884684;1;0
213;26;6;-10.7636;1;0
214;26;7;-7.28679;1;0
215;26;8;-12.6472;1;0
216;26;9;10.6434;1;0
1879.61;268.516
59
0;0;6;1.68601;1;1
1;0;7;-0.146974;1;1
2;0;8;-0.563469;1;1
3;0;9;1.11426;1;1
4;1;6;0.0454283;1;1
5;1;7;1.99609;1;1
6;1;8;-2.11936;1;1
7;1;9;-1.62948;1;1
8;2;6;0;1;1
9;2;7;0.788617;1;1
10;2;8;0.181072;1;1
11;2;9;0.331167;1;1
12;3;6;2.92535;1;1
13;3;7;0.315302;1;1
14;3;8;-1.81853;1;1
15;3;9;0;1;1
16;4;6;-2.11938;1;1
17;4;7;0;1;1
18;4;8;2.70079;1;1
19;4;9;1.72977;1;1
20;5;6;-0.188519;1;1
21;5;7;1.21147;1;1
22;5;8;-2.14727;1;1
23;5;9;0;1;1
122;0;19;-6.64003;1;1
123;1;19;2.75567;1;1
124;2;19;-12.0554;1;1
125;3;19;13.4398;1;1
126;4;19;-6.73064;1;1
127;5;19;-6.87815;1;1
128;19;6;1.83697;1;1
129;19;7;-0.491072;1;1
130;19;8;-3.81773;1;1
131;19;9;11.8464;1;1
409;19;43;6.57991;1;1
410;43;43;-0.116365;1;1
411;0;43;8.27865;1;1
412;1;43;-13.4355;1;1
413;2;43;-6.65651;1;1
414;3;43;3.29595;1;1
415;4;43;6.69302;0;1
416;5;43;-6.17943;1;1
417;43;6;15.7206;1;1
418;43;7;4.757;1;1
419;43;8;7.3048;1;1
420;43;9;-4.69165;1;1
1152;19;96;-0.698551;1;0
1153;43;96;8.03264;1;0
1154;96;96;-1.19049;1;0
1155;0;96;-4.52743;1;0
1156;1;96;6.23477;1;0
1157;2;96;-7.90854;1;0
1158;3;96;4.46771;1;0
1159;4;96;-6.03695;1;0
1160;5;96;-1.68083;1;0
1161;96;6;0.831532;1;0
1162;96;7;-8.32226;1;0
1163;96;8;-5.19384;1;0
1164;96;9;-3.44045;1;0
1560;124
1536
24;0;10;-0.169386;1;0
25;1;10;-4.71855;1;0
26;2;10;2.61673;1;0
27;3;10;3.43376;1;0
28;4;10;-1.05908;1;0
29;5;10;-5.9143;1;0
30;10;6;8.98582;1;0
31;10;7;3.34388;1;0
32;10;8;0.974432;1;0
33;10;9;8.81517;1;0
34;0;11;-3.02721;1;0
35;1;11;2.71944;1;0
36;2;11;-4.22372;1;0
37;3;11;7.73098;1;0
38;4;11;-8.94386;1;0
39;5;11;4.72306;1;0
40;11;6;6.66161;1;0
41;11;7;3.84489;1;0
42;11;8;3.84928;1;0
43;11;9;-5.80766;1;0
44;0;12;8.07171;1;0
45;1;12;-0.0946072;1;0
46;2;12;-2.2572;1;0
47;3;12;-6.09106;1;0
48;4;12;1.70128;1;0
49;5;12;9.4243;1;0
50;12;6;-9.58913;1;0
51;12;7;-0.577952;1;0
52;12;8;1.08013;1;0
53;12;9;1.26758;1;0
54;10;13;4.55473;1;0
55;13;13;-3.11275;1;0
56;0;13;6.00188;1;0
57;1;13;-3.6581;1;0
58;2;13;-5.1538;1;0
59;3;13;-8.87472;1;0
60;4;13;5.60915;1;0
61;5;13;-9.92441;1;0
62;13;6;-1.86548;1;0
63;13;7;3.95701;1;0
64;13;8;-6.72581;1;0
65;13;9;-5.06631;1;0
66;11;14;1.82156;1;0
67;14;14;-0.336251;1;0
68;0;14;-0.475899;1;0
69;1;14;6.97634;1;0
70;2;14;0.567807;1;0
71;3;14;1.42151;1;0
72;4;14;-5.67472;1;0
73;5;14;4.37387;1;0
74;14;6;7.77776;1;0
75;14;7;-3.83121;1;0
76;14;8;4.0015;1;0
77;14;9;-5.36929;1;0
78;10;15;-6.65616;1;0
79;15;15;5.46483;1;0
80;0;15;-6.86951;1;0
81;1;15;5.62733;1;0
82;2;15;-2.18531;1;0
83;3;15;-2.95874;1;0
84;4;15;3.81086;1;0
85;5;15;7.11535;1;0
86;15;6;0.934787;1;0
87;15;7;9.83846;1;0
88;15;8;5.93778;1;0
89;15;9;6.61205;1;0
90;0;16;-6.32215;1;0
91;1;16;8.99739;1;0
92;2;16;3.93016;1;0
93;3;16;-8.27471;1;0
94;4;16;-6.14953;1;0
95;5;16;3.16629;1;0
96;16;6;5.29586;1;0
97;16;7;7.54733;1;0
98;16;8;-6.2418;1;0
99;16;9;4.01304;1;0
100;11;17;-1.20163;1;0
101;17;17;-9.49906;1;0
102;0;17;1.2857;1;0
103;1;17;-9.82303;1;0
104;2;17;0.19449;1;0
105;3;17;-1.55359;1;0
106;4;17;-3.9287;1;0
107;5;17;-1.1486;1;0
108;17;6;0.872982;1;0
109;17;7;4.26077;1;0
110;17;8;-7.70771;1;0
111;17;9;7.43196;1;0
112;0;18;1.78568;1;0
113;1;18;4.99359;1;0
114;2;18;-5.54434;1;0
115;3;18;0.456232;1;0
116;4;18;-5.52112;1;0
117;5;18;8.25861;1;0
118;18;6;-9.83811;1;0
119;18;7;6.23216;1;0
120;18;8;1.89927;1;0
121;18;9;-8.73916;1;0
122;0;19;-8.43158;1;0
123;1;19;5.3724;1;0
124;2;19;-9.32244;1;0
125;3;19;7.2163;1;0
126;4;19;-6.0396;1;0
127;5;19;-4.059;1;0
128;19;6;-1.09289;1;0
129;19;7;3.08705;1;0
130;19;8;-3.85183;1;0
131;19;9;9.18909;1;0
132;11;20;2.48906;1;0
133;20;20;8.06543;1;0
134;0;20;0.436134;1;0
135;1;20;-2.76494;1;0
136;2;20;-3.16524;1;0
137;3;20;7.88813;1;0
138;4;20;9.27918;1;0
139;5;20;9.57189;1;0
140;20;6;-3.24089;1;0
141;20;7;4.0879;1;0
142;20;8;7.1929;1;0
143;20;9;8.91939;1;0
144;11;21;-2.70353;1;0
145;21;21;-6.41729;1;0
146;0;21;7.42891;1;0
147;1;21;9.4411;1;0
148;2;21;8.5074;1;0
149;3;21;-1.75472;1;0
150;4;21;2.90853;1;0
151;5;21;1.76206;1;0
152;21;6;-4.32999;1;0
153;21;7;2.02675;1;0
154;21;8;2.16894;1;0
155;21;9;-7.69502;1;0
156;10;22;-9.18474;1;0
157;22;22;-6.57439;1;0
158;0;22;-9.96763;1;0
159;1;22;8.62518;1;0
160;2;22;0.508585;1;0
161;3;22;-4.49018;1;0
162;4;22;4.83431;1;0
163;5;22;-1.73885;1;0
164;22;6;-8.94496;1;0
165;22;7;8.84634;1;0
166;22;8;7.18012;1;0
167;22;9;6.75123;1;0
168;16;23;-4.6014;1;0
169;23;23;-8.59704;1;0
170;0;23;-6.74775;1;0
171;1;23;-9.28225;1;0
172;2;23;-9.30208;1;0
173;3;23;-7.60175;1;0
174;4;23;-7.42336;1;0
175;5;23;3.01621;1;0
176;23;6;-3.18329;1;0
177;23;7;-5.12427;1;0
178;23;8;6.35489;1;0
179;23;9;1.56814;1;0
180;10;24;-8.98815;1;0
181;22;24;9.45652;1;0
182;24;24;1.28443;1;0
183;0;24;-7.446;1;0
184;1;24;7.7393;1;0
185;2;24;-5.82002;1;0
186;3;24;-8.26517;1;0
187;4;24;6.83761;1;0
188;5;24;-1.64768;1;0
189;24;6;-7.97261;1;0
190;24;7;-8.14557;1;0
191;24;8;9.07415;1;0
192;24;9;4.21522;1;0
193;10;25;0.532332;1;0
194;25;25;5.461;1;0
195;0;25;-3.561;1;0
196;1;25;-4.49286;1;0
197;2;25;1.44387;1;0
198;3;25;3.76677;1;0
199;4;25;-6.48186;1;0
200;5;25;-0.0196411;1;0
201;25;6;-5.7892;1;0
202;25;7;9.01811;1;0
203;25;8;1.42783;1;0
204;25;9;9.05045;1;0
205;19;26;3.49698;1;0
206;26;26;3.39107;1;0
207;0;26;9.11293;1;0
208;1;26;2.68012;1;0
209;2;26;-2.66526;1;0
210;3;26;5.90545;1;0
211;4;26;6.54421;1;0
212;5;26;3.86415;1;0
213;26;6;9.14739;1;0
214;26;7;1.4145;1;0
215;26;8;-3.71122;1;0
216;26;9;-5.06421;1;0
217;16;27;-2.44352;1;0
218;27;27;6.03715;1;0
219;0;27;-5.15834;1;0
220;1;27;5.10705;1;0
221;2;27;-5.21126;1;0
222;3;27;4.01624;1;0
223;4;27;-0.338023;1;0
224;5;27;3.97783;1;0
225;27;6;1.12353;1;0
226;27;7;-3.2476;1;0
227;27;8;-3.45663;1;0
228;27;9;5.56927;1;0
229;19;28;2.9358;1;0
230;28;28;-2.88993;1;0
231;0;28;-0.561047;1;0
232;1;28;8.40222;1;0
233;2;28;-6.74803;1;0
234;3;28;-1.18186;1;0
235;4;28;8.71797;1;0
236;5;28;3.13133;1;0
237;28;6;0.558217;1;0
238;28;7;-0.878728;1;0
239;28;8;-9.50477;1;0
240;28;9;4.17675;1;0
241;10;29;4.33248;1;0
242;29;29;-5.69602;1;0
243;0;29;5.08584;1;0
244;1;29;5.91495;1;0
245;2;29;9.49878;1;0
246;3;29;7.61048;1;0
247;4;29;9.81991;1;0
248;5;29;-3.15608;1;0
249;29;6;5.651;1;0
250;29;7;-7.48257;1;0
251;29;8;-4.01471;1;0
252;29;9;4.15801;1;0
253;19;30;3.12015;1;0
254;26;30;-5.19294;1;0
255;30;30;6.87806;1;0
256;0;30;-3.84403;1;0
257;1;30;8.5688;1;0
258;2;30;-9.20474;1;0
259;3;30;-7.4161;1;0
260;4;30;-4.73976;1;0
261;5;30;5.58665;1;0
262;30;6;-6.33923;1;0
263;30;7;-1.50614;1;0
264;30;8;-7.85208;1;0
265;30;9;-0.0912519;1;0
266;11;31;-3.69723;1;0
267;31;31;5.43821;1;0
268;0;31;5.76846;1;0
269;1;31;-0.618024;1;0
270;2;31;-4.95708;1;0
271;3;31;-5.90177;1;0
272;4;31;-4.0683;1;0
273;5;31;0.0198817;1;0
274;31;6;-3.37415;1;0
275;31;7;-6.14894;1;0
276;31;8;3.54212;1;0
277;31;9;7.50335;1;0
278;0;32;8.40485;1;0
279;1;32;-3.13116;1;0
280;2;32;-9.1717;1;0
281;3;32;2.45458;1;0
282;4;32;-9.61917;1;0
283;5;32;-6.36664;1;0
284;32;6;3.76949;1;0
285;32;7;6.23918;1;0
286;32;8;-1.78468;1;0
287;32;9;-7.72556;1;0
288;19;33;-2.93939;1;0
289;33;33;7.31475;1;0
290;0;33;6.75951;1;0
291;1;33;-7.74957;1;0
292;2;33;-0.893279;1;0
293;3;33;-2.37122;1;0
294;4;33;2.0026;1;0
295;5;33;4.20131;1;0
296;33;6;3.66896;1;0
297;33;7;-1.09855;1;0
298;33;8;7.2982;1;0
299;33;9;-7.30843;1;0
300;11;34;8.2833;1;0
301;34;34;-7.34117;1;0
302;0;34;8.55567;1;0
303;1;34;-0.279574;1;0
304;2;34;-8.03775;1;0
305;3;34;-4.09869;1;0
306;4;34;9.03948;1;0
307;5;34;-1.19287;1;0
308;34;6;4.56355;1;0
309;34;7;-5.10301;1;0
310;34;8;8.70157;1;0
311;34;9;-4.99555;1;0
312;19;35;1.95959;1;0
313;35;35;-2.94363;1;0
314;0;35;4.17775;1;0
315;1;35;-0.932354;1;0
316;2;35;-6.95623;1;0
317;3;35;5.65938;1;0
318;4;35;-1.33941;1;0
319;5;35;-3.75962;1;0
320;35;6;0.537617;1;0
321;35;7;-8.53584;1;0
322;35;8;7.91733;1;0
323;35;9;9.13442;1;0
324;19;36;6.73531;1;0
325;26;36;8.49009;1;0
326;36;36;7.25422;1;0
327;0;36;-7.27693;1;0
328;1;36;7.47606;1;0
329;2;36;-1.19671;1;0
330;3;36;6.74968;1;0
331;4;36;-7.78835;1;0
332;5;36;3.58538;1;0
333;36;6;-9.55948;1;0
334;36;7;-7.25765;1;0
335;36;8;1.3196;1;0
336;36;9;-5.27889;1;0
337;0;37;-0.672687;1;0
338;1;37;1.9225;1;0
339;2;37;-0.221058;1;0
340;3;37;3.00416;1;0
341;4;37;3.51296;1;0
342;5;37;-5.61387;1;0
343;37;6;6.61187;1;0
344;37;7;-1.88877;1;0
345;37;8;-1.26596;1;0
346;37;9;0.214099;1;0
347;19;38;-1.1588;1;0
348;38;38;-6.5397;1;0
349;0;38;5.95286;1;0
350;1;38;0.536218;1;0
351;2;38;-4.31206;1;0
352;3;38;8.32985;1;0
353;4;38;2.33338;1;0
354;5;38;-4.03975;1;0
355;38;6;2.10624;1;0
356;38;7;-4.6235;1;0
357;38;8;-9.58613;1;0
358;38;9;-9.5559;1;0
359;19;39;1.5765;1;0
360;39;39;-8.10586;1;0
361;0;39;-0.422566;1;0
362;1;39;-5.42478;1;0
363;2;39;-3.88196;1;0
364;3;39;-8.52221;1;0
365;4;39;1.16221;1;0
366;5;39;-0.458443;1;0
367;39;6;1.47226;1;0
368;39;7;-8.25798;1;0
369;39;8;7.24224;1;0
370;39;9;-9.48514;1;0
371;19;40;0.0244952;1;0
372;26;40;-8.52266;1;0
373;40;40;-5.00492;1;0
374;0;40;-4.59444;1;0
375;1;40;-1.77805;1;0
376;2;40;-4.16632;1;0
377;3;40;-4.22096;1;0
378;4;40;9.15012;1;0
379;5;40;-3.65098;1;0
380;40;6;8.22814;1;0
381;40;7;-3.10085;1;0
382;40;8;-6.93761;1;0
383;40;9;-3.93728;1;0
384;19;41;5.18328;1;0
385;41;41;2.75984;1;0
386;0;41;8.40596;1;0
387;1;41;1.40923;1;0
388;2;41;-3.45561;1;0
389;3;41;8.66502;1;0
390;4;41;-9.75755;1;0
391;5;41;-2.18797;1;0
392;41;6;5.39696;1;0
393;41;7;1.01601;1;0
394;41;8;-0.121449;1;0
395;41;9;-2.8714;1;0
396;19;42;-7.08003;1;0
397;26;42;7.84405;1;0
398;42;42;4.50204;1;0
399;0;42;-8.01845;1;0
400;1;42;-1.79667;1;0
401;2;42;7.53993;1;0
402;3;42;4.93186;1;0
403;4;42;7.57046;1;0
404;5;42;5.7178;1;0
405;42;6;9.94329;1;0
406;42;7;7.06696;1;0
407;42;8;6.41149;1;0
408;42;9;-5.13103;1;0
409;19;43;5.70689;1;0
410;43;43;-7.49809;1;0
411;0;43;0.359706;1;0
412;1;43;-0.565386;1;0
413;2;43;-6.00049;1;0
414;3;43;1.5508;1;0
415;4;43;-5.22945;1;0
416;5;43;-3.93121;1;0
417;43;6;7.70584;1;0
418;43;7;-7.21692;1;0
419;43;8;1.0873;1;0
420;43;9;5.47788;1;0
421;19;44;-9.37186;1;0
422;38;44;-3.50774;1;0
423;44;44;8.94869;1;0
424;0;44;5.4727;1;0
425;1;44;-7.92144;1;0
426;2;44;-7.17121;1;0
427;3;44;0.769329;1;0
428;4;44;-6.58411;1;0
429;5;44;-5.09705;1;0
430;44;6;-1.13935;1;0
431;44;7;-6.28274;1;0
432;44;8;-3.90172;1;0
433;44;9;3.85322;1;0
434;19;45;-7.04925;1;0
435;38;45;7.20938;1;0
436;45;45;8.29821;1;0
437;0;45;6.74804;1;0
438;1;45;-1.08414;1;0
439;2;45;-7.71208;1;0
440;3;45;-8.21452;1;0
441;4;45;-7.62636;1;0
442;5;45;-4.3747;1;0
443;45;6;1.89941;1;0
444;45;7;-4.99093;1;0
445;45;8;7.52397;1;0
446;45;9;-9.52476;1;0
447;19;46;-7.67252;1;0
448;38;46;-9.58447;1;0
449;46;46;-5.32728;1;0
450;0;46;-6.77364;1;0
451;1;46;8.75168;1;0
452;2;46;-7.57868;1;0
453;3;46;-9.35708;1;0
454;4;46;5.16158;1;0
455;5;46;-6.82442;1;0
456;46;6;-5.8116;1;0
457;46;7;-2.52552;1;0
458;46;8;7.95342;1;0
459;46;9;0.782334;1;0
460;19;47;-3.96473;1;0
461;47;47;-9.86416;1;0
462;0;47;3.02722;1;0
463;1;47;1.62803;1;0
464;2;47;3.05396;1;0
465;3;47;3.62292;1;0
466;4;47;-8.99592;1;0
467;5;47;-2.52826;1;0
468;47;6;7.01727;1;0
469;47;7;3.20728;1;0
470;47;8;7.11455;1;0
471;47;9;-1.3675;1;0
472;19;48;-2.97545;1;0
473;38;48;3.21816;1;0
474;46;48;-6.98501;1;0
475;48;48;-2.70781;1;0
476;0;48;8.92041;1;0
477;1;48;-2.59756;1;0
478;2;48;5.33713;1;0
479;3;48;5.92592;1;0
480;4;48;-0.0874385;1;0
481;5;48;-9.5778;1;0
482;48;6;2.61387;1;0
483;48;7;5.8246;1;0
484;48;8;8.81296;1;0
485;48;9;3.21758;1;0
486;19;49;-2.00244;1;0
487;38;49;-8.50549;1;0
488;46;49;-2.85343;1;0
489;49;49;-3.52744;1;0
490;0;49;1.23658;1;0
491;1;49;-4.1473;1;0
492;2;49;-5.64476;1;0
493;3;49;-3.97727;1;0
494;4;49;8.66356;1;0
495;5;49;-3.48615;1;0
496;49;6;6.60718;1;0
497;49;7;6.33964;1;0
498;49;8;3.02734;1;0
499;49;9;4.59798;1;0
500;19;50;-5.6548;1;0
501;38;50;-2.64797;1;0
502;46;50;6.42917;1;0
503;50;50;-5.2752;1;0
504;0;50;4.55052;1;0
505;1;50;-7.44216;1;0
506;2;50;5.3586;1;0
507;3;50;0.145259;1;0
508;4;50;-7.96003;1;0
509;5;50;-0.248084;1;0
510;50;6;-4.51334;1;0
511;50;7;-3.67061;1;0
512;50;8;5.5092;1;0
513;50;9;9.75156;1;0
514;19;51;9.55755;1;0
515;43;51;5.79472;1;0
516;51;51;2.64714;1;0
517;0;51;0.686696;1;0
518;1;51;-1.70347;1;0
519;2;51;-6.95726;1;0
520;3;51;-5.63083;1;0
521;4;51;-6.88518;1;0
522;5;51;-2.3651;1;0
523;51;6;-9.61935;1;0
524;51;7;2.29563;1;0
525;51;8;8.71611;1;0
526;51;9;6.01529;1;0
527;19;52;-3.4196;1;0
528;43;52;-3.14058;1;0
529;52;52;0.779823;1;0
530;0;52;-6.80633;1;0
531;1;52;7.81206;1;0
532;2;52;3.21762;1;0
533;3;52;3.45002;1;0
534;4;52;-6.59534;1;0
535;5;52;3.64063;1;0
536;52;6;6.23406;1;0
537;52;7;-0.310864;1;0
538;52;8;3.50431;1;0
539;52;9;9.00353;1;0
540;19;53;-3.87882;1;0
541;38;53;-8.84139;1;0
542;46;53;-3.88743;1;0
543;50;53;4.42719;1;0
544;53;53;-4.98811;1;0
545;0;53;1.54014;1;0
546;1;53;-5.23822;1;0
547;2;53;-5.0415;1;0
548;3;53;-4.92516;1;0
549;4;53;8.07842;1;0
550;5;53;-4.75853;1;0
551;53;6;4.44307;1;0
552;53;7;-7.61488;1;0
553;53;8;0.525206;1;0
554;53;9;0.0270101;1;0
555;19;54;-4.3079;1;0
556;38;54;-8.57388;1;0
557;46;54;-9.59294;1;0
558;50;54;-6.62503;1;0
559;54;54;-5.41169;1;0
560;0;54;-3.75372;1;0
561;1;54;1.14397;1;0
562;2;54;-2.94233;1;0
563;3;54;2.11668;1;0
564;4;54;-4.82074;1;0
565;5;54;-4.04597;1;0
566;54;6;2.92481;1;0
567;54;7;-3.5033;1;0
568;54;8;1.12613;1;0
569;54;9;-2.20207;1;0
570;19;55;-3.74936;1;0
571;43;55;5.40218;1;0
572;55;55;-1.42495;1;0
573;0;55;-5.52661;1;0
574;1;55;-5.42613;1;0
575;2;55;1.69321;1;0
576;3;55;1.99885;1;0
577;4;55;4.24224;1;0
578;5;55;-0.443945;1;0
579;55;6;4.73721;1;0
580;55;7;-5.72561;1;0
581;55;8;-7.97103;1;0
582;55;9;4.0422;1;0
583;19;56;-4.20906;1;0
584;38;56;5.6701;1;0
585;46;56;4.28126;1;0
586;56;56;0.176424;1;0
587;0;56;-3.10454;1;0
588;1;56;-7.38399;1;0
589;2;56;-3.90507;1;0
590;3;56;8.48405;1;0
591;4;56;8.79365;1;0
592;5;56;-2.07305;1;0
593;56;6;0.122426;1;0
594;56;7;3.88942;1;0
595;56;8;-7.2047;1;0
596;56;9;3.42833;1;0
597;19;57;-0.689394;1;0
598;43;57;-5.04033;1;0
599;57;57;-8.90324;1;0
600;0;57;8.38769;1;0
601;1;57;-1.30367;1;0
602;2;57;-0.35459;1;0
603;3;57;-9.03344;1;0
604;4;57;-9.05902;1;0
605;5;57;-2.52449;1;0
606;57;6;2.68769;1;0
607;57;7;-7.4255;1;0
608;57;8;-3.42436;1;0
609;57;9;2.74981;1;0
610;19;58;2.37312;1;0
611;43;58;9.85508;1;0
612;58;58;-6.57707;1;0
613;0;58;1.34226;1;0
614;1;58;-3.80577;1;0
615;2;58;-2.64263;1;0
616;3;58;8.15371;1;0
617;4;58;9.01952;1;0
618;5;58;-0.526799;1;0
619;58;6;-2.97054;1;0
620;58;7;9.69462;1;0
621;58;8;1.47052;1;0
622;58;9;-0.631683;1;0
623;19;59;9.8419;1;0
624;26;59;0.41988;1;0
625;59;59;8.61655;1;0
626;0;59;-4.21397;1;0
627;1;59;-6.16861;1;0
628;2;59;-4.96264;1;0
629;3;59;5.30395;1;0
630;4;59;-3.16472;1;0
631;5;59;-0.21833;1;0
632;59;6;-4.98738;1;0
633;59;7;7.11689;1;0
634;59;8;3.12127;1;0
635;59;9;-5.74388;1;0
636;19;60;7.60375;1;0
637;38;60;-0.0632287;1;0
638;46;60;-4.18771;1;0
639;50;60;-1.98941;1;0
640;60;60;0.196896;1;0
641;0;60;6.90671;1;0
642;1;60;-0.959304;1;0
643;2;60;9.32388;1;0
644;3;60;-1.40063;1;0
645;4;60;5.23145;1;0
646;5;60;0.183984;1;0
647;60;6;-3.46851;1;0
648;60;7;8.63891;1;0
649;60;8;4.30661;1;0
650;60;9;-4.70476;1;0
651;19;61;-7.86224;1;0
652;43;61;-8.19585;1;0
653;61;61;0.614857;1;0
654;0;61;1.18277;1;0
655;1;61;2.29561;1;0
656;2;61;-2.91179;1;0
657;3;61;-8.1453;1;0
658;4;61;-5.21556;1;0
659;5;61;-7.99593;1;0
660;61;6;3.2887;1;0
661;61;7;1.57985;1;0
662;61;8;9.12267;1;0
663;61;9;8.26626;1;0
664;19;62;-7.42954;1;0
665;38;62;-8.53755;1;0
666;46;62;8.34958;1;0
667;50;62;5.66988;1;0
668;62;62;4.72153;1;0
669;0;62;-2.38172;1;0
670;1;62;-1.63966;1;0
671;2;62;0.179778;1;0
672;3;62;-1.64677;1;0
673;4;62;2.59615;1;0
674;5;62;3.94671;1;0
675;62;6;7.94788;1;0
676;62;7;-6.03121;1;0
677;62;8;-1.47815;1;0
678;62;9;-4.62313;1;0
679;19;63;7.01042;1;0
680;26;63;1.93704;1;0
681;63;63;-4.86274;1;0
682;0;63;-7.68163;1;0
683;1;63;-9.16537;1;0
684;2;63;9.96504;1;0
685;3;63;-1.9974;1;0
686;4;63;-9.26241;1;0
687;5;63;8.68478;1;0
688;63;6;-2.03915;1;0
689;63;7;6.22688;1;0
690;63;8;8.58756;1;0
691;63;9;2.4237;1;0
692;19;64;4.23632;1;0
693;38;64;1.13937;1;0
694;46;64;-1.04332;1;0
695;50;64;-8.55367;1;0
696;64;64;-9.6188;1;0
697;0;64;-2.32545;1;0
698;1;64;9.68393;1;0
699;2;64;0.89555;1;0
700;3;64;3.1944;1;0
701;4;64;2.36186;1;0
702;5;64;-2.01163;1;0
703;64;6;6.14215;1;0
704;64;7;3.08621;1;0
705;64;8;6.83322;1;0
706;64;9;-5.83959;1;0
707;19;65;3.77811;1;0
708;26;65;3.34411;1;0
709;65;65;7.04318;1;0
710;0;65;7.98806;1;0
711;1;65;4.35231;1;0
712;2;65;5.78182;1;0
713;3;65;-5.9663;1;0
714;4;65;7.69739;1;0
715;5;65;0.374848;1;0
716;65;6;-3.1702;1;0
717;65;7;0.491327;1;0
718;65;8;2.51304;1;0
719;65;9;4.62402;1;0
720;19;66;6.0505;1;0
721;38;66;9.3476;1;0
722;46;66;7.56392;1;0
723;50;66;-3.0935;1;0
724;66;66;6.8449;1;0
725;0;66;-5.87321;1;0
726;1;66;3.78695;1;0
727;2;66;8.0956;1;0
728;3;66;2.66824;1;0
729;4;66;0.185408;1;0
730;5;66;-9.31202;1;0
731;66;6;2.24427;1;0
732;66;7;7.63962;1;0
733;66;8;-9.41023;1;0
734;66;9;-8.59395;1;0
735;19;67;-4.57283;1;0
736;43;67;6.21205;1;0
737;67;67;6.06999;1;0
738;0;67;2.16715;1;0
739;1;67;-4.12031;1;0
740;2;67;6.62371;1;0
741;3;67;1.17582;1;0
742;4;67;2.84399;1;0
743;5;67;-4.04984;1;0
744;67;6;-7.85141;1;0
745;67;7;-4.73101;1;0
746;67;8;-3.80857;1;0
747;67;9;4.69633;1;0
748;19;68;-0.900073;1;0
749;38;68;-4.94523;1;0
750;46;68;7.69961;1;0
751;50;68;-6.93702;1;0
752;68;68;-0.197459;1;0
753;0;68;1.8779;1;0
754;1;68;9.03357;1;0
755;2;68;6.13494;1;0
756;3;68;4.84685;1;0
757;4;68;-8.77757;1;0
758;5;68;9.69606;1;0
759;68;6;2.1742;1;0
760;68;7;9.17899;1;0
761;68;8;-5.5784;1;0
762;68;9;9.44988;1;0
763;19;69;6.31328;1;0
764;38;69;-6.81197;1;0
765;46;69;-0.539963;1;0
766;50;69;-7.77914;1;0
767;69;69;-8.18499;1;0
768;0;69;6.31384;1;0
769;1;69;-5.04227;1;0
770;2;69;-0.496315;1;0
771;3;69;7.86979;1;0
772;4;69;6.74078;1;0
773;5;69;-5.73121;1;0
774;69;6;-8.12545;1;0
775;69;7;-2.71104;1;0
776;69;8;9.85576;1;0
777;69;9;2.7778;1;0
778;19;70;-9.27107;1;0
779;43;70;-6.69595;1;0
780;57;70;-3.67528;1;0
781;70;70;-1.44944;1;0
782;0;70;5.49637;1;0
783;1;70;9.58224;1;0
784;2;70;-5.59535;1;0
785;3;70;-0.0193864;1;0
786;4;70;-2.51135;1;0
787;5;70;3.12126;1;0
788;70;6;-1.0348;1;0
789;70;7;7.31869;1;0
790;70;8;-3.99074;1;0
791;70;9;-7.5961;1;0
792;19;71;-2.95683;1;0
793;38;71;6.58759;1;0
794;46;71;3.0364;1;0
795;50;71;-3.65024;1;0
796;71;71;9.81528;1;0
797;0;71;8.44261;1;0
798;1;71;-2.96282;1;0
799;2;71;5.87106;1;0
800;3;71;6.80825;1;0
801;4;71;9.9115;1;0
802;5;71;7.40681;1;0
803;71;6;-5.45252;1;0
804;71;7;5.61264;1;0
805;71;8;6.74993;1;0
806;71;9;-0.0203968;1;0
807;19;72;3.27357;1;0
808;38;72;5.6893;1;0
809;46;72;0.471463;1;0
810;50;72;2.40654;1;0
811;72;72;-0.365291;1;0
812;0;72;-3.15822;1;0
813;1;72;7.29726;1;0
814;2;72;2.68961;1;0
815;3;72;-5.9069;1;0
816;4;72;7.29603;1;0
817;5;72;-8.74089;1;0
818;72;6;5.22643;1;0
819;72;7;-1.54407;1;0
820;72;8;6.01787;1;0
821;72;9;6.93031;1;0
822;19;73;-8.12196;1;0
823;38;73;0.170125;1;0
824;46;73;0.988506;1;0
825;50;73;-4.1064;1;0
826;73;73;7.86556;1;0
827;0;73;2.85992;1;0
828;1;73;0.520005;1;0
829;2;73;9.74839;1;0
830;3;73;-6.39322;1;0
831;4;73;-4.48966;1;0
832;5;73;6.20482;1;0
833;73;6;7.30259;1;0
834;73;7;-8.91669;1;0
835;73;8;0.89932;1;0
836;73;9;2.57291;1;0
837;19;74;-2.11073;1;0
838;43;74;-6.75756;1;0
839;57;74;8.60754;1;0
840;74;74;-7.09747;1;0
841;0;74;4.93785;1;0
842;1;74;7.89786;1;0
843;2;74;8.50582;1;0
844;3;74;6.75946;1;0
845;4;74;6.17619;1;0
846;5;74;-6.94286;1;0
847;74;6;-6.69842;1;0
848;74;7;-8.11409;1;0
849;74;8;-6.8071;1;0
850;74;9;1.73539;1;0
851;19;75;5.20929;1;0
852;43;75;-9.57954;1;0
853;57;75;7.48429;1;0
854;75;75;6.07058;1;0
855;0;75;7.67936;1;0
856;1;75;-9.27041;1;0
857;2;75;-8.39903;1;0
858;3;75;-1.27631;1;0
859;4;75;7.79879;1;0
860;5;75;6.77856;1;0
861;75;6;-8.61779;1;0
862;75;7;-5.88896;1;0
863;75;8;-6.48094;1;0
864;75;9;-6.52483;1;0
865;19;76;9.72403;1;0
866;43;76;-9.89467;1;0
867;57;76;-8.66085;1;0
868;76;76;6.68516;1;0
869;0;76;0.564558;1;0
870;1;76;9.11986;1;0
871;2;76;6.48984;1;0
872;3;76;4.23494;1;0
873;4;76;0.761694;1;0
874;5;76;-9.63548;1;0
875;76;6;4.03195;1;0
876;76;7;1.55835;1;0
877;76;8;2.12866;1;0
878;76;9;6.15187;1;0
879;19;77;6.65527;1;0
880;38;77;-5.55247;1;0
881;46;77;-6.88856;1;0
882;50;77;-4.37157;1;0
883;77;77;0.43346;1;0
884;0;77;-5.86696;1;0
885;1;77;-6.66185;1;0
886;2;77;-4.06467;1;0
887;3;77;4.25126;1;0
888;4;77;-0.872496;1;0
889;5;77;1.25262;1;0
890;77;6;1.29724;1;0
891;77;7;-6.8594;1;0
892;77;8;-0.686272;1;0
893;77;9;-3.60088;1;0
894;19;78;-8.73024;1;0
895;26;78;7.66449;1;0
896;78;78;3.8545;1;0
897;0;78;-5.04792;1;0
898;1;78;6.28991;1;0
899;2;78;-1.10094;1;0
900;3;78;-0.234288;1;0
901;4;78;5.56726;1;0
902;5;78;-4.78621;1;0
903;78;6;2.91356;1;0
904;78;7;-1.21896;1;0
905;78;8;6.57191;1;0
906;78;9;-4.1809;1;0
907;19;79;8.60251;1;0
908;43;79;7.77232;1;0
909;57;79;6.53564;1;0
910;79;79;5.83083;1;0
911;0;79;-4.89537;1;0
912;1;79;3.96889;1;0
913;2;79;-7.54007;1;0
914;3;79;2.23208;1;0
915;4;79;-1.66961;1;0
916;5;79;4.42307;1;0
917;79;6;3.11247;1;0
918;79;7;-4.17089;1;0
919;79;8;9.53869;1;0
920;79;9;8.95099;1;0
921;19;80;3.38479;1;0
922;43;80;2.54031;1;0
923;57;80;8.46553;1;0
924;80;80;-9.8366;1;0
925;0;80;0.203528;1;0
926;1;80;6.97684;1;0
927;2;80;-2.01627;1;0
928;3;80;3.84006;1;0
929;4;80;-6.84697;1;0
930;5;80;-7.36223;1;0
931;80;6;-5.43876;1;0
932;80;7;-0.452308;1;0
933;80;8;-0.815345;1;0
934;80;9;-7.65584;1;0
935;19;81;-8.94332;1;0
936;43;81;-4.08909;1;0
937;57;81;5.92869;1;0
938;81;81;-4.67367;1;0
939;0;81;-8.68786;1;0
940;1;81;-5.55892;1;0
941;2;81;-1.3273;1;0
942;3;81;5.26551;1;0
943;4;81;3.84362;1;0
944;5;81;-7.49741;1;0
945;81;6;2.04128;1;0
946;81;7;-5.3744;1;0
947;81;8;-3.455;1;0
948;81;9;6.21867;1;0
949;19;82;6.31224;1;0
950;43;82;0.976908;1;0
951;57;82;6.23385;1;0
952;82;82;-7.05402;1;0
953;0;82;9.29095;1;0
954;1;82;6.12805;1;0
955;2;82;-6.37588;1;0
956;3;82;5.75381;1;0
957;4;82;-8.43388;1;0
958;5;82;-1.86222;1;0
959;82;6;2.74329;1;0
960;82;7;-5.53685;1;0
961;82;8;-3.38565;1;0
962;82;9;-7.19813;1;0
963;19;83;7.22431;1;0
964;43;83;2.26919;1;0
965;57;83;-0.4307;1;0
966;81;83;0.384203;1;0
967;83;83;3.13261;1;0
968;0;83;5.54856;1;0
969;1;83;-6.98016;1;0
970;2;83;0.116836;1;0
971;3;83;7.44996;1;0
972;4;83;8.18965;1;0
973;5;83;-3.95292;1;0
974;83;6;-0.939986;1;0
975;83;7;1.3425;1;0
976;83;8;4.8831;1;0
977;83;9;-1.22863;1;0
978;19;84;-8.50193;1;0
979;43;84;8.0652;1;0
980;57;84;-4.0479;1;0
981;84;84;-6.14886;1;0
982;0;84;-4.22246;1;0
983;1;84;5.71555;1;0
984;2;84;4.2928;1;0
985;3;84;5.55185;1;0
986;4;84;5.20641;1;0
987;5;84;-0.18923;1;0
988;84;6;-0.776609;1;0
989;84;7;-1.472;1;0
990;84;8;8.63043;1;0
991;84;9;3.01948;1;0
992;19;85;4.6569;1;0
993;43;85;3.11575;1;0
994;57;85;5.31547;1;0
995;85;85;9.04316;1;0
996;0;85;5.89827;1;0
997;1;85;-6.2184;1;0
998;2;85;7.81343;1;0
999;3;85;8.04724;1;0
1000;4;85;-7.91796;1;0
1001;5;85;-3.25778;1;0
1002;85;6;8.95677;1;0
1003;85;7;-4.9647;1;0
1004;85;8;-7.22954;1;0
1005;85;9;2.8826;1;0
1006;19;86;9.00483;1;0
1007;43;86;-4.14412;1;0
1008;57;86;-0.640453;1;0
1009;80;86;2.80108;1;0
1010;86;86;-8.30806;1;0
1011;0;86;2.66261;1;0
1012;1;86;-3.78786;1;0
1013;2;86;9.94737;1;0
1014;3;86;-4.44582;1;0
1015;4;86;6.67184;1;0
1016;5;86;-6.26493;1;0
1017;86;6;3.59812;1;0
1018;86;7;5.10615;1;0
1019;86;8;5.99927;1;0
1020;86;9;4.433;1;0
1021;19;87;8.38872;1;0
1022;26;87;-7.00045;1;0
1023;87;87;-0.360358;1;0
1024;0;87;0.308381;1;0
1025;1;87;-9.29825;1;0
1026;2;87;-3.23697;1;0
1027;3;87;-9.76546;1;0
1028;4;87;-2.61255;1;0
1029;5;87;2.38337;1;0
1030;87;6;-6.18377;1;0
1031;87;7;7.94996;1;0
1032;87;8;-5.70992;1;0
1033;87;9;-1.21606;1;0
1034;19;88;-6.72765;1;0
1035;43;88;2.98159;1;0
1036;57;88;6.60885;1;0
1037;88;88;8.2328;1;0
1038;0;88;-1.05963;1;0
1039;1;88;4.65647;1;0
1040;2;88;-2.2662;1;0
1041;3;88;-3.77561;1;0
1042;4;88;8.30194;1;0
1043;5;88;3.86113;1;0
1044;88;6;-7.3583;1;0
1045;88;7;7.46714;1;0
1046;88;8;-2.2358;1;0
1047;88;9;-6.75541;1;0
1048;19;89;1.53512;1;0
1049;43;89;4.91561;1;0
1050;57;89;8.77991;1;0
1051;85;89;1.82662;1;0
1052;89;89;-8.86405;1;0
1053;0;89;-9.52034;1;0
1054;1;89;9.15986;1;0
1055;2;89;6.10557;1;0
1056;3;89;-9.72761;1;0
1057;4;89;7.09789;1;0
1058;5;89;3.61353;1;0
1059;89;6;-7.22881;1;0
1060;89;7;-9.07318;1;0
1061;89;8;5.19556;1;0
1062;89;9;-6.75031;1;0
1063;19;90;-8.64064;1;0
1064;43;90;-9.85159;1;0
1065;57;90;-1.13424;1;0
1066;84;90;2.08202;1;0
1067;90;90;8.95786;1;0
1068;0;90;-3.2703;1;0
1069;1;90;8.09949;1;0
1070;2;90;-9.89198;1;0
1071;3;90;5.77376;1;0
1072;4;90;5.17994;1;0
1073;5;90;2.86928;1;0
1074;90;6;-0.881766;1;0
1075;90;7;-4.15798;1;0
1076;90;8;-7.47786;1;0
1077;90;9;-5.35183;1;0
1078;19;91;-2.89551;1;0
1079;26;91;-7.17254;1;0
1080;91;91;0.954124;1;0
1081;0;91;1.12011;1;0
1082;1;91;-5.67075;1;0
1083;2;91;0.497393;1;0
1084;3;91;-5.27512;1;0
1085;4;91;-8.22532;1;0
1086;5;91;3.83123;1;0
1087;91;6;-8.50912;1;0
1088;91;7;-9.3577;1;0
1089;91;8;6.81213;1;0
1090;91;9;5.48691;1;0
1091;19;92;-2.53053;1;0
1092;43;92;0.244394;1;0
1093;57;92;9.12702;1;0
1094;85;92;-2.8359;1;0
1095;89;92;-7.71514;1;0
1096;92;92;-7.67381;1;0
1097;0;92;-2.56781;1;0
1098;1;92;-9.18722;1;0
1099;2;92;6.42923;1;0
1100;3;92;5.2854;1;0
1101;4;92;-8.53672;1;0
1102;5;92;9.13287;1;0
1103;92;6;8.33223;1;0
1104;92;7;3.53076;1;0
1105;92;8;-1.30412;1;0
1106;92;9;-8.20716;1;0
1107;19;93;-8.31281;1;0
1108;43;93;-7.56186;1;0
1109;93;93;6.07367;1;0
1110;0;93;4.61866;1;0
1111;1;93;-3.49751;1;0
1112;2;93;2.07086;1;0
1113;3;93;-0.348701;1;0
1114;4;93;8.86583;1;0
1115;5;93;8.18035;1;0
1116;93;6;-6.41623;1;0
1117;93;7;-7.51585;1;0
1118;93;8;3.67073;1;0
1119;93;9;-3.49835;1;0
1120;19;94;-9.82915;1;0
1121;43;94;-7.88825;1;0
1122;57;94;-0.485476;1;0
1123;85;94;-0.12682;1;0
1124;89;94;2.84835;1;0
1125;92;94;-7.46493;1;0
1126;94;94;6.12826;1;0
1127;0;94;9.62528;1;0
1128;1;94;3.29386;1;0
1129;2;94;1.78773;1;0
1130;3;94;-2.6431;1;0
1131;4;94;-5.05048;1;0
1132;5;94;-7.20428;1;0
1133;94;6;-6.16094;1;0
1134;94;7;-7.67012;1;0
1135;94;8;4.41198;1;0
1136;94;9;-9.34344;1;0
1137;19;95;-0.196263;1;0
1138;43;95;-6.51396;1;0
1139;57;95;8.89355;1;0
1140;85;95;-9.47742;1;0
1141;95;95;-5.10856;1;0
1142;0;95;2.00627;1;0
1143;1;95;-9.15926;1;0
1144;2;95;-3.40492;1;0
1145;3;95;-4.98623;1;0
1146;4;95;-4.781;1;0
1147;5;95;3.25288;1;0
1148;95;6;-8.48629;1;0
1149;95;7;-6.91347;1;0
1150;95;8;7.29548;1;0
1151;95;9;-4.75232;1;0
1152;19;96;-0.698551;1;0
1153;43;96;8.03264;1;0
1154;96;96;-1.19049;1;0
1155;0;96;-4.5988;1;0
1156;1;96;6.23477;1;0
1157;2;96;-7.90854;1;0
1158;3;96;1.50479;1;0
1159;4;96;-3.38956;1;0
1160;5;96;-1.48039;1;0
1161;96;6;-0.758481;1;0
1162;96;7;-7.9947;1;0
1163;96;8;-5.19384;1;0
1164;96;9;-3.44045;1;0
1165;19;97;-9.61827;1;0
1166;43;97;3.65656;1;0
1167;57;97;5.29214;1;0
1168;85;97;7.53574;1;0
1169;97;97;4.35558;1;0
1170;0;97;8.66533;1;0
1171;1;97;2.64571;1;0
1172;2;97;-7.9962;1;0
1173;3;97;-5.14619;1;0
1174;4;97;-9.65971;1;0
1175;5;97;7.39621;1;0
1176;97;6;-2.72349;1;0
1177;97;7;-5.08743;1;0
1178;97;8;8.00337;1;0
1179;97;9;-7.08495;1;0
1180;19;98;6.02154;1;0
1181;43;98;9.80598;1;0
1182;98;98;8.06452;1;0
1183;0;98;9.06469;1;0
1184;1;98;-4.99871;1;0
1185;2;98;8.39078;1;0
1186;3;98;-5.25401;1;0
1187;4;98;9.16379;1;0
1188;5;98;-5.64193;1;0
1189;98;6;3.56431;1;0
1190;98;7;-2.84132;1;0
1191;98;8;7.20064;1;0
1192;98;9;-2.1295;1;0
1193;19;99;6.3633;1;0
1194;43;99;-4.08048;1;0
1195;96;99;-0.392936;1;0
1196;99;99;-6.99564;1;0
1197;0;99;-3.65874;1;0
1198;1;99;6.26588;1;0
1199;2;99;-3.4904;1;0
1200;3;99;3.77611;1;0
1201;4;99;4.74211;1;0
1202;5;99;-3.53406;1;0
1203;99;6;4.50606;1;0
1204;99;7;1.94645;1;0
1205;99;8;-6.98456;1;0
1206;99;9;6.24649;1;0
1207;19;100;-2.46891;1;0
1208;43;100;5.6574;1;0
1209;57;100;-3.80963;1;0
1210;85;100;-4.21652;1;0
1211;100;100;-4.43445;1;0
1212;0;100;7.51385;1;0
1213;1;100;2.76982;1;0
1214;2;100;-8.71418;1;0
1215;3;100;9.81076;1;0
1216;4;100;6.59106;1;0
1217;5;100;4.65628;1;0
1218;100;6;-7.11557;1;0
1219;100;7;-6.70823;1;0
1220;100;8;-9.84893;1;0
1221;100;9;-7.49169;1;0
1222;19;101;9.55035;1;0
1223;26;101;-1.38295;1;0
1224;101;101;6.13332;1;0
1225;0;101;8.05132;1;0
1226;1;101;-1.00857;1;0
1227;2;101;9.37825;1;0
1228;3;101;1.74209;1;0
1229;4;101;-9.12;1;0
1230;5;101;-0.573406;1;0
1231;101;6;3.39717;1;0
1232;101;7;6.26973;1;0
1233;101;8;-4.84946;1;0
1234;101;9;-0.13583;1;0
1235;19;102;-3.72574;1;0
1236;43;102;-1.1595;1;0
1237;57;102;-6.47643;1;0
1238;85;102;2.44759;1;0
1239;102;102;-4.17718;1;0
1240;0;102;-8.73501;1;0
1241;1;102;-9.20789;1;0
1242;2;102;-4.93165;1;0
1243;3;102;-3.13837;1;0
1244;4;102;1.74622;1;0
1245;5;102;7.72812;1;0
1246;102;6;9.22463;1;0
1247;102;7;1.46845;1;0
1248;102;8;-1.19633;1;0
1249;102;9;-1.13979;1;0
1250;19;103;-0.590302;1;0
1251;26;103;-7.40026;1;0
1252;101;103;-3.38696;1;0
1253;103;103;3.82565;1;0
1254;0;103;8.25026;1;0
1255;1;103;-0.343103;1;0
1256;2;103;1.44768;1;0
1257;3;103;9.83824;1;0
1258;4;103;3.2712;1;0
1259;5;103;-4.67225;1;0
1260;103;6;8.68684;1;0
1261;103;7;6.14686;1;0
1262;103;8;1.34932;1;0
1263;103;9;4.0581;1;0
1264;19;104;-1.64025;1;0
1265;43;104;-5.63836;1;0
1266;96;104;-2.591;1;0
1267;104;104;4.97364;1;0
1268;0;104;-6.95658;1;0
1269;1;104;2.48343;1;0
1270;2;104;5.73943;1;0
1271;3;104;-1.6637;1;0
1272;4;104;7.07272;1;0
1273;5;104;8.95155;1;0
1274;104;6;-0.556775;1;0
1275;104;7;-0.759936;1;0
1276;104;8;1.1402;1;0
1277;104;9;9.08494;1;0
1278;19;105;-2.5765;1;0
1279;26;105;-5.67282;1;0
1280;101;105;7.32452;1;0
1281;105;105;-4.07513;1;0
1282;0;105;6.60001;1;0
1283;1;105;-6.19024;1;0
1284;2;105;3.28725;1;0
1285;3;105;5.16482;1;0
1286;4;105;-5.94231;1;0
1287;5;105;0.912643;1;0
1288;105;6;9.75337;1;0
1289;105;7;5.0833;1;0
1290;105;8;-5.39704;1;0
1291;105;9;6.71729;1;0
1292;19;106;-6.3963;1;0
1293;26;106;-2.29105;1;0
1294;101;106;-3.16394;1;0
1295;106;106;2.81404;1;0
1296;0;106;-9.05768;1;0
1297;1;106;1.7458;1;0
1298;2;106;4.42075;1;0
1299;3;106;-8.19498;1;0
1300;4;106;3.73302;1;0
1301;5;106;4.48587;1;0
1302;106;6;-1.16267;1;0
1303;106;7;-2.03878;1;0
1304;106;8;8.7841;1;0
1305;106;9;1.15539;1;0
1306;19;107;2.02125;1;0
1307;43;107;2.31239;1;0
1308;57;107;4.74178;1;0
1309;85;107;-8.06571;1;0
1310;100;107;-6.6607;1;0
1311;107;107;-4.16764;1;0
1312;0;107;2.60486;1;0
1313;1;107;7.33736;1;0
1314;2;107;5.27213;1;0
1315;3;107;8.08415;1;0
1316;4;107;8.65238;1;0
1317;5;107;-9.83853;1;0
1318;107;6;9.10722;1;0
1319;107;7;-9.49391;1;0
1320;107;8;2.95318;1;0
1321;107;9;8.49658;1;0
1322;19;108;1.06838;1;0
1323;43;108;5.62172;1;0
1324;96;108;2.71344;1;0
1325;108;108;-4.41536;1;0
1326;0;108;-2.42153;1;0
1327;1;108;-7.59973;1;0
1328;2;108;4.10972;1;0
1329;3;108;0.709921;1;0
1330;4;108;6.52621;1;0
1331;5;108;1.75644;1;0
1332;108;6;-1.17924;1;0
1333;108;7;-0.513013;1;0
1334;108;8;-4.62919;1;0
1335;108;9;5.04416;1;0
1336;19;109;5.04729;1;0
1337;43;109;-2.08494;1;0
1338;57;109;3.40415;1;0
1339;85;109;0.469874;1;0
1340;100;109;-4.49532;1;0
1341;109;109;-3.18951;1;0
1342;0;109;1.68905;1;0
1343;1;109;4.94612;1;0
1344;2;109;0.162055;1;0
1345;3;109;-9.32484;1;0
1346;4;109;0.980104;1;0
1347;5;109;-8.3727;1;0
1348;109;6;-6.83554;1;0
1349;109;7;1.94142;1;0
1350;109;8;-4.42396;1;0
1351;109;9;-9.52144;1;0
1352;19;110;-4.1682;1;0
1353;26;110;-8.86767;1;0
1354;101;110;-4.16024;1;0
1355;110;110;8.73788;1;0
1356;0;110;-8.24487;1;0
1357;1;110;-7.78529;1;0
1358;2;110;3.05845;1;0
1359;3;110;1.7113;1;0
1360;4;110;4.08473;1;0
1361;5;110;-8.66475;1;0
1362;110;6;-3.90653;1;0
1363;110;7;-1.50518;1;0
1364;110;8;2.99763;1;0
1365;110;9;5.46431;1;0
1366;19;111;8.2337;1;0
1367;26;111;2.46833;1;0
1368;101;111;5.8937;1;0
1369;105;111;-6.3076;1;0
1370;111;111;2.21482;1;0
1371;0;111;-0.0461378;1;0
1372;1;111;8.32784;1;0
1373;2;111;-1.3875;1;0
1374;3;111;7.83718;1;0
1375;4;111;-8.7089;1;0
1376;5;111;-8.41533;1;0
1377;111;6;-3.22193;1;0
1378;111;7;-1.9712;1;0
1379;111;8;-6.39269;1;0
1380;111;9;2.09358;1;0
1381;19;112;-5.03483;1;0
1382;43;112;-9.74864;1;0
1383;96;112;8.25176;1;0
1384;108;112;3.02891;1;0
1385;112;112;-9.3479;1;0
1386;0;112;5.3325;1;0
1387;1;112;6.83831;1;0
1388;2;112;9.31257;1;0
1389;3;112;-4.96094;1;0
1390;4;112;-8.45915;1;0
1391;5;112;-7.18868;1;0
1392;112;6;-9.33722;1;0
1393;112;7;-0.570264;1;0
1394;112;8;-2.17664;1;0
1395;112;9;-8.96126;1;0
1396;19;113;5.20947;1;0
1397;26;113;-9.52936;1;0
1398;101;113;-4.70526;1;0
1399;113;113;-3.93657;1;0
1400;0;113;5.54709;1;0
1401;1;113;-2.707;1;0
1402;2;113;-3.57835;1;0
1403;3;113;-0.901248;1;0
1404;4;113;5.15272;1;0
1405;5;113;-9.43503;1;0
1406;113;6;-8.14616;1;0
1407;113;7;-4.00375;1;0
1408;113;8;-7.56536;1;0
1409;113;9;-8.96028;1;0
1410;19;114;-8.00586;1;0
1411;26;114;-7.68547;1;0
1412;101;114;-8.59523;1;0
1413;114;114;0.0648189;1;0
1414;0;114;9.94968;1;0
1415;1;114;-2.84809;1;0
1416;2;114;-0.850688;1;0
1417;3;114;-5.36237;1;0
1418;4;114;5.03579;1;0
1419;5;114;-4.74323;1;0
1420;114;6;1.00943;1;0
1421;114;7;-2.63523;1;0
1422;114;8;8.19814;1;0
1423;114;9;1.68857;1;0
1424;19;115;9.53655;1;0
1425;26;115;-6.36533;1;0
1426;101;115;0.30077;1;0
1427;115;115;8.18531;1;0
1428;0;115;9.52975;1;0
1429;1;115;6.71319;1;0
1430;2;115;7.16753;1;0
1431;3;115;5.69308;1;0
1432;4;115;3.6031;1;0
1433;5;115;7.49484;1;0
1434;115;6;-4.77598;1;0
1435;115;7;-7.91571;1;0
1436;115;8;-4.26582;1;0
1437;115;9;4.89229;1;0
1438;19;116;-5.777;1;0
1439;26;116;5.05532;1;0
1440;101;116;4.19059;1;0
1441;114;116;4.34896;1;0
1442;116;116;-1.46923;1;0
1443;0;116;-8.53274;1;0
1444;1;116;0.0399348;1;0
1445;2;116;4.68857;1;0
1446;3;116;-9.50084;1;0
1447;4;116;9.97929;1;0
1448;5;116;-7.45262;1;0
1449;116;6;0.430071;1;0
1450;116;7;8.8946;1;0
1451;116;8;8.96119;1;0
1452;116;9;1.89928;1;0
1453;19;117;-1.36598;1;0
1454;26;117;3.61625;1;0
1455;101;117;6.57644;1;0
1456;110;117;2.13637;1;0
1457;117;117;-4.85138;1;0
1458;0;117;7.01986;1;0
1459;1;117;-7.79925;1;0
1460;2;117;5.61222;1;0
1461;3;117;9.49298;1;0
1462;4;117;-5.28184;1;0
1463;5;117;-8.61771;1;0
1464;117;6;2.43693;1;0
1465;117;7;-7.1364;1;0
1466;117;8;-1.44196;1;0
1467;117;9;-5.39319;1;0
1468;19;118;3.76008;1;0
1469;43;118;-2.12385;1;0
1470;57;118;7.18576;1;0
1471;85;118;3.08937;1;0
1472;100;118;-3.16124;1;0
1473;118;118;-9.68452;1;0
1474;0;118;9.18908;1;0
1475;1;118;8.43832;1;0
1476;2;118;-2.61012;1;0
1477;3;118;1.55064;1;0
1478;4;118;3.2658;1;0
1479;5;118;-3.046;1;0
1480;118;6;-4.26937;1;0
1481;118;7;5.99444;1;0
1482;118;8;6.57083;1;0
1483;118;9;-3.16821;1;0
1484;19;119;-9.22112;1;0
1485;26;119;1.2213;1;0
1486;101;119;5.00644;1;0
1487;119;119;-7.82182;1;0
1488;0;119;-2.82279;1;0
1489;1;119;-7.14582;1;0
1490;2;119;-8.6476;1;0
1491;3;119;6.33554;1;0
1492;4;119;2.56813;1;0
1493;5;119;4.49214;1;0
1494;119;6;-7.16326;1;0
1495;119;7;7.07357;1;0
1496;119;8;5.759;1;0
1497;119;9;1.61888;1;0
1498;19;120;-4.96562;1;0
1499;26;120;4.3113;1;0
1500;101;120;-7.34507;1;0
1501;110;120;-8.7884;1;0
1502;117;120;-2.2066;1;0
1503;120;120;8.50899;1;0
1504;0;120;-5.0493;1;0
1505;1;120;-0.370927;1;0
1506;2;120;1.8381;1;0
1507;3;120;-1.11442;1;0
1508;4;120;-2.23844;1;0
1509;5;120;6.53837;1;0
1510;120;6;5.70717;1;0
1511;120;7;2.96633;1;0
1512;120;8;-4.4845;1;0
1513;120;9;4.04598;1;0
1514;19;121;-3.76792;1;0
1515;26;121;-3.03478;1;0
1516;101;121;-2.44211;1;0
1517;121;121;-6.32915;1;0
1518;0;121;-4.49707;1;0
1519;1;121;-9.95761;1;0
1520;2;121;0.842534;1;0
1521;3;121;0.815356;1;0
1522;4;121;9.34817;1;0
1523;5;121;-6.95141;1;0
1524;121;6;-0.902265;1;0
1525;121;7;-1.23757;1;0
1526;121;8;2.58374;1;0
1527;121;9;5.44437;1;0
1528;19;122;-0.307741;1;0
1529;43;122;7.92549;1;0
1530;57;122;-5.0085;1;0
1531;85;122;1.98503;1;0
1532;100;122;-5.95975;1;0
1533;122;122;-6.2647;1;0
1534;0;122;-6.49993;1;0
1535;1;122;3.96556;1;0
1536;2;122;3.76995;1;0
1537;3;122;-5.92575;1;0
1538;4;122;5.48609;1;0
1539;5;122;1.84729;1;0
1540;122;6;-6.35453;1;0
1541;122;7;4.11344;1;0
1542;122;8;8.21402;1;0
1543;122;9;3.0758;1;0
1544;19;123;5.16865;1;0
1545;43;123;-1.99107;1;0
1546;57;123;1.86918;1;0
1547;85;123;4.17644;1;0
1548;100;123;-9.43936;1;0
1549;123;123;-7.51508;1;0
1550;0;123;5.11151;1;0
1551;1;123;8.47771;1;0
1552;2;123;2.34674;1;0
1553;3;123;-1.21423;1;0
1554;4;123;5.11281;1;0
1555;5;123;-2.89016;1;0
1556;123;6;8.60919;1;0
1557;123;7;-6.30229;1;0
1558;123;8;-8.45304;1;0
1559;123;9;9.53707;1;0
0
22
22
1448.01;375.922
46
0;0;6;1.68601;1;1
1;0;7;-0.146974;1;1
2;0;8;-0.563469;1;1
3;0;9;1.11426;1;1
4;1;6;0.0454283;1;1
5;1;7;1.99609;1;1
6;1;8;-2.11936;1;1
7;1;9;-1.62948;1;1
8;2;6;0;1;1
9;2;7;0.788617;1;1
10;2;8;0.181072;1;1
11;2;9;0.331167;1;1
12;3;6;2.92535;1;1
13;3;7;0.315302;1;1
14;3;8;-1.81853;1;1
15;3;9;0;1;1
16;4;6;-2.11938;1;1
17;4;7;0;1;1
18;4;8;2.70079;1;1
19;4;9;1.72977;1;1
20;5;6;-0.188519;1;1
21;5;7;1.21147;1;1
22;5;8;-2.14727;1;1
23;5;9;0;1;1
122;0;19;-6.64003;1;1
123;1;19;2.75567;1;1
124;2;19;-12.0554;1;1
125;3;19;13.4398;1;1
126;4;19;-6.73064;1;1
127;5;19;-6.87815;1;1
128;19;6;1.83697;1;1
129;19;7;-0.491072;1;1
130;19;8;-3.81773;1;1
131;19;9;11.8464;1;1
409;19;43;7.43852;1;0
410;43;43;-3.01212;1;0
411;0;43;5.91734;1;0
412;1;43;-12.3537;1;0
413;2;43;-7.44786;0;0
414;3;43;4.62576;1;0
415;4;43;5.02517;0;0
416;5;43;-2.84312;1;0
417;43;6;16.1044;1;0
418;43;7;1.55189;1;0
419;43;8;6.16998;0;0
420;43;9;-3.83926;1;0
297.863;0
59
0;0;6;1.68601;1;1
1;0;7;-0.146974;1;1
2;0;8;-0.563469;1;1
3;0;9;1.11426;1;1
4;1;6;0.0454283;1;1
5;1;7;1.99609;1;1
6;1;8;-2.11936;1;1
7;1;9;-1.62948;1;1
8;2;6;0;1;1
9;2;7;0.788617;1;1
10;2;8;0.181072;1;1
11;2;9;0.331167;1;1
12;3;6;2.92535;1;1
13;3;7;0.315302;1;1
14;3;8;-1.81853;1;1
15;3;9;0;1;1
16;4;6;-2.11938;1;1
17;4;7;0;1;1
18;4;8;2.70079;1;1
19;4;9;1.72977;1;1
20;5;6;-0.188519;1;1
21;5;7;1.21147;1;1
22;5;8;-2.14727;1;1
23;5;9;0;1;1
122;0;19;-9.37449;1;1
123;1;19;4.31848;1;1
124;2;19;-9.12742;1;1
125;3;19;4.28835;1;1
126;4;19;-5.80777;1;1
127;5;19;-5.89466;1;1
128;19;6;-0.862679;1;1
129;19;7;3.50175;1;1
130;19;8;-6.03124;1;1
131;19;9;13.7209;1;1
205;19;26;-1.19209;1;1
206;26;26;8.1765;1;1
207;0;26;4.00126;0;1
208;1;26;-1.04353;1;1
209;2;26;9.53759;1;1
210;3;26;-4.64255;1;1
211;4;26;-5.50731;1;1
212;5;26;-1.48184;0;1
213;26;6;13.0245;1;1
214;26;7;3.57537;1;1
215;26;8;-2.88491;1;1
216;26;9;8.5328;1;1
1222;19;101;6.73642;1;0
1223;26;101;-5.52764;1;0
1224;101;101;-4.10568;1;0
1225;0;101;9.28355;1;0
1226;1;101;-2.84912;1;0
1227;2;101;11.2787;1;0
1228;3;101;1.14849;1;0
1229;4;101;-7.00138;1;0
1230;5;101;1.28667;0;0
1231;101;6;-3.81324;1;0
1232;101;7;6.26973;1;0
1233;101;8;-2.94769;1;0
1234;101;9;-0.458426;1;0
793.567;0
59
0;0;6;1.68601;1;1
1;0;7;-0.146974;1;1
2;0;8;-0.563469;1;1
3;0;9;1.11426;1;1
4;1;6;0.0454283;1;1
5;1;7;1.99609;1;1
6;1;8;-2.11936;1;1
7;1;9;-1.62948;1;1
8;2;6;0;1;1
9;2;7;0.788617;1;1
10;2;8;0.181072;1;1
11;2;9;0.331167;1;1
12;3;6;2.92535;1;1
13;3;7;0.315302;1;1
14;3;8;-1.81853;1;1
15;3;9;0;1;1
16;4;6;-2.11938;1;1
17;4;7;0;1;1
18;4;8;2.70079;1;1
19;4;9;1.72977;1;1
20;5;6;-0.188519;1;1
21;5;7;1.21147;1;1
22;5;8;-2.14727;1;1
23;5;9;0;1;1
122;0;19;-9.37449;1;1
123;1;19;4.31848;1;1
124;2;19;-9.12742;1;1
125;3;19;4.28835;1;1
126;4;19;-5.80777;1;1
127;5;19;-5.89466;1;1
128;19;6;-0.862679;1;1
129;19;7;3.50175;1;1
130;19;8;-6.03124;1;1
131;19;9;13.7209;1;1
205;19;26;-1.19209;1;1
206;26;26;8.1765;1;1
207;0;26;4.00126;0;1
208;1;26;-1.04353;1;1
209;2;26;9.53759;1;1
210;3;26;-4.64255;1;1
211;4;26;-5.50731;1;1
212;5;26;-1.48184;0;1
213;26;6;13.0245;1;1
214;26;7;3.57537;1;1
215;26;8;-2.88491;1;1
216;26;9;8.5328;1;1
1222;19;101;6.73642;1;0
1223;26;101;-5.52764;1;0
1224;101;101;-4.10568;1;0
1225;0;101;9.12888;1;0
1226;1;101;-2.84912;1;0
1227;2;101;11.2787;1;0
1228;3;101;0.0944087;1;0
1229;4;101;-7.00138;1;0
1230;5;101;1.68014;0;0
1231;101;6;-3.81324;1;0
1232;101;7;8.2456;1;0
1233;101;8;-2.94769;1;0
1234;101;9;-0.169628;1;0
347.148;0
59
0;0;6;1.68601;1;1
1;0;7;-0.146974;1;1
2;0;8;-0.563469;1;1
3;0;9;1.11426;1;1
4;1;6;0.0454283;1;1
5;1;7;1.99609;1;1
6;1;8;-2.11936;1;1
7;1;9;-1.62948;1;1
8;2;6;0;1;1
9;2;7;0.788617;1;1
10;2;8;0.181072;1;1
11;2;9;0.331167;1;1
12;3;6;2.92535;1;1
13;3;7;0.315302;1;1
14;3;8;-1.81853;1;1
15;3;9;0;1;1
16;4;6;-2.11938;1;1
17;4;7;0;1;1
18;4;8;2.70079;1;1
19;4;9;1.72977;1;1
20;5;6;-0.188519;1;1
21;5;7;1.21147;1;1
22;5;8;-2.14727;1;1
23;5;9;0;1;1
122;0;19;-9.37449;1;1
123;1;19;4.31848;1;1
124;2;19;-9.12742;1;1
125;3;19;4.28835;1;1
126;4;19;-5.80777;1;1
127;5;19;-5.89466;1;1
128;19;6;-0.862679;1;1
129;19;7;3.50175;1;1
130;19;8;-6.03124;1;1
131;19;9;13.7209;1;1
205;19;26;-1.19209;1;1
206;26;26;8.1765;1;1
207;0;26;4.00126;0;1
208;1;26;-1.04353;1;1
209;2;26;9.53759;1;1
210;3;26;-4.64255;1;1
211;4;26;-5.50731;1;1
212;5;26;-1.48184;0;1
213;26;6;13.0245;1;1
214;26;7;3.57537;1;1
215;26;8;-2.88491;1;1
216;26;9;8.5328;1;1
1222;19;101;6.73642;1;0
1223;26;101;-5.52764;1;0
1224;101;101;-4.10568;1;0
1225;0;101;9.12888;1;0
1226;1;101;-2.84912;1;0
1227;2;101;11.2787;1;0
1228;3;101;1.14849;1;0
1229;4;101;-7.00138;1;0
1230;5;101;1.28667;0;0
1231;101;6;-3.81324;1;0
1232;101;7;6.26973;1;0
1233;101;8;-2.94769;1;0
1234;101;9;-0.458426;1;0
297.863;0
59
0;0;6;1.68601;1;1
1;0;7;-0.146974;1;1
2;0;8;-0.563469;1;1
3;0;9;1.11426;1;1
4;1;6;0.0454283;1;1
5;1;7;1.99609;1;1
6;1;8;-2.11936;1;1
7;1;9;-1.62948;1;1
8;2;6;0;1;1
9;2;7;0.788617;1;1
10;2;8;0.181072;1;1
11;2;9;0.331167;1;1
12;3;6;2.92535;1;1
13;3;7;0.315302;1;1
14;3;8;-1.81853;1;1
15;3;9;0;1;1
16;4;6;-2.11938;1;1
17;4;7;0;1;1
18;4;8;2.70079;1;1
19;4;9;1.72977;1;1
20;5;6;-0.188519;1;1
21;5;7;1.21147;1;1
22;5;8;-2.14727;1;1
23;5;9;0;1;1
122;0;19;-9.37449;1;1
123;1;19;4.31848;1;1
124;2;19;-9.12742;1;1
125;3;19;4.28835;1;1
126;4;19;-5.80777;1;1
127;5;19;-5.89466;1;1
128;19;6;-0.862679;1;1
129;19;7;3.50175;1;1
130;19;8;-6.03124;1;1
131;19;9;13.7209;1;1
205;19;26;-1.19209;1;1
206;26;26;8.1765;1;1
207;0;26;4.00126;0;1
208;1;26;-1.04353;1;1
209;2;26;9.53759;1;1
210;3;26;-4.64255;1;1
211;4;26;-5.50731;1;1
212;5;26;-1.48184;0;1
213;26;6;13.0245;1;1
214;26;7;3.57537;1;1
215;26;8;-2.88491;1;1
216;26;9;8.5328;1;1
1222;19;101;6.73642;1;0
1223;26;101;-5.52764;1;0
1224;101;101;-4.10568;1;0
1225;0;101;9.12888;1;0
1226;1;101;-2.84912;1;0
1227;2;101;11.2787;1;0
1228;3;101;3.25528;1;0
1229;4;101;-9.78963;1;0
1230;5;101;1.28667;0;0
1231;101;6;-3.81324;1;0
1232;101;7;6.26973;1;0
1233;101;8;-2.94769;1;0
1234;101;9;-0.458426;1;0
347.148;0
59
0;0;6;1.68601;1;1
1;0;7;-0.146974;1;1
2;0;8;-0.563469;1;1
3;0;9;1.11426;1;1
4;1;6;0.0454283;1;1
5;1;7;1.99609;1;1
6;1;8;-2.11936;1;1
7;1;9;-1.62948;1;1
8;2;6;0;1;1
9;2;7;0.788617;1;1
10;2;8;0.181072;1;1
11;2;9;0.331167;1;1
12;3;6;2.92535;1;1
13;3;7;0.315302;1;1
14;3;8;-1.81853;1;1
15;3;9;0;1;1
16;4;6;-2.11938;1;1
17;4;7;0;1;1
18;4;8;2.70079;1;1
19;4;9;1.72977;1;1
20;5;6;-0.188519;1;1
21;5;7;1.21147;1;1
22;5;8;-2.14727;1;1
23;5;9;0;1;1
122;0;19;-9.37449;1;1
123;1;19;4.31848;1;1
124;2;19;-9.12742;1;1
125;3;19;4.28835;1;1
126;4;19;-5.80777;1;1
127;5;19;-5.89466;1;1
128;19;6;-0.862679;1;1
129;19;7;3.50175;1;1
130;19;8;-6.03124;1;1
131;19;9;13.7209;1;1
205;19;26;-1.19209;1;1
206;26;26;8.1765;1;1
207;0;26;4.00126;0;1
208;1;26;-1.04353;1;1
209;2;26;9.53759;1;1
210;3;26;-4.64255;1;1
211;4;26;-5.50731;1;1
212;5;26;-1.48184;0;1
213;26;6;13.0245;1;1
214;26;7;3.57537;1;1
215;26;8;-2.88491;1;1
216;26;9;8.5328;1;1
1222;19;101;6.73642;1;0
1223;26;101;-5.52764;1;0
1224;101;101;-2.53974;1;0
1225;0;101;9.12888;1;0
1226;1;101;-1.4326;1;0
1227;2;101;11.2787;1;0
1228;3;101;1.14849;1;0
1229;4;101;-7.00138;1;0
1230;5;101;-1.23198;0;0
1231;101;6;-3.81324;1;0
1232;101;7;6.26973;1;0
1233;101;8;-2.94769;1;0
1234;101;9;-0.458426;1;0
1344.32;0
59
0;0;6;1.68601;1;1
1;0;7;-0.146974;1;1
2;0;8;-0.563469;1;1
3;0;9;1.11426;1;1
4;1;6;0.0454283;1;1
5;1;7;1.99609;1;1
6;1;8;-2.11936;1;1
7;1;9;-1.62948;1;1
8;2;6;0;1;1
9;2;7;0.788617;1;1
10;2;8;0.181072;1;1
11;2;9;0.331167;1;1
12;3;6;2.92535;1;1
13;3;7;0.315302;1;1
14;3;8;-1.81853;1;1
15;3;9;0;1;1
16;4;6;-2.11938;1;1
17;4;7;0;1;1
18;4;8;2.70079;1;1
19;4;9;1.72977;1;1
20;5;6;-0.188519;1;1
21;5;7;1.21147;1;1
22;5;8;-2.14727;1;1
23;5;9;0;1;1
122;0;19;-9.37449;1;1
123;1;19;4.31848;1;1
124;2;19;-9.12742;1;1
125;3;19;4.28835;1;1
126;4;19;-5.80777;1;1
127;5;19;-5.89466;1;1
128;19;6;-0.862679;1;1
129;19;7;3.50175;1;1
130;19;8;-6.03124;1;1
131;19;9;13.7209;1;1
205;19;26;-1.19209;1;1
206;26;26;8.1765;1;1
207;0;26;4.00126;0;1
208;1;26;-1.04353;1;1
209;2;26;9.53759;1;1
210;3;26;-4.64255;1;1
211;4;26;-5.50731;1;1
212;5;26;-1.48184;0;1
213;26;6;13.0245;1;1
214;26;7;3.57537;1;1
215;26;8;-2.88491;1;1
216;26;9;8.5328;1;1
1222;19;101;6.73642;1;0
1223;26;101;-5.52764;1;0
1224;101;101;-4.10568;1;0
1225;0;101;9.12888;1;0
1226;1;101;-2.84912;1;0
1227;2;101;11.2787;1;0
1228;3;101;3.25528;1;0
1229;4;101;-9.78963;1;0
1230;5;101;1.28667;0;0
1231;101;6;-3.81324;1;0
1232;101;7;6.26973;1;0
1233;101;8;-2.94769;1;0
1234;101;9;-0.458426;1;0
616.547;0
59
0;0;6;1.68601;1;1
1;0;7;-0.146974;1;1
2;0;8;-0.563469;1;1
3;0;9;1.11426;1;1
4;1;6;0.0454283;1;1
5;1;7;1.99609;1;1
6;1;8;-2.11936;1;1
7;1;9;-1.62948;1;1
8;2;6;0;1;1
9;2;7;0.788617;1;1
10;2;8;0.181072;1;1
11;2;9;0.331167;1;1
12;3;6;2.92535;1;1
13;3;7;0.315302;1;1
14;3;8;-1.81853;1;1
15;3;9;0;1;1
16;4;6;-2.11938;1;1
17;4;7;0;1;1
18;4;8;2.70079;1;1
19;4;9;1.72977;1;1
20;5;6;-0.188519;1;1
21;5;7;1.21147;1;1
22;5;8;-2.14727;1;1
23;5;9;0;1;1
122;0;19;-9.37449;1;1
123;1;19;4.31848;1;1
124;2;19;-9.12742;1;1
125;3;19;4.28835;1;1
126;4;19;-5.80777;1;1
127;5;19;-5.89466;1;1
128;19;6;-0.862679;1;1
129;19;7;3.50175;1;1
130;19;8;-6.03124;1;1
131;19;9;13.7209;1;1
205;19;26;-1.19209;1;1
206;26;26;8.1765;1;1
207;0;26;4.00126;0;1
208;1;26;-1.04353;1;1
209;2;26;9.53759;1;1
210;3;26;-4.64255;1;1
211;4;26;-5.50731;1;1
212;5;26;-1.48184;0;1
213;26;6;13.0245;1;1
214;26;7;3.57537;1;1
215;26;8;-2.88491;1;1
216;26;9;8.5328;1;1
1222;19;101;6.73642;1;0
1223;26;101;-5.52764;1;0
1224;101;101;-4.10568;1;0
1225;0;101;9.12888;1;0
1226;1;101;-2.84912;1;0
1227;2;101;11.2787;1;0
1228;3;101;3.25528;1;0
1229;4;101;-9.78963;1;0
1230;5;101;1.28667;0;0
1231;101;6;-3.81324;1;0
1232;101;7;6.26973;1;0
1233;101;8;-2.94769;1;0
1234;101;9;-0.458426;1;0
347.148;0
59
0;0;6;1.68601;1;1
1;0;7;-0.146974;1;1
2;0;8;-0.563469;1;1
3;0;9;1.11426;1;1
4;1;6;0.0454283;1;1
5;1;7;1.99609;1;1
6;1;8;-2.11936;1;1
7;1;9;-1.62948;1;1
8;2;6;0;1;1
9;2;7;0.788617;1;1
10;2;8;0.181072;1;1
11;2;9;0.331167;1;1
12;3;6;2.92535;1;1
13;3;7;0.315302;1;1
14;3;8;-1.81853;1;1
15;3;9;0;1;1
16;4;6;-2.11938;1;1
17;4;7;0;1;1
18;4;8;2.70079;1;1
19;4;9;1.72977;1;1
20;5;6;-0.188519;1;1
21;5;7;1.21147;1;1
22;5;8;-2.14727;1;1
23;5;9;0;1;1
122;0;19;-9.37449;1;1
123;1;19;4.31848;1;1
124;2;19;-9.12742;1;1
125;3;19;4.28835;1;1
126;4;19;-5.80777;1;1
127;5;19;-5.89466;1;1
128;19;6;-0.862679;1;1
129;19;7;3.50175;1;1
130;19;8;-6.03124;1;1
131;19;9;13.7209;1;1
205;19;26;-1.19209;1;1
206;26;26;8.1765;1;1
207;0;26;4.00126;0;1
208;1;26;-1.04353;1;1
209;2;26;9.53759;1;1
210;3;26;-4.64255;1;1
211;4;26;-5.50731;1;1
212;5;26;-1.48184;0;1
213;26;6;13.0245;1;1
214;26;7;3.57537;1;1
215;26;8;-2.88491;1;1
216;26;9;8.5328;1;1
1222;19;101;6.73642;1;0
1223;26;101;-5.52764;1;0
1224;101;101;-4.10568;1;0
1225;0;101;9.12888;1;0
1226;1;101;-2.84912;1;0
1227;2;101;11.2787;1;0
1228;3;101;3.25528;1;0
1229;4;101;-9.78963;1;0
1230;5;101;1.28667;0;0
1231;101;6;-3.81324;1;0
1232;101;7;6.26973;1;0
1233;101;8;-2.94769;1;0
1234;101;9;-0.458426;1;0
504.586;79.9886
88
0;0;6;1.68601;1;1
1;0;7;-0.146974;1;1
2;0;8;-0.563469;1;1
3;0;9;1.11426;1;1
4;1;6;0.0454283;1;1
5;1;7;1.99609;1;1
6;1;8;-2.11936;1;1
7;1;9;-1.62948;1;1
8;2;6;0;1;1
9;2;7;0.788617;1;1
10;2;8;0.181072;1;1
11;2;9;0.331167;1;1
12;3;6;2.92535;1;1
13;3;7;0.315302;1;1
14;3;8;-1.81853;1;1
15;3;9;0;1;1
16;4;6;-2.11938;1;1
17;4;7;0;1;1
18;4;8;2.70079;1;1
19;4;9;1.72977;1;1
20;5;6;-0.188519;1;1
21;5;7;1.21147;1;1
22;5;8;-2.14727;1;1
23;5;9;0;1;1
122;0;19;-9.37449;1;1
123;1;19;4.31848;1;1
124;2;19;-9.12742;1;1
125;3;19;4.28835;1;1
126;4;19;-5.80777;1;1
127;5;19;-5.89466;1;1
128;19;6;-0.862679;1;1
129;19;7;3.50175;1;1
130;19;8;-6.03124;1;1
131;19;9;13.7209;1;1
205;19;26;-1.19209;1;1
206;26;26;8.1765;1;1
207;0;26;4.00126;1;1
208;1;26;-1.04353;1;1
209;2;26;9.53759;1;1
210;3;26;-4.64255;1;1
211;4;26;-5.50731;1;1
212;5;26;-1.48184;1;1
213;26;6;13.0245;1;1
214;26;7;3.57537;1;1
215;26;8;-2.88491;0;1
216;26;9;8.5328;1;1
1222;19;101;10.507;1;1
1223;26;101;0.90626;1;1
1224;101;101;3.82227;1;1
1225;0;101;5.43015;1;1
1226;1;101;-1.89671;1;1
1227;2;101;7.82771;1;1
1228;3;101;2.87964;1;1
1229;4;101;-10.8804;1;1
1230;5;101;-1.26316;1;1
1231;101;6;5.09367;1;1
1232;101;7;6.31391;1;1
1233;101;8;-4.01048;1;1
1234;101;9;0.578585;1;1
1278;19;105;-4.88471;1;1
1279;26;105;-5.67282;1;1
1280;101;105;7.32452;1;1
1281;105;105;-4.07513;1;1
1282;0;105;6.60001;1;1
1283;1;105;-3.88132;1;1
1284;2;105;3.28725;1;1
1285;3;105;6.25364;1;1
1286;4;105;-5.94231;1;1
1287;5;105;0.912643;1;1
1288;105;6;9.75337;1;1
1289;105;7;5.0833;1;1
1290;105;8;-5.39704;1;1
1291;105;9;6.71729;1;1
1366;19;111;7.83943;1;0
1367;26;111;0.838727;1;0
1368;101;111;3.15968;1;0
1369;105;111;-7.95802;1;0
1370;111;111;3.39371;1;0
1371;0;111;-1.60617;1;0
1372;1;111;3.09132;1;0
1373;2;111;-3.77603;1;0
1374;3;111;8.02903;1;0
1375;4;111;-8.7089;1;0
1376;5;111;-5.92947;1;0
1377;111;6;0.451973;1;0
1378;111;7;-1.67153;1;0
1379;111;8;-7.47617;1;0
1380;111;9;4.81843;1;0
297.863;0
88
0;0;6;1.68601;1;1
1;0;7;-0.146974;1;1
2;0;8;-0.563469;1;1
3;0;9;1.11426;1;1
4;1;6;0.0454283;1;1
5;1;7;1.99609;1;1
6;1;8;-2.11936;1;1
7;1;9;-1.62948;1;1
8;2;6;0;1;1
9;2;7;0.788617;1;1
10;2;8;0.181072;1;1
11;2;9;0.331167;1;1
12;3;6;2.92535;1;1
13;3;7;0.315302;1;1
14;3;8;-1.81853;1;1
15;3;9;0;1;1
16;4;6;-2.11938;1;1
17;4;7;0;1;1
18;4;8;2.70079;1;1
19;4;9;1.72977;1;1
20;5;6;-0.188519;1;1
21;5;7;1.21147;1;1
22;5;8;-2.14727;1;1
23;5;9;0;1;1
122;0;19;-9.37449;1;1
123;1;19;4.31848;1;1
124;2;19;-9.12742;1;1
125;3;19;4.28835;1;1
126;4;19;-5.80777;1;1
127;5;19;-5.89466;1;1
128;19;6;-0.862679;1;1
129;19;7;3.50175;1;1
130;19;8;-6.03124;1;1
131;19;9;13.7209;1;1
205;19;26;-1.19209;1;1
206;26;26;8.1765;1;1
207;0;26;4.00126;1;1
208;1;26;-1.04353;1;1
209;2;26;9.53759;1;1
210;3;26;-4.64255;1;1
211;4;26;-5.50731;1;1
212;5;26;-1.48184;1;1
213;26;6;13.0245;1;1
214;26;7;3.57537;1;1
215;26;8;-2.88491;0;1
216;26;9;8.5328;1;1
1222;19;101;10.507;1;1
1223;26;101;0.90626;1;1
1224;101;101;3.82227;1;1
1225;0;101;5.43015;1;1
1226;1;101;-1.89671;1;1
1227;2;101;7.82771;1;1
1228;3;101;2.87964;1;1
1229;4;101;-10.8804;1;1
1230;5;101;-1.26316;1;1
1231;101;6;5.09367;1;1
1232;101;7;6.31391;1;1
1233;101;8;-4.01048;1;1
1234;101;9;0.578585;1;1
1278;19;105;-4.88471;1;1
1279;26;105;-5.67282;1;1
1280;101;105;7.32452;1;1
1281;105;105;-4.07513;1;1
1282;0;105;6.60001;1;1
1283;1;105;-3.88132;1;1
1284;2;105;3.28725;1;1
1285;3;105;6.25364;1;1
1286;4;105;-5.94231;1;1
1287;5;105;0.912643;1;1
1288;105;6;9.75337;1;1
1289;105;7;5.0833;1;1
1290;105;8;-5.39704;1;1
1291;105;9;6.71729;1;1
1366;19;111;-7.77012;1;0
1367;26;111;4.00406;1;0
1368;101;111;2.68662;1;0
1369;105;111;4.82825;1;0
1370;111;111;6.48227;1;0
1371;0;111;1.81864;1;0
1372;1;111;5.18478;1;0
1373;2;111;-9.01534;1;0
1374;3;111;9.91645;1;0
1375;4;111;-1.26845;1;0
1376;5;111;5.48674;1;0
1377;111;6;-5.51298;1;0
1378;111;7;-10.3674;1;0
1379;111;8;12.0741;1;0
1380;111;9;-1.36252;1;0
83.2257;0
88
0;0;6;1.68601;1;1
1;0;7;-0.146974;1;1
2;0;8;-0.563469;1;1
3;0;9;1.11426;1;1
4;1;6;0.0454283;1;1
5;1;7;1.99609;1;1
6;1;8;-2.11936;1;1
7;1;9;-1.62948;1;1
8;2;6;0;1;1
9;2;7;0.788617;1;1
10;2;8;0.181072;1;1
11;2;9;0.331167;1;1
12;3;6;2.92535;1;1
13;3;7;0.315302;1;1
14;3;8;-1.81853;1;1
15;3;9;0;1;1
16;4;6;-2.11938;1;1
17;4;7;0;1;1
18;4;8;2.70079;1;1
19;4;9;1.72977;1;1
20;5;6;-0.188519;1;1
21;5;7;1.21147;1;1
22;5;8;-2.14727;1;1
23;5;9;0;1;1
122;0;19;-9.37449;1;1
123;1;19;4.31848;1;1
124;2;19;-9.12742;1;1
125;3;19;4.28835;1;1
126;4;19;-5.80777;1;1
127;5;19;-5.89466;1;1
128;19;6;-0.862679;1;1
129;19;7;3.50175;1;1
130;19;8;-6.03124;1;1
131;19;9;13.7209;1;1
205;19;26;-1.19209;1;1
206;26;26;8.1765;1;1
207;0;26;4.00126;1;1
208;1;26;-1.04353;1;1
209;2;26;9.53759;1;1
210;3;26;-4.64255;1;1
211;4;26;-5.50731;1;1
212;5;26;-1.48184;1;1
213;26;6;13.0245;1;1
214;26;7;3.57537;1;1
215;26;8;-2.88491;0;1
216;26;9;8.5328;1;1
1222;19;101;10.507;1;1
1223;26;101;0.90626;1;1
1224;101;101;3.82227;1;1
1225;0;101;5.43015;1;1
1226;1;101;-1.89671;1;1
1227;2;101;7.82771;1;1
1228;3;101;2.87964;1;1
1229;4;101;-10.8804;1;1
1230;5;101;-1.26316;1;1
1231;101;6;5.09367;1;1
1232;101;7;6.31391;1;1
1233;101;8;-4.01048;1;1
1234;101;9;0.578585;1;1
1278;19;105;-4.88471;1;1
1279;26;105;-5.67282;1;1
1280;101;105;7.32452;1;1
1281;105;105;-4.07513;1;1
1282;0;105;6.60001;1;1
1283;1;105;-3.88132;1;1
1284;2;105;3.28725;1;1
1285;3;105;6.25364;1;1
1286;4;105;-5.94231;1;1
1287;5;105;0.912643;1;1
1288;105;6;9.75337;1;1
1289;105;7;5.0833;1;1
1290;105;8;-5.39704;1;1
1291;105;9;6.71729;1;1
1366;19;111;6.34457;1;0
1367;26;111;-1.49427;1;0
1368;101;111;3.15968;1;0
1369;105;111;-5.84294;1;0
1370;111;111;3.68177;1;0
1371;0;111;-3.94855;1;0
1372;1;111;5.60521;1;0
1373;2;111;-1.38168;1;0
1374;3;111;8.81785;1;0
1375;4;111;-11.0818;1;0
1376;5;111;-7.78401;1;0
1377;111;6;-1.077;1;0
1378;111;7;0.192289;1;0
1379;111;8;-9.49511;1;0
1380;111;9;2.49248;1;0
1276.19;0
88
0;0;6;1.68601;1;1
1;0;7;-0.146974;1;1
2;0;8;-0.563469;1;1
3;0;9;1.11426;1;1
4;1;6;0.0454283;1;1
5;1;7;1.99609;1;1
6;1;8;-2.11936;1;1
7;1;9;-1.62948;1;1
8;2;6;0;1;1
9;2;7;0.788617;1;1
10;2;8;0.181072;1;1
11;2;9;0.331167;1;1
12;3;6;2.92535;1;1
13;3;7;0.315302;1;1
14;3;8;-1.81853;1;1
15;3;9;0;1;1
16;4;6;-2.11938;1;1
17;4;7;0;1;1
18;4;8;2.70079;1;1
19;4;9;1.72977;1;1
20;5;6;-0.188519;1;1
21;5;7;1.21147;1;1
22;5;8;-2.14727;1;1
23;5;9;0;1;1
122;0;19;-9.37449;1;1
123;1;19;4.31848;1;1
124;2;19;-9.12742;1;1
125;3;19;4.28835;1;1
126;4;19;-5.80777;1;1
127;5;19;-5.89466;1;1
128;19;6;-0.862679;1;1
129;19;7;3.50175;1;1
130;19;8;-6.03124;1;1
131;19;9;13.7209;1;1
205;19;26;-1.19209;1;1
206;26;26;8.1765;1;1
207;0;26;4.00126;1;1
208;1;26;-1.04353;1;1
209;2;26;9.53759;1;1
210;3;26;-4.64255;1;1
211;4;26;-5.50731;1;1
212;5;26;-1.48184;1;1
213;26;6;13.0245;1;1
214;26;7;3.57537;1;1
215;26;8;-2.88491;0;1
216;26;9;8.5328;1;1
1222;19;101;10.507;1;1
1223;26;101;0.90626;1;1
1224;101;101;3.82227;1;1
1225;0;101;5.43015;1;1
1226;1;101;-1.89671;1;1
1227;2;101;7.82771;1;1
1228;3;101;2.87964;1;1
1229;4;101;-10.8804;1;1
1230;5;101;-1.26316;1;1
1231;101;6;5.09367;1;1
1232;101;7;6.31391;1;1
1233;101;8;-4.01048;1;1
1234;101;9;0.578585;1;1
1278;19;105;-4.88471;1;1
1279;26;105;-5.67282;1;1
1280;101;105;7.32452;1;1
1281;105;105;-4.07513;1;1
1282;0;105;6.60001;1;1
1283;1;105;-3.88132;1;1
1284;2;105;3.28725;1;1
1285;3;105;6.25364;1;1
1286;4;105;-5.94231;1;1
1287;5;105;0.912643;1;1
1288;105;6;9.75337;1;1
1289;105;7;5.0833;1;1
1290;105;8;-5.39704;1;1
1291;105;9;6.71729;1;1
1366;19;111;6.2361;1;0
1367;26;111;-1.1775;1;0
1368;101;111;2.48118;1;0
1369;105;111;-9.19432;1;0
1370;111;111;4.66437;1;0
1371;0;111;-3.77137;1;0
1372;1;111;3.60563;1;0
1373;2;111;-3.77603;1;0
1374;3;111;9.76396;1;0
1375;4;111;-10.1441;1;0
1376;5;111;-5.92947;1;0
1377;111;6;0.941306;1;0
1378;111;7;-2.82164;1;0
1379;111;8;-5.3836;1;0
1380;111;9;3.18869;1;0
824.042;66.3512
88
0;0;6;1.68601;1;1
1;0;7;-0.146974;1;1
2;0;8;-0.563469;1;1
3;0;9;1.11426;1;1
4;1;6;0.0454283;1;1
5;1;7;1.99609;1;1
6;1;8;-2.11936;1;1
7;1;9;-1.62948;1;1
8;2;6;0;1;1
9;2;7;0.788617;1;1
10;2;8;0.181072;1;1
11;2;9;0.331167;1;1
12;3;6;2.92535;1;1
13;3;7;0.315302;1;1
14;3;8;-1.81853;1;1
15;3;9;0;1;1
16;4;6;-2.11938;1;1
17;4;7;0;1;1
18;4;8;2.70079;1;1
19;4;9;1.72977;1;1
20;5;6;-0.188519;1;1
21;5;7;1.21147;1;1
22;5;8;-2.14727;1;1
23;5;9;0;1;1
122;0;19;-6.64003;1;1
123;1;19;2.75567;1;1
124;2;19;-12.0554;1;1
125;3;19;13.4398;1;1
126;4;19;-6.73064;1;1
127;5;19;-8.76523;1;1
128;19;6;1.01993;1;1
129;19;7;-0.491072;1;1
130;19;8;-3.81773;1;1
131;19;9;11.8464;1;1
409;19;43;-4.72811;1;0
410;43;43;-11.0975;1;1
411;0;43;-1.572;1;1
412;1;43;6.43914;1;1
413;2;43;-0.936938;1;1
414;3;43;9.69004;1;1
415;4;43;-7.49913;1;1
416;5;43;-5.19129;1;1
417;43;6;0.752038;1;1
418;43;7;12.3029;1;0
419;43;8;-8.41748;1;1
420;43;9;-5.30379;1;1
597;19;57;-3.26148;1;1
598;43;57;-13.609;1;1
599;57;57;-1.63222;1;1
600;0;57;-1.55216;1;1
601;1;57;5.16224;1;1
602;2;57;-8.7208;1;1
603;3;57;-3.6381;1;1
604;4;57;-8.84763;1;1
605;5;57;1.24653;1;1
606;57;6;5.80809;1;1
607;57;7;-14.8308;1;1
608;57;8;-9.55674;1;1
609;57;9;13.5994;1;1
992;19;85;4.41811;1;1
993;43;85;-0.56391;1;0
994;57;85;-1.07165;1;1
995;85;85;7.88261;1;1
996;0;85;5.29756;1;1
997;1;85;0.877324;1;0
998;2;85;8.23282;1;0
999;3;85;14.9523;1;0
1000;4;85;-16.905;0;1
1001;5;85;-4.00569;1;1
1002;85;6;7.96429;1;1
1003;85;7;3.74771;1;0
1004;85;8;-7.4079;1;0
1005;85;9;3.45882;1;1
1207;19;100;-0.972982;1;0
1208;43;100;5.1595;1;0
1209;57;100;-0.874642;1;0
1210;85;100;-9.2872;1;0
1211;100;100;-5.99965;1;0
1212;0;100;6.52396;1;0
1213;1;100;3.82962;1;0
1214;2;100;-2.43065;1;0
1215;3;100;9.70181;1;0
1216;4;100;9.93698;1;0
1217;5;100;2.51889;1;0
1218;100;6;-9.36198;1;0
1219;100;7;-11.863;1;0
1220;100;8;-12.4976;1;0
1221;100;9;-8.29347;1;0
1076.89;0
104
0;0;6;1.68601;1;1
1;0;7;-0.146974;1;1
2;0;8;-0.563469;1;1
3;0;9;1.11426;1;1
4;1;6;0.0454283;1;1
5;1;7;1.99609;1;1
6;1;8;-2.11936;1;1
7;1;9;-1.62948;1;1
8;2;6;0;1;1
9;2;7;0.788617;1;1
10;2;8;0.181072;1;1
11;2;9;0.331167;1;1
12;3;6;2.92535;1;1
13;3;7;0.315302;1;1
14;3;8;-1.81853;1;1
15;3;9;0;1;1
16;4;6;-2.11938;1;1
17;4;7;0;1;1
18;4;8;2.70079;1;1
19;4;9;1.72977;1;1
20;5;6;-0.188519;1;1
21;5;7;1.21147;1;1
22;5;8;-2.14727;1;1
23;5;9;0;1;1
122;0;19;-6.64003;1;1
123;1;19;2.75567;1;1
124;2;19;-12.0554;1;1
125;3;19;13.4398;1;1
126;4;19;-6.73064;1;1
127;5;19;-8.76523;1;1
128;19;6;1.01993;1;1
129;19;7;-0.491072;1;1
130;19;8;-3.81773;1;1
131;19;9;11.8464;1;1
409;19;43;-4.72811;1;1
410;43;43;-11.0975;1;1
411;0;43;-1.572;1;1
412;1;43;6.43914;1;1
413;2;43;-0.936938;1;1
414;3;43;9.69004;1;1
415;4;43;-7.49913;1;1
416;5;43;-5.19129;1;1
417;43;6;0.752038;1;1
418;43;7;12.3029;1;1
419;43;8;-8.41748;1;1
420;43;9;-5.30379;1;1
597;19;57;-3.26148;1;1
598;43;57;-13.609;1;1
599;57;57;-1.63222;1;1
600;0;57;-1.55216;1;1
601;1;57;5.16224;1;1
602;2;57;-8.7208;1;1
603;3;57;-3.6381;1;1
604;4;57;-8.84763;1;1
605;5;57;1.24653;1;1
606;57;6;5.80809;1;1
607;57;7;-14.8308;1;1
608;57;8;-9.55674;1;1
609;57;9;13.5994;1;1
992;19;85;4.41811;1;1
993;43;85;-0.56391;1;1
994;57;85;-1.07165;1;1
995;85;85;7.88261;1;1
996;0;85;5.29756;1;1
997;1;85;0.877324;1;1
998;2;85;8.23282;1;1
999;3;85;14.9523;1;1
1000;4;85;-16.905;0;1
1001;5;85;-4.00569;1;1
1002;85;6;7.96429;1;1
1003;85;7;3.74771;1;1
1004;85;8;-6.50812;1;1
1005;85;9;3.45882;1;1
1207;19;100;-0.972982;1;1
1208;43;100;3.93735;1;1
1209;57;100;1.64126;1;1
1210;85;100;-10.1954;1;1
1211;100;100;-5.99965;1;1
1212;0;100;6.52396;1;1
1213;1;100;3.82962;1;1
1214;2;100;-2.43065;1;1
1215;3;100;9.70181;1;1
1216;4;100;11.0589;1;1
1217;5;100;2.51889;1;1
1218;100;6;-8.79569;1;1
1219;100;7;-11.863;1;1
1220;100;8;-12.4976;1;1
1221;100;9;-8.29347;1;1
1528;19;122;-0.307741;1;0
1529;43;122;7.92549;1;0
1530;57;122;-5.0085;1;0
1531;85;122;1.98503;1;0
1532;100;122;-5.95975;1;0
1533;122;122;-6.2647;1;0
1534;0;122;-6.49993;1;0
1535;1;122;3.96556;1;0
1536;2;122;3.76995;1;0
1537;3;122;-5.92575;1;0
1538;4;122;5.48609;1;0
1539;5;122;1.84729;1;0
1540;122;6;-6.35453;1;0
1541;122;7;4.11344;1;0
1542;122;8;8.21402;1;0
1543;122;9;3.0758;1;0
204.926;0
88
0;0;6;1.68601;1;1
1;0;7;-0.146974;1;1
2;0;8;-0.563469;1;1
3;0;9;1.11426;1;1
4;1;6;0.0454283;1;1
5;1;7;1.99609;1;1
6;1;8;-2.11936;1;1
7;1;9;-1.62948;1;1
8;2;6;0;1;1
9;2;7;0.788617;1;1
10;2;8;0.181072;1;1
11;2;9;0.331167;1;1
12;3;6;2.92535;1;1
13;3;7;0.315302;1;1
14;3;8;-1.81853;1;1
15;3;9;0;1;1
16;4;6;-2.11938;1;1
17;4;7;0;1;1
18;4;8;2.70079;1;1
19;4;9;1.72977;1;1
20;5;6;-0.188519;1;1
21;5;7;1.21147;1;1
22;5;8;-2.14727;1;1
23;5;9;0;1;1
122;0;19;-6.64003;1;1
123;1;19;2.75567;1;1
124;2;19;-12.0554;1;1
125;3;19;13.4398;1;1
126;4;19;-6.73064;1;1
127;5;19;-8.76523;1;1
128;19;6;1.01993;1;1
129;19;7;-0.491072;1;1
130;19;8;-3.81773;1;1
131;19;9;11.8464;1;1
409;19;43;-4.72811;1;0
410;43;43;-11.0975;1;1
411;0;43;-1.572;1;1
412;1;43;6.43914;1;1
413;2;43;-0.936938;1;1
414;3;43;9.69004;1;1
415;4;43;-7.49913;1;1
416;5;43;-5.19129;1;1
417;43;6;0.752038;1;1
418;43;7;12.3029;1;0
419;43;8;-8.41748;1;1
420;43;9;-5.30379;1;1
597;19;57;-3.26148;1;1
598;43;57;-13.609;1;1
599;57;57;-1.63222;1;1
600;0;57;-1.55216;1;1
601;1;57;5.16224;1;1
602;2;57;-8.7208;1;1
603;3;57;-3.6381;1;1
604;4;57;-8.84763;1;1
605;5;57;1.24653;1;1
606;57;6;5.80809;1;1
607;57;7;-14.8308;1;1
608;57;8;-9.55674;1;1
609;57;9;13.5994;1;1
992;19;85;4.41811;1;1
993;43;85;-0.56391;1;0
994;57;85;-1.07165;1;1
995;85;85;7.88261;1;1
996;0;85;5.29756;1;1
997;1;85;0.877324;1;0
998;2;85;8.23282;1;0
999;3;85;14.9523;1;0
1000;4;85;-16.905;0;1
1001;5;85;-4.00569;1;1
1002;85;6;7.96429;1;1
1003;85;7;3.74771;1;0
1004;85;8;-6.50812;1;0
1005;85;9;3.45882;1;1
1207;19;100;-0.972982;1;0
1208;43;100;3.93735;1;0
1209;57;100;0.222795;1;0
1210;85;100;-10.1954;1;0
1211;100;100;-5.99965;1;0
1212;0;100;6.52396;1;0
1213;1;100;3.82962;1;0
1214;2;100;-1.61854;1;0
1215;3;100;9.70181;1;0
1216;4;100;11.0589;1;0
1217;5;100;0.338943;1;0
1218;100;6;-8.79569;1;0
1219;100;7;-9.40672;1;0
1220;100;8;-12.537;1;0
1221;100;9;-8.29347;1;0
1109.56;0
104
0;0;6;1.68601;1;1
1;0;7;-0.146974;1;1
2;0;8;-0.563469;1;1
3;0;9;1.11426;1;1
4;1;6;0.0454283;1;1
5;1;7;1.99609;1;1
6;1;8;-2.11936;1;1
7;1;9;-1.62948;1;1
8;2;6;0;1;1
9;2;7;0.788617;1;1
10;2;8;0.181072;1;1
11;2;9;0.331167;1;1
12;3;6;2.92535;1;1
13;3;7;0.315302;1;1
14;3;8;-1.81853;1;1
15;3;9;0;1;1
16;4;6;-2.11938;1;1
17;4;7;0;1;1
18;4;8;2.70079;1;1
19;4;9;1.72977;1;1
20;5;6;-0.188519;1;1
21;5;7;1.21147;1;1
22;5;8;-2.14727;1;1
23;5;9;0;1;1
122;0;19;-6.64003;1;1
123;1;19;2.75567;1;1
124;2;19;-12.0554;1;1
125;3;19;13.4398;1;1
126;4;19;-6.73064;1;1
127;5;19;-8.76523;1;1
128;19;6;1.01993;1;1
129;19;7;-0.491072;1;1
130;19;8;-3.81773;1;1
131;19;9;11.8464;1;1
409;19;43;-4.72811;1;1
410;43;43;-11.0975;1;1
411;0;43;-1.572;1;1
412;1;43;6.43914;1;1
413;2;43;-0.936938;1;1
414;3;43;9.69004;1;1
415;4;43;-7.49913;1;1
416;5;43;-5.19129;1;1
417;43;6;0.752038;1;1
418;43;7;12.3029;1;1
419;43;8;-8.41748;1;1
420;43;9;-5.30379;1;1
597;19;57;-3.26148;1;1
598;43;57;-13.609;1;1
599;57;57;-1.63222;1;1
600;0;57;-1.55216;1;1
601;1;57;5.16224;1;1
602;2;57;-8.7208;1;1
603;3;57;-3.6381;1;1
604;4;57;-8.84763;1;1
605;5;57;1.24653;1;1
606;57;6;5.80809;1;1
607;57;7;-14.8308;1;1
608;57;8;-9.55674;1;1
609;57;9;13.5994;1;1
992;19;85;4.41811;1;1
993;43;85;-0.56391;1;1
994;57;85;-1.07165;1;1
995;85;85;7.88261;1;1
996;0;85;5.29756;1;1
997;1;85;0.877324;1;1
998;2;85;8.23282;1;1
999;3;85;14.9523;1;1
1000;4;85;-16.905;0;1
1001;5;85;-4.00569;1;1
1002;85;6;7.96429;1;1
1003;85;7;3.74771;1;1
1004;85;8;-6.50812;1;1
1005;85;9;3.45882;1;1
1207;19;100;-0.972982;1;1
1208;43;100;3.93735;1;1
1209;57;100;0.222795;1;1
1210;85;100;-10.1954;1;1
1211;100;100;-5.99965;1;1
1212;0;100;6.52396;1;1
1213;1;100;3.82962;1;1
1214;2;100;-1.61854;1;1
1215;3;100;9.70181;1;1
1216;4;100;11.0589;1;1
1217;5;100;0.338943;1;1
1218;100;6;-8.79569;1;1
1219;100;7;-9.40672;1;1
1220;100;8;-12.537;1;1
1221;100;9;-8.29347;1;1
1544;19;123;5.16865;1;0
1545;43;123;-1.99107;1;0
1546;57;123;1.86918;1;0
1547;85;123;4.17644;1;0
1548;100;123;-9.43936;1;0
1549;123;123;-7.51508;1;0
1550;0;123;5.11151;1;0
1551;1;123;8.47771;1;0
1552;2;123;2.34674;1;0
1553;3;123;-1.21423;1;0
1554;4;123;5.11281;1;0
1555;5;123;-2.89016;1;0
1556;123;6;8.60919;1;0
1557;123;7;-6.30229;1;0
1558;123;8;-8.45304;1;0
1559;123;9;9.53707;1;0
49.1291;102.758
73
0;0;6;1.68601;1;1
1;0;7;-0.146974;1;1
2;0;8;-0.563469;1;1
3;0;9;1.11426;1;1
4;1;6;0.0454283;1;1
5;1;7;1.99609;1;1
6;1;8;-2.11936;1;1
7;1;9;-1.62948;1;1
8;2;6;0;1;1
9;2;7;0.788617;1;1
10;2;8;0.181072;1;1
11;2;9;0.331167;1;1
12;3;6;2.92535;1;1
13;3;7;0.315302;1;1
14;3;8;-1.81853;1;1
15;3;9;0;1;1
16;4;6;-2.11938;1;1
17;4;7;0;1;1
18;4;8;2.70079;1;1
19;4;9;1.72977;1;1
20;5;6;-0.188519;1;1
21;5;7;1.21147;1;1
22;5;8;-2.14727;1;1
23;5;9;0;1;1
122;0;19;-6.64003;1;1
123;1;19;2.75567;1;1
124;2;19;-12.0554;1;1
125;3;19;13.4398;1;1
126;4;19;-6.73064;1;1
127;5;19;-6.87815;1;1
128;19;6;1.83697;1;1
129;19;7;-0.491072;1;1
130;19;8;-3.81773;1;1
131;19;9;11.8464;1;1
409;19;43;10.4029;1;1
410;43;43;-0.116365;1;1
411;0;43;2.85939;1;1
412;1;43;-13.4355;1;1
413;2;43;-6.65651;1;1
414;3;43;-2.25849;1;1
415;4;43;6.69302;1;1
416;5;43;-6.17943;0;1
417;43;6;21.3904;1;1
418;43;7;4.757;1;1
419;43;8;7.3048;1;1
420;43;9;-4.85924;1;1
1152;19;96;-0.933047;1;1
1153;43;96;3.53186;1;1
1154;96;96;-9.19695;1;1
1155;0;96;-7.88155;1;1
1156;1;96;10.5996;1;1
1157;2;96;-7.28689;1;1
1158;3;96;2.2704;1;1
1159;4;96;-7.31885;1;1
1160;5;96;5.17936;1;1
1161;96;6;1.911;1;1
1162;96;7;-9.25878;1;1
1163;96;8;-6.72364;1;1
1164;96;9;-4.97122;1;1
1322;19;108;1.06838;1;0
1323;43;108;6.50581;1;0
1324;96;108;2.71344;1;0
1325;108;108;-5.47366;1;0
1326;0;108;-4.42213;1;0
1327;1;108;-8.80267;1;0
1328;2;108;8.1325;1;0
1329;3;108;1.57392;1;0
1330;4;108;8.64786;1;0
1331;5;108;2.1272;1;0
1332;108;6;-1.17924;0;0
1333;108;7;-0.513013;1;0
1334;108;8;-2.24194;0;0
1335;108;9;3.85521;1;0
347.148;0
73
0;0;6;1.68601;1;1
1;0;7;-0.146974;1;1
2;0;8;-0.563469;1;1
3;0;9;1.11426;1;1
4;1;6;0.0454283;1;1
5;1;7;1.99609;1;1
6;1;8;-2.11936;1;1
7;1;9;-1.62948;1;1
8;2;6;0;1;1
9;2;7;0.788617;1;1
10;2;8;0.181072;1;1
11;2;9;0.331167;1;1
12;3;6;2.92535;1;1
13;3;7;0.315302;1;1
14;3;8;-1.81853;1;1
15;3;9;0;1;1
16;4;6;-2.11938;1;1
17;4;7;0;1;1
18;4;8;2.70079;1;1
19;4;9;1.72977;1;1
20;5;6;-0.188519;1;1
21;5;7;1.21147;1;1
22;5;8;-2.14727;1;1
23;5;9;0;1;1
122;0;19;-6.64003;1;1
123;1;19;2.75567;1;1
124;2;19;-12.0554;1;1
125;3;19;13.4398;1;1
126;4;19;-6.73064;1;1
127;5;19;-6.87815;1;1
128;19;6;1.83697;1;1
129;19;7;-0.491072;1;1
130;19;8;-3.81773;1;1
131;19;9;11.8464;1;1
409;19;43;10.4029;1;1
410;43;43;-0.116365;1;1
411;0;43;2.85939;1;1
412;1;43;-13.4355;1;1
413;2;43;-6.65651;1;1
414;3;43;-2.25849;1;1
415;4;43;6.69302;1;1
416;5;43;-6.17943;0;1
417;43;6;21.3904;1;1
418;43;7;4.757;1;1
419;43;8;7.3048;1;1
420;43;9;-4.85924;1;1
1152;19;96;-0.933047;1;1
1153;43;96;3.53186;1;1
1154;96;96;-9.19695;1;1
1155;0;96;-7.88155;1;1
1156;1;96;10.5996;1;1
1157;2;96;-7.28689;1;1
1158;3;96;2.2704;1;1
1159;4;96;-7.31885;1;1
1160;5;96;5.17936;1;1
1161;96;6;1.911;1;1
1162;96;7;-9.25878;1;1
1163;96;8;-6.72364;1;1
1164;96;9;-4.97122;1;1
1322;19;108;-1.34086;1;0
1323;43;108;4.14242;1;0
1324;96;108;2.71344;1;0
1325;108;108;-6.5582;1;0
1326;0;108;-4.42213;1;0
1327;1;108;-8.13986;1;0
1328;2;108;6.32762;1;0
1329;3;108;-1.40493;1;0
1330;4;108;8.15328;1;0
1331;5;108;0.962633;1;0
1332;108;6;-1.12602;0;0
1333;108;7;-0.513013;1;0
1334;108;8;-0.0565054;0;0
1335;108;9;4.63978;1;0
450.62;0
73
0;0;6;1.68601;1;1
1;0;7;-0.146974;1;1
2;0;8;-0.563469;1;1
3;0;9;1.11426;1;1
4;1;6;0.0454283;1;1
5;1;7;1.99609;1;1
6;1;8;-2.11936;1;1
7;1;9;-1.62948;1;1
8;2;6;0;1;1
9;2;7;0.788617;1;1
10;2;8;0.181072;1;1
11;2;9;0.331167;1;1
12;3;6;2.92535;1;1
13;3;7;0.315302;1;1
14;3;8;-1.81853;1;1
15;3;9;0;1;1
16;4;6;-2.11938;1;1
17;4;7;0;1;1
18;4;8;2.70079;1;1
19;4;9;1.72977;1;1
20;5;6;-0.188519;1;1
21;5;7;1.21147;1;1
22;5;8;-2.14727;1;1
23;5;9;0;1;1
122;0;19;-6.64003;1;1
123;1;19;2.75567;1;1
124;2;19;-12.0554;1;1
125;3;19;13.4398;1;1
126;4;19;-6.73064;1;1
127;5;19;-6.87815;1;1
128;19;6;1.83697;1;1
129;19;7;-0.491072;1;1
130;19;8;-3.81773;1;1
131;19;9;11.8464;1;1
409;19;43;10.4029;1;1
410;43;43;-0.116365;1;1
411;0;43;2.85939;1;1
412;1;43;-13.4355;1;1
413;2;43;-6.65651;1;1
414;3;43;-2.25849;1;1
415;4;43;6.69302;1;1
416;5;43;-6.17943;0;1
417;43;6;21.3904;1;1
418;43;7;4.757;1;1
419;43;8;7.3048;1;1
420;43;9;-4.85924;1;1
1152;19;96;-0.933047;1;1
1153;43;96;3.53186;1;1
1154;96;96;-9.19695;1;1
1155;0;96;-7.88155;1;1
1156;1;96;10.5996;1;1
1157;2;96;-7.28689;1;1
1158;3;96;2.2704;1;1
1159;4;96;-7.31885;1;1
1160;5;96;5.17936;1;1
1161;96;6;1.911;1;1
1162;96;7;-9.25878;1;1
1163;96;8;-6.72364;1;1
1164;96;9;-4.97122;1;1
1322;19;108;1.06838;1;0
1323;43;108;5.63122;1;0
1324;96;108;-0.154558;1;0
1325;108;108;-6.25946;1;0
1326;0;108;-4.46468;1;0
1327;1;108;-6.69701;1;0
1328;2;108;5.57252;1;0
1329;3;108;1.97261;1;0
1330;4;108;8.57525;1;0
1331;5;108;2.1272;1;0
1332;108;6;0.864443;0;0
1333;108;7;-0.869719;1;0
1334;108;8;-1.58288;0;0
1335;108;9;4.19276;1;0
120.97;0
73
0;0;6;1.68601;1;1
1;0;7;-0.146974;1;1
2;0;8;-0.563469;1;1
3;0;9;1.11426;1;1
4;1;6;0.0454283;1;1
5;1;7;1.99609;1;1
6;1;8;-2.11936;1;1
7;1;9;-1.62948;1;1
8;2;6;0;1;1
9;2;7;0.788617;1;1
10;2;8;0.181072;1;1
11;2;9;0.331167;1;1
12;3;6;2.92535;1;1
13;3;7;0.315302;1;1
14;3;8;-1.81853;1;1
15;3;9;0;1;1
16;4;6;-2.11938;1;1
17;4;7;0;1;1
18;4;8;2.70079;1;1
19;4;9;1.72977;1;1
20;5;6;-0.188519;1;1
21;5;7;1.21147;1;1
22;5;8;-2.14727;1;1
23;5;9;0;1;1
122;0;19;-6.64003;1;1
123;1;19;2.75567;1;1
124;2;19;-12.0554;1;1
125;3;19;13.4398;1;1
126;4;19;-6.73064;1;1
127;5;19;-6.87815;1;1
128;19;6;1.83697;1;1
129;19;7;-0.491072;1;1
130;19;8;-3.81773;1;1
131;19;9;11.8464;1;1
409;19;43;10.4029;1;1
410;43;43;-0.116365;1;1
411;0;43;2.85939;1;1
412;1;43;-13.4355;1;1
413;2;43;-6.65651;1;1
414;3;43;-2.25849;1;1
415;4;43;6.69302;1;1
416;5;43;-6.17943;0;1
417;43;6;21.3904;1;1
418;43;7;4.757;1;1
419;43;8;7.3048;1;1
420;43;9;-4.85924;1;1
1152;19;96;-0.933047;1;1
1153;43;96;3.53186;1;1
1154;96;96;-9.19695;1;1
1155;0;96;-7.88155;1;1
1156;1;96;10.5996;1;1
1157;2;96;-7.28689;1;1
1158;3;96;2.2704;1;1
1159;4;96;-7.31885;1;1
1160;5;96;5.17936;1;1
1161;96;6;1.911;1;1
1162;96;7;-9.25878;1;1
1163;96;8;-6.72364;1;1
1164;96;9;-4.97122;1;1
1322;19;108;1.06838;1;0
1323;43;108;6.20815;1;0
1324;96;108;4.04849;1;0
1325;108;108;-3.40837;1;0
1326;0;108;-4.93899;1;0
1327;1;108;-8.80267;1;0
1328;2;108;10.7759;1;0
1329;3;108;1.57392;1;0
1330;4;108;8.64786;1;0
1331;5;108;2.1272;1;0
1332;108;6;-0.978137;0;0
1333;108;7;-0.513013;1;0
1334;108;8;-4.74376;0;0
1335;108;9;5.32268;1;0
250.396;0
73
0;0;6;1.68601;1;1
1;0;7;-0.146974;1;1
2;0;8;-0.563469;1;1
3;0;9;1.11426;1;1
4;1;6;0.0454283;1;1
5;1;7;1.99609;1;1
6;1;8;-2.11936;1;1
7;1;9;-1.62948;1;1
8;2;6;0;1;1
9;2;7;0.788617;1;1
10;2;8;0.181072;1;1
11;2;9;0.331167;1;1
12;3;6;2.92535;1;1
13;3;7;0.315302;1;1
14;3;8;-1.81853;1;1
15;3;9;0;1;1
16;4;6;-2.11938;1;1
17;4;7;0;1;1
18;4;8;2.70079;1;1
19;4;9;1.72977;1;1
20;5;6;-0.188519;1;1
21;5;7;1.21147;1;1
22;5;8;-2.14727;1;1
23;5;9;0;1;1
122;0;19;-6.64003;1;1
123;1;19;2.75567;1;1
124;2;19;-12.0554;1;1
125;3;19;13.4398;1;1
126;4;19;-6.73064;1;1
127;5;19;-6.87815;1;1
128;19;6;1.83697;1;1
129;19;7;-0.491072;1;1
130;19;8;-3.81773;1;1
131;19;9;11.8464;1;1
409;19;43;10.4029;1;1
410;43;43;-0.116365;1;1
411;0;43;2.85939;1;1
412;1;43;-13.4355;1;1
413;2;43;-6.65651;1;1
414;3;43;-2.25849;1;1
415;4;43;6.69302;1;1
416;5;43;-6.17943;0;1
417;43;6;21.3904;1;1
418;43;7;4.757;1;1
419;43;8;7.3048;1;1
420;43;9;-4.85924;1;1
1152;19;96;-0.933047;1;1
1153;43;96;3.53186;1;1
1154;96;96;-9.19695;1;1
1155;0;96;-7.88155;1;1
1156;1;96;10.5996;1;1
1157;2;96;-7.28689;1;1
1158;3;96;2.2704;1;1
1159;4;96;-7.31885;1;1
1160;5;96;5.17936;1;1
1161;96;6;1.911;1;1
1162;96;7;-9.25878;1;1
1163;96;8;-6.72364;1;1
1164;96;9;-4.97122;1;1
1322;19;108;1.06838;1;0
1323;43;108;8.25728;1;0
1324;96;108;2.71344;1;0
1325;108;108;-5.84693;1;0
1326;0;108;-4.74886;1;0
1327;1;108;-5.85853;1;0
1328;2;108;8.1325;1;0
1329;3;108;5.07111;1;0
1330;4;108;6.14841;1;0
1331;5;108;0.648023;1;0
1332;108;6;0.265194;0;0
1333;108;7;-1.98776;1;0
1334;108;8;-2.07227;0;0
1335;108;9;3.24187;1;0
