14;52;1.4;1
1482.97;0
76
0;0;7;10.6658;1;1
1;0;8;7.8757;1;1
2;0;9;-3.55462;1;1
3;0;10;-11.744;1;1
4;0;11;5.78809;1;1
5;1;7;-3.38629;1;1
6;1;8;14.0484;1;1
7;1;9;5.55279;1;1
8;1;10;1.01322;1;1
9;1;11;8.68363;1;1
10;2;7;-2.22482;1;1
11;2;8;-13.1555;1;1
12;2;9;8.44516;1;1
13;2;10;-12.2816;1;1
14;2;11;-2.44117;1;1
15;3;7;7.83949;1;1
16;3;8;1.60129;1;1
17;3;9;-2.94384;1;1
18;3;10;7.44959;1;1
19;3;11;3.17166;1;1
20;4;7;-1.8595;1;1
21;4;8;-3.30393;1;1
22;4;9;15.5883;1;1
23;4;10;1.2692;1;1
24;4;11;0.30828;1;1
25;5;7;-1.50415;1;1
26;5;8;-7.29688;1;1
27;5;9;1.11279;1;1
28;5;10;-7.71777;1;1
29;5;11;1.31839;1;1
30;6;7;-0.191;1;1
31;6;8;-3.20414;1;1
32;6;9;-4.32361;1;1
33;6;10;-6.03146;1;1
34;6;11;7.82784;1;1
298;0;33;-0.797594;1;1
299;1;33;-4.70391;1;1
300;2;33;-1.05957;1;1
301;3;33;7.38464;1;1
302;4;33;-0.733693;1;1
303;5;33;-0.258248;1;1
304;6;33;2.73236;1;1
305;33;7;-0.758028;1;1
306;33;8;-8.44597;1;1
307;33;9;-0.54387;1;1
308;33;10;-2.11903;1;1
309;33;11;-2.86398;1;1
408;33;41;7.7427;1;1
409;41;41;2.37577;1;1
410;0;41;-4.12689;1;1
411;1;41;7.69289;1;1
412;2;41;0.524694;1;1
413;3;41;6.33668;1;1
414;4;41;-0.467781;1;1
415;5;41;6.34564;1;1
416;6;41;4.55345;1;1
417;41;7;-0.867727;1;1
418;41;8;-0.32157;1;1
419;41;9;-5.55353;1;1
420;41;10;6.98575;1;1
421;41;11;4.75355;1;1
451;33;44;-5.63375;1;0
452;41;44;-2.00189;1;0
453;44;44;4.01682;1;0
454;0;44;0.795435;1;0
455;1;44;8.57158;1;0
456;2;44;1.15587;1;0
457;3;44;8.17723;0;0
458;4;44;9.66998;1;0
459;5;44;-2.52476;1;0
460;6;44;-2.00096;1;0
461;44;7;-5.09157;1;0
462;44;8;4.7088;1;0
463;44;9;9.35406;1;0
464;44;10;-8.88886;1;0
465;44;11;1.63127;1;0
3
11;18;1;0;302.713
954.845;159.141
76
0;0;7;10.6658;1;1
1;0;8;7.8757;1;1
2;0;9;-3.55462;1;1
3;0;10;-11.744;1;1
4;0;11;5.78809;1;1
5;1;7;-3.38629;1;1
6;1;8;14.0484;1;1
7;1;9;5.55279;1;1
8;1;10;1.01322;1;1
9;1;11;8.68363;1;1
10;2;7;-2.22482;1;1
11;2;8;-13.1555;1;1
12;2;9;8.44516;1;1
13;2;10;-12.2816;1;1
14;2;11;-2.44117;1;1
15;3;7;7.83949;1;1
16;3;8;1.60129;1;1
17;3;9;-2.94384;1;1
18;3;10;7.44959;1;1
19;3;11;3.17166;1;1
20;4;7;-1.8595;1;1
21;4;8;-3.30393;1;1
22;4;9;15.5883;1;1
23;4;10;1.2692;1;1
24;4;11;0.30828;1;1
25;5;7;-1.50415;1;1
26;5;8;-7.29688;1;1
27;5;9;1.11279;1;1
28;5;10;-7.71777;1;1
29;5;11;1.31839;1;1
30;6;7;-0.191;1;1
31;6;8;-3.20414;1;1
32;6;9;-4.32361;1;1
33;6;10;-6.03146;1;1
34;6;11;7.82784;1;1
298;0;33;-0.797594;1;1
299;1;33;-4.70391;1;1
300;2;33;-1.05957;1;1
301;3;33;7.38464;1;1
302;4;33;-0.733693;1;1
303;5;33;-0.258248;1;1
304;6;33;2.73236;1;1
305;33;7;-0.758028;1;1
306;33;8;-8.44597;1;1
307;33;9;-0.54387;1;1
308;33;10;-2.11903;1;1
309;33;11;-2.86398;1;1
408;33;41;7.7427;1;1
409;41;41;2.37577;1;1
410;0;41;-4.12689;1;1
411;1;41;7.69289;1;1
412;2;41;0.524694;1;1
413;3;41;6.33668;1;1
414;4;41;-0.467781;1;1
415;5;41;6.34564;1;1
416;6;41;4.55345;1;1
417;41;7;-0.867727;1;1
418;41;8;-0.32157;1;1
419;41;9;-5.55353;1;1
420;41;10;6.98575;1;1
421;41;11;4.75355;1;1
451;33;44;-2.79303;1;0
452;41;44;6.62191;1;0
453;44;44;-0.621693;1;0
454;0;44;-4.242;1;0
455;1;44;1.76593;1;0
456;2;44;7.5144;1;0
457;3;44;2.21381;1;0
458;4;44;5.24221;1;0
459;5;44;-7.25406;1;0
460;6;44;-12.2294;1;0
461;44;7;4.12891;1;0
462;44;8;7.57222;1;0
463;44;9;9.81492;1;0
464;44;10;-7.71098;1;0
465;44;11;-7.04149;1;0
11
0;1;2;3;4;5;6;7;8;9;10
12;18;1;0;191.707
1420.19;236.698
61
0;0;7;12.2438;1;1
1;0;8;4.84333;1;1
2;0;9;-5.44028;0;1
3;0;10;-4.45087;1;1
4;0;11;-0.279819;1;1
5;1;7;3.68145;1;1
6;1;8;1.74134;1;1
7;1;9;-3.08581;1;1
8;1;10;-5.04747;1;1
9;1;11;6.43088;1;1
10;2;7;4.05907;1;1
11;2;8;-2.01318;1;1
12;2;9;7.30954;1;1
13;2;10;12.1931;1;1
14;2;11;-1.84948;1;1
15;3;7;0.825126;1;1
16;3;8;-0.972877;1;1
17;3;9;-8.55317;1;1
18;3;10;10.773;1;1
19;3;11;8.22421;1;1
20;4;7;0.637354;1;1
21;4;8;-12.5281;1;1
22;4;9;-4.55219;1;1
23;4;10;1.67172;1;1
24;4;11;2.24299;1;1
25;5;7;10.5908;1;1
26;5;8;11.5791;1;1
27;5;9;-5.45881;1;1
28;5;10;-7.11338;1;1
29;5;11;3.08152;1;1
30;6;7;-12.7482;1;1
31;6;8;-13.0295;1;1
32;6;9;4.15271;0;1
33;6;10;-10.2374;1;1
34;6;11;-9.43114;1;1
157;0;22;7.64182;1;1
158;1;22;-9.31757;1;1
159;2;22;7.38026;1;1
160;3;22;-8.77529;1;1
161;4;22;2.40477;1;1
162;5;22;-1.39041;0;1
163;6;22;2.04058;1;1
164;22;7;5.66553;1;1
165;22;8;5.27519;1;1
166;22;9;-4.52062;1;1
167;22;10;-7.48218;1;1
168;22;11;8.64037;1;1
668;22;59;-7.4984;1;0
669;59;59;1.80529;1;0
670;0;59;-9.35768;1;0
671;1;59;8.70592;1;0
672;2;59;-3.23235;1;0
673;3;59;8.4813;1;0
674;4;59;-1.74461;1;0
675;5;59;-8.6597;1;0
676;6;59;-9.83485;1;0
677;59;7;7.19748;1;0
678;59;8;-4.03069;1;0
679;59;9;0.516557;1;0
680;59;10;-9.63362;1;0
681;59;11;-5.96226;1;0
3
11;12;13
13;9;6;0;231.957
929.59;92.959
47
0;0;7;7.51485;1;1
1;0;8;-4.68235;1;1
2;0;9;-0.914712;1;1
3;0;10;-2.72257;1;1
4;0;11;5.78809;1;1
5;1;7;-6.42386;1;1
6;1;8;3.24443;1;1
7;1;9;5.55279;1;1
8;1;10;1.01322;1;1
9;1;11;2.06361;1;1
10;2;7;2.38865;1;1
11;2;8;11.921;1;1
12;2;9;8.44516;1;1
13;2;10;4.26572;1;1
14;2;11;-2.44117;1;1
15;3;7;7.83949;1;1
16;3;8;1.60129;1;1
17;3;9;-6.68702;1;1
18;3;10;7.44959;1;1
19;3;11;-6.89572;1;1
20;4;7;9.0191;1;1
21;4;8;-0.364177;1;1
22;4;9;-0.883096;1;1
23;4;10;1.2692;1;1
24;4;11;-0.378127;1;1
25;5;7;-1.50415;1;1
26;5;8;-7.29688;1;1
27;5;9;3.73464;1;1
28;5;10;1.71481;1;1
29;5;11;1.31839;1;1
30;6;7;0.0792893;1;1
31;6;8;-6.43755;1;1
32;6;9;-4.32361;1;1
33;6;10;-6.03146;1;1
34;6;11;7.82784;1;1
235;0;28;-9.74026;1;0
236;1;28;1.58701;1;0
237;2;28;-7.63586;1;0
238;3;28;-10.6105;0;0
239;4;28;-1.32244;1;0
240;5;28;-5.93295;1;0
241;6;28;-3.16902;1;0
242;28;7;-0.45553;1;0
243;28;8;-5.20653;1;0
244;28;9;0.779724;1;0
245;28;10;3.96573;1;0
246;28;11;6.51516;1;0
8
14;15;16;17;18;19;20;21
5
1337.47;267.494
61
0;0;7;12.2438;1;1
1;0;8;4.58533;1;1
2;0;9;-5.44028;0;1
3;0;10;-4.45087;1;1
4;0;11;-3.27567;1;1
5;1;7;3.68145;1;1
6;1;8;1.74134;1;1
7;1;9;-1.46278;1;1
8;1;10;-5.04747;1;1
9;1;11;6.43088;1;1
10;2;7;4.05907;1;1
11;2;8;0.600026;1;1
12;2;9;5.28042;1;1
13;2;10;12.1931;1;1
14;2;11;-4.09395;1;1
15;3;7;0.825126;1;1
16;3;8;-0.972877;1;1
17;3;9;-8.55317;1;1
18;3;10;10.773;1;1
19;3;11;8.22421;1;1
20;4;7;-0.967215;1;1
21;4;8;-9.18012;1;1
22;4;9;-5.44672;1;1
23;4;10;7.03352;1;1
24;4;11;2.24299;1;1
25;5;7;8.8299;1;1
26;5;8;9.72757;1;1
27;5;9;-10.026;1;1
28;5;10;-6.43583;1;1
29;5;11;3.08152;1;1
30;6;7;-12.4387;1;1
31;6;8;8.40616;1;1
32;6;9;3.05719;1;1
33;6;10;-10.2374;1;1
34;6;11;-11.6717;1;1
157;0;22;-8.27336;1;1
158;1;22;-10.0036;1;1
159;2;22;-1.52212;1;1
160;3;22;-8.26808;1;1
161;4;22;3.44344;1;1
162;5;22;-3.7476;0;1
163;6;22;1.23626;1;1
164;22;7;7.79139;1;1
165;22;8;-6.09704;1;1
166;22;9;-1.78812;1;1
167;22;10;-11.8111;1;1
168;22;11;9.88382;1;1
654;22;58;-0.411463;1;0
655;58;58;-7.39891;1;0
656;0;58;1.2277;1;0
657;1;58;-4.38653;1;0
658;2;58;-3.58631;1;0
659;3;58;-1.13335;1;0
660;4;58;5.64341;1;0
661;5;58;4.1876;1;0
662;6;58;1.27314;1;0
663;58;7;-0.536353;1;0
664;58;8;-6.95822;1;0
665;58;9;6.6411;1;0
666;58;10;0.784715;1;0
667;58;11;-4.3159;1;0
1420.19;236.698
61
0;0;7;12.2438;1;1
1;0;8;4.84333;1;1
2;0;9;-5.44028;0;1
3;0;10;-4.45087;1;1
4;0;11;-0.279819;1;1
5;1;7;3.68145;1;1
6;1;8;1.74134;1;1
7;1;9;-3.08581;1;1
8;1;10;-5.04747;1;1
9;1;11;6.43088;1;1
10;2;7;4.05907;1;1
11;2;8;-2.01318;1;1
12;2;9;7.30954;1;1
13;2;10;12.1931;1;1
14;2;11;-1.84948;1;1
15;3;7;0.825126;1;1
16;3;8;-0.972877;1;1
17;3;9;-8.55317;1;1
18;3;10;10.773;1;1
19;3;11;8.22421;1;1
20;4;7;0.637354;1;1
21;4;8;-12.5281;1;1
22;4;9;-4.55219;1;1
23;4;10;1.67172;1;1
24;4;11;2.24299;1;1
25;5;7;10.5908;1;1
26;5;8;11.5791;1;1
27;5;9;-5.45881;1;1
28;5;10;-7.11338;1;1
29;5;11;3.08152;1;1
30;6;7;-12.7482;1;1
31;6;8;-13.0295;1;1
32;6;9;4.15271;0;1
33;6;10;-10.2374;1;1
34;6;11;-9.43114;1;1
157;0;22;7.64182;1;1
158;1;22;-9.31757;1;1
159;2;22;7.38026;1;1
160;3;22;-8.77529;1;1
161;4;22;2.40477;1;1
162;5;22;-1.39041;0;1
163;6;22;2.04058;1;1
164;22;7;5.66553;1;1
165;22;8;5.27519;1;1
166;22;9;-4.52062;1;1
167;22;10;-7.48218;1;1
168;22;11;8.64037;1;1
668;22;59;-7.4984;1;0
669;59;59;1.80529;1;0
670;0;59;-9.35768;1;0
671;1;59;8.70592;1;0
672;2;59;-3.23235;1;0
673;3;59;8.4813;1;0
674;4;59;-1.74461;1;0
675;5;59;-8.6597;1;0
676;6;59;-9.83485;1;0
677;59;7;7.19748;1;0
678;59;8;-4.03069;1;0
679;59;9;0.516557;1;0
680;59;10;-9.63362;1;0
681;59;11;-5.96226;1;0
1358.04;169.755
47
0;0;7;7.51485;1;1
1;0;8;-4.68235;1;1
2;0;9;-0.914712;1;1
3;0;10;-2.72257;1;1
4;0;11;5.78809;1;1
5;1;7;-6.42386;1;1
6;1;8;3.24443;1;1
7;1;9;5.55279;1;1
8;1;10;1.01322;1;1
9;1;11;2.06361;1;1
10;2;7;2.38865;1;1
11;2;8;11.921;1;1
12;2;9;8.44516;1;1
13;2;10;4.26572;1;1
14;2;11;-2.44117;1;1
15;3;7;7.83949;1;1
16;3;8;1.60129;1;1
17;3;9;-6.68702;1;1
18;3;10;7.44959;1;1
19;3;11;-6.89572;1;1
20;4;7;9.0191;1;1
21;4;8;-0.364177;1;1
22;4;9;-0.883096;1;1
23;4;10;1.2692;1;1
24;4;11;-0.378127;1;1
25;5;7;-1.50415;1;1
26;5;8;-7.29688;1;1
27;5;9;3.73464;1;1
28;5;10;1.71481;1;1
29;5;11;1.31839;1;1
30;6;7;0.0792893;1;1
31;6;8;-6.43755;1;1
32;6;9;-4.32361;1;1
33;6;10;-6.03146;1;1
34;6;11;7.82784;1;1
235;0;28;-11.4883;1;0
236;1;28;-6.5699;1;0
237;2;28;-7.58689;1;0
238;3;28;3.75681;1;0
239;4;28;5.705;1;0
240;5;28;-2.48567;1;0
241;6;28;1.5603;1;0
242;28;7;1.67203;1;0
243;28;8;-1.26424;1;0
244;28;9;1.20265;1;0
245;28;10;1.89242;1;0
246;28;11;6.05863;1;0
929.59;92.959
47
0;0;7;7.51485;1;1
1;0;8;-4.68235;1;1
2;0;9;-0.914712;1;1
3;0;10;-2.72257;1;1
4;0;11;5.78809;1;1
5;1;7;-6.42386;1;1
6;1;8;3.24443;1;1
7;1;9;5.55279;1;1
8;1;10;1.01322;1;1
9;1;11;2.06361;1;1
10;2;7;2.38865;1;1
11;2;8;11.921;1;1
12;2;9;8.44516;1;1
13;2;10;4.26572;1;1
14;2;11;-2.44117;1;1
15;3;7;7.83949;1;1
16;3;8;1.60129;1;1
17;3;9;-6.68702;1;1
18;3;10;7.44959;1;1
19;3;11;-6.89572;1;1
20;4;7;9.0191;1;1
21;4;8;-0.364177;1;1
22;4;9;-0.883096;1;1
23;4;10;1.2692;1;1
24;4;11;-0.378127;1;1
25;5;7;-1.50415;1;1
26;5;8;-7.29688;1;1
27;5;9;3.73464;1;1
28;5;10;1.71481;1;1
29;5;11;1.31839;1;1
30;6;7;0.0792893;1;1
31;6;8;-6.43755;1;1
32;6;9;-4.32361;1;1
33;6;10;-6.03146;1;1
34;6;11;7.82784;1;1
235;0;28;-9.74026;1;0
236;1;28;1.58701;1;0
237;2;28;-7.63586;1;0
238;3;28;-10.6105;0;0
239;4;28;-1.32244;1;0
240;5;28;-5.93295;1;0
241;6;28;-3.16902;1;0
242;28;7;-0.45553;1;0
243;28;8;-5.20653;1;0
244;28;9;0.779724;1;0
245;28;10;3.96573;1;0
246;28;11;6.51516;1;0
954.845;159.141
76
0;0;7;10.6658;1;1
1;0;8;7.8757;1;1
2;0;9;-3.55462;1;1
3;0;10;-11.744;1;1
4;0;11;5.78809;1;1
5;1;7;-3.38629;1;1
6;1;8;14.0484;1;1
7;1;9;5.55279;1;1
8;1;10;1.01322;1;1
9;1;11;8.68363;1;1
10;2;7;-2.22482;1;1
11;2;8;-13.1555;1;1
12;2;9;8.44516;1;1
13;2;10;-12.2816;1;1
14;2;11;-2.44117;1;1
15;3;7;7.83949;1;1
16;3;8;1.60129;1;1
17;3;9;-2.94384;1;1
18;3;10;7.44959;1;1
19;3;11;3.17166;1;1
20;4;7;-1.8595;1;1
21;4;8;-3.30393;1;1
22;4;9;15.5883;1;1
23;4;10;1.2692;1;1
24;4;11;0.30828;1;1
25;5;7;-1.50415;1;1
26;5;8;-7.29688;1;1
27;5;9;1.11279;1;1
28;5;10;-7.71777;1;1
29;5;11;1.31839;1;1
30;6;7;-0.191;1;1
31;6;8;-3.20414;1;1
32;6;9;-4.32361;1;1
33;6;10;-6.03146;1;1
34;6;11;7.82784;1;1
298;0;33;-0.797594;1;1
299;1;33;-4.70391;1;1
300;2;33;-1.05957;1;1
301;3;33;7.38464;1;1
302;4;33;-0.733693;1;1
303;5;33;-0.258248;1;1
304;6;33;2.73236;1;1
305;33;7;-0.758028;1;1
306;33;8;-8.44597;1;1
307;33;9;-0.54387;1;1
308;33;10;-2.11903;1;1
309;33;11;-2.86398;1;1
408;33;41;7.7427;1;1
409;41;41;2.37577;1;1
410;0;41;-4.12689;1;1
411;1;41;7.69289;1;1
412;2;41;0.524694;1;1
413;3;41;6.33668;1;1
414;4;41;-0.467781;1;1
415;5;41;6.34564;1;1
416;6;41;4.55345;1;1
417;41;7;-0.867727;1;1
418;41;8;-0.32157;1;1
419;41;9;-5.55353;1;1
420;41;10;6.98575;1;1
421;41;11;4.75355;1;1
451;33;44;-2.79303;1;0
452;41;44;6.62191;1;0
453;44;44;-0.621693;1;0
454;0;44;-4.242;1;0
455;1;44;1.76593;1;0
456;2;44;7.5144;1;0
457;3;44;2.21381;1;0
458;4;44;5.24221;1;0
459;5;44;-7.25406;1;0
460;6;44;-12.2294;1;0
461;44;7;4.12891;1;0
462;44;8;7.57222;1;0
463;44;9;9.81492;1;0
464;44;10;-7.71098;1;0
465;44;11;-7.04149;1;0
1612;121
1577
35;0;12;-4.33049;1;0
36;1;12;-1.79057;1;0
37;2;12;-6.25734;1;0
38;3;12;8.91234;1;0
39;4;12;5.57384;1;0
40;5;12;5.65112;1;0
41;6;12;-9.21108;1;0
42;12;7;0.656512;1;0
43;12;8;-2.20824;1;0
44;12;9;6.68154;1;0
45;12;10;-8.7131;1;0
46;12;11;9.48625;1;0
47;0;13;1.30399;1;0
48;1;13;-4.90354;1;0
49;2;13;2.6332;1;0
50;3;13;-3.22034;1;0
51;4;13;6.6161;1;0
52;5;13;-5.33712;1;0
53;6;13;-9.36999;1;0
54;13;7;-6.15896;1;0
55;13;8;-8.16786;1;0
56;13;9;-1.82436;1;0
57;13;10;5.01317;1;0
58;13;11;4.46623;1;0
59;0;14;8.63759;1;0
60;1;14;-5.00997;1;0
61;2;14;-3.56977;1;0
62;3;14;-6.81249;1;0
63;4;14;-9.86531;1;0
64;5;14;-7.19138;1;0
65;6;14;-8.53285;1;0
66;14;7;5.40335;1;0
67;14;8;4.21657;1;0
68;14;9;-1.10918;1;0
69;14;10;1.93723;1;0
70;14;11;8.355;1;0
71;0;15;-2.21115;1;0
72;1;15;-6.9687;1;0
73;2;15;-4.08113;1;0
74;3;15;-1.85239;1;0
75;4;15;7.1921;1;0
76;5;15;-8.33347;1;0
77;6;15;2.33854;1;0
78;15;7;-7.75202;1;0
79;15;8;4.54091;1;0
80;15;9;-2.81611;1;0
81;15;10;-6.38809;1;0
82;15;11;-7.70459;1;0
83;0;16;-6.43543;1;0
84;1;16;3.8978;1;0
85;2;16;-2.03814;1;0
86;3;16;1.31586;1;0
87;4;16;-7.00347;1;0
88;5;16;-7.92773;1;0
89;6;16;7.26405;1;0
90;16;7;0.348193;1;0
91;16;8;4.42207;1;0
92;16;9;6.48384;1;0
93;16;10;3.38639;1;0
94;16;11;-9.33472;1;0
95;0;17;1.40619;1;0
96;1;17;1.72788;1;0
97;2;17;-8.28375;1;0
98;3;17;5.63286;1;0
99;4;17;-4.48715;1;0
100;5;17;-3.78262;1;0
101;6;17;-4.10456;1;0
102;17;7;1.71518;1;0
103;17;8;-5.82034;1;0
104;17;9;9.35783;1;0
105;17;10;5.2907;1;0
106;17;11;9.48721;1;0
107;0;18;2.02285;1;0
108;1;18;-3.06739;1;0
109;2;18;2.85895;1;0
110;3;18;5.20832;1;0
111;4;18;6.59089;1;0
112;5;18;8.28979;1;0
113;6;18;-4.20433;1;0
114;18;7;5.9765;1;0
115;18;8;1.75171;1;0
116;18;9;-9.98603;1;0
117;18;10;1.0761;1;0
118;18;11;7.6365;1;0
119;0;19;4.61246;1;0
120;1;19;2.19658;1;0
121;2;19;-2.50563;1;0
122;3;19;-7.76651;1;0
123;4;19;-7.62418;1;0
124;5;19;-6.66094;1;0
125;6;19;-2.4899;1;0
126;19;7;0.753378;1;0
127;19;8;5.91311;1;0
128;19;9;0.803054;1;0
129;19;10;4.02972;1;0
130;19;11;2.43753;1;0
131;0;20;-2.95949;1;0
132;1;20;9.8138;1;0
133;2;20;-4.2362;1;0
134;3;20;-2.01641;1;0
135;4;20;2.37849;1;0
136;5;20;-7.59015;1;0
137;6;20;-9.4822;1;0
138;20;7;-1.10508;1;0
139;20;8;-6.85469;1;0
140;20;9;-6.70119;1;0
141;20;10;5.81022;1;0
142;20;11;-6.42199;1;0
143;18;21;-5.45216;1;0
144;21;21;-6.87082;1;0
145;0;21;-9.66333;1;0
146;1;21;5.97265;1;0
147;2;21;5.57135;1;0
148;3;21;9.64008;1;0
149;4;21;5.9578;1;0
150;5;21;1.61169;1;0
151;6;21;-5.60528;1;0
152;21;7;2.95602;1;0
153;21;8;-4.8446;1;0
154;21;9;2.26465;1;0
155;21;10;4.65092;1;0
156;21;11;8.25133;1;0
157;0;22;8.90699;1;0
158;1;22;0.985797;1;0
159;2;22;5.87276;1;0
160;3;22;9.82006;1;0
161;4;22;-0.377562;1;0
162;5;22;-4.32061;1;0
163;6;22;8.19382;1;0
164;22;7;-5.40933;1;0
165;22;8;4.65148;1;0
166;22;9;-1.20395;1;0
167;22;10;1.4107;1;0
168;22;11;1.66125;1;0
169;18;23;-0.438674;1;0
170;23;23;-3.22298;1;0
171;0;23;1.58155;1;0
172;1;23;-9.07486;1;0
173;2;23;-0.700991;1;0
174;3;23;4.19131;1;0
175;4;23;-0.0586372;1;0
176;5;23;-7.39679;1;0
177;6;23;7.56039;1;0
178;23;7;-5.29652;1;0
179;23;8;9.51986;1;0
180;23;9;-5.98517;1;0
181;23;10;9.80073;1;0
182;23;11;8.59792;1;0
183;18;24;-6.51904;1;0
184;24;24;-5.36208;1;0
185;0;24;-7.96824;1;0
186;1;24;0.904933;1;0
187;2;24;-2.45096;1;0
188;3;24;1.46502;1;0
189;4;24;-7.67855;1;0
190;5;24;-5.01825;1;0
191;6;24;-9.34561;1;0
192;24;7;3.13893;1;0
193;24;8;-2.01294;1;0
194;24;9;0.234621;1;0
195;24;10;0.274464;1;0
196;24;11;-2.92649;1;0
197;18;25;9.53393;1;0
198;25;25;6.19837;1;0
199;0;25;4.93342;1;0
200;1;25;-6.38918;1;0
201;2;25;-5.68402;1;0
202;3;25;8.87503;1;0
203;4;25;-7.12419;1;0
204;5;25;7.70024;1;0
205;6;25;-3.28789;1;0
206;25;7;5.42778;1;0
207;25;8;-2.07609;1;0
208;25;9;-2.64203;1;0
209;25;10;4.7345;1;0
210;25;11;-8.86894;1;0
211;0;26;0.53523;1;0
212;1;26;-3.3456;1;0
213;2;26;-5.13991;1;0
214;3;26;-2.51715;1;0
215;4;26;-4.55834;1;0
216;5;26;-7.64889;1;0
217;6;26;1.01789;1;0
218;26;7;-3.20372;1;0
219;26;8;8.21412;1;0
220;26;9;2.52909;1;0
221;26;10;7.51414;1;0
222;26;11;2.41218;1;0
223;0;27;-6.59969;1;0
224;1;27;0.317109;1;0
225;2;27;8.72643;1;0
226;3;27;-5.46832;1;0
227;4;27;-8.97775;1;0
228;5;27;5.9303;1;0
229;6;27;8.71971;1;0
230;27;7;-4.34545;1;0
231;27;8;-5.59953;1;0
232;27;9;6.20177;1;0
233;27;10;6.19603;1;0
234;27;11;-2.49892;1;0
235;0;28;-7.08067;1;0
236;1;28;3.54176;1;0
237;2;28;-2.29985;1;0
238;3;28;-8.94456;1;0
239;4;28;-0.468291;1;0
240;5;28;-7.02499;1;0
241;6;28;-6.36195;1;0
242;28;7;-0.45553;1;0
243;28;8;-4.90877;1;0
244;28;9;-4.31586;1;0
245;28;10;4.98987;1;0
246;28;11;4.19569;1;0
247;0;29;3.88563;1;0
248;1;29;-4.88714;1;0
249;2;29;5.24144;1;0
250;3;29;-4.08141;1;0
251;4;29;-7.13164;1;0
252;5;29;-8.79882;1;0
253;6;29;2.10164;1;0
254;29;7;6.72121;1;0
255;29;8;-8.37439;1;0
256;29;9;-5.46171;1;0
257;29;10;-9.34871;1;0
258;29;11;-4.48669;1;0
259;0;30;1.30029;1;0
260;1;30;6.22977;1;0
261;2;30;-0.326649;1;0
262;3;30;-9.76224;1;0
263;4;30;5.63378;1;0
264;5;30;1.15357;1;0
265;6;30;8.71664;1;0
266;30;7;-8.28422;1;0
267;30;8;6.7605;1;0
268;30;9;-7.59366;1;0
269;30;10;5.14163;1;0
270;30;11;-8.77533;1;0
271;0;31;5.63342;1;0
272;1;31;8.05582;1;0
273;2;31;4.36023;1;0
274;3;31;-2.21075;1;0
275;4;31;3.45265;1;0
276;5;31;-6.02277;1;0
277;6;31;9.77642;1;0
278;31;7;-4.35669;1;0
279;31;8;-6.72798;1;0
280;31;9;-3.17294;1;0
281;31;10;0.0625541;1;0
282;31;11;-4.08295;1;0
283;18;32;-8.44097;1;0
284;25;32;7.64689;1;0
285;32;32;-4.88829;1;0
286;0;32;6.11581;1;0
287;1;32;-3.71942;1;0
288;2;32;0.63774;1;0
289;3;32;6.50741;1;0
290;4;32;-6.01066;1;0
291;5;32;2.15866;1;0
292;6;32;-0.91733;1;0
293;32;7;-5.45202;1;0
294;32;8;5.24578;1;0
295;32;9;1.64012;1;0
296;32;10;3.23836;1;0
297;32;11;-0.929169;1;0
298;0;33;2.17448;1;0
299;1;33;-1.42703;1;0
300;2;33;-7.06786;1;0
301;3;33;8.70169;1;0
302;4;33;-3.74922;1;0
303;5;33;3.03054;1;0
304;6;33;-0.368301;1;0
305;33;7;9.22562;1;0
306;33;8;7.73046;1;0
307;33;9;-8.31613;1;0
308;33;10;8.17197;1;0
309;33;11;-4.07278;1;0
310;18;34;-0.811714;1;0
311;34;34;-2.29146;1;0
312;0;34;-4.65386;1;0
313;1;34;-2.50595;1;0
314;2;34;4.2196;1;0
315;3;34;-4.62789;1;0
316;4;34;-7.37665;1;0
317;5;34;-3.44651;1;0
318;6;34;7.22427;1;0
319;34;7;4.82734;1;0
320;34;8;8.32841;1;0
321;34;9;-8.41722;1;0
322;34;10;9.01073;1;0
323;34;11;-0.337061;1;0
324;22;35;-4.89492;1;0
325;35;35;-8.90488;1;0
326;0;35;3.86692;1;0
327;1;35;3.00773;1;0
328;2;35;-2.05863;1;0
329;3;35;-7.63872;1;0
330;4;35;6.88777;1;0
331;5;35;-2.32699;1;0
332;6;35;8.01172;1;0
333;35;7;-4.37838;1;0
334;35;8;5.41137;1;0
335;35;9;0.431404;1;0
336;35;10;6.36746;1;0
337;35;11;3.08174;1;0
338;22;36;-5.09259;1;0
339;36;36;9.84941;1;0
340;0;36;-8.1417;1;0
341;1;36;0.395925;1;0
342;2;36;-3.98744;1;0
343;3;36;9.22636;1;0
344;4;36;-6.92926;1;0
345;5;36;4.96549;1;0
346;6;36;5.27131;1;0
347;36;7;-9.39771;1;0
348;36;8;-8.56375;1;0
349;36;9;7.67268;1;0
350;36;10;1.47148;1;0
351;36;11;9.71752;1;0
352;22;37;2.43127;1;0
353;37;37;1.54735;1;0
354;0;37;-0.364716;1;0
355;1;37;-7.11236;1;0
356;2;37;5.77107;1;0
357;3;37;8.97982;1;0
358;4;37;8.19478;1;0
359;5;37;9.18662;1;0
360;6;37;3.78053;1;0
361;37;7;-7.94908;1;0
362;37;8;2.65253;1;0
363;37;9;6.6574;1;0
364;37;10;-0.390683;1;0
365;37;11;-2.51631;1;0
366;28;38;-3.80928;1;0
367;38;38;-6.2708;1;0
368;0;38;1.56661;1;0
369;1;38;-9.74942;1;0
370;2;38;-6.85706;1;0
371;3;38;6.04411;1;0
372;4;38;2.75176;1;0
373;5;38;8.82772;1;0
374;6;38;-4.99562;1;0
375;38;7;9.69506;1;0
376;38;8;-5.55429;1;0
377;38;9;-1.95126;1;0
378;38;10;6.86327;1;0
379;38;11;4.81085;1;0
380;28;39;-7.40116;1;0
381;39;39;-6.04967;1;0
382;0;39;-4.41829;1;0
383;1;39;9.04395;1;0
384;2;39;5.18066;1;0
385;3;39;-2.62943;1;0
386;4;39;-7.94858;1;0
387;5;39;-3.2192;1;0
388;6;39;-0.0409431;1;0
389;39;7;8.64649;1;0
390;39;8;6.85118;1;0
391;39;9;4.557;1;0
392;39;10;0.949298;1;0
393;39;11;-7.03923;1;0
394;28;40;6.96198;1;0
395;40;40;8.27269;1;0
396;0;40;-5.6338;1;0
397;1;40;7.7328;1;0
398;2;40;-3.73351;1;0
399;3;40;-6.93057;1;0
400;4;40;-3.29126;1;0
401;5;40;-3.88035;1;0
402;6;40;-1.21743;1;0
403;40;7;-6.24411;1;0
404;40;8;-9.15376;1;0
405;40;9;1.66809;1;0
406;40;10;-6.83225;1;0
407;40;11;-6.27867;1;0
408;33;41;7.7427;1;0
409;41;41;2.37577;1;0
410;0;41;-4.12689;1;0
411;1;41;7.69289;1;0
412;2;41;0.524694;1;0
413;3;41;6.33668;1;0
414;4;41;-0.467781;1;0
415;5;41;6.34564;1;0
416;6;41;4.55345;1;0
417;41;7;-0.867727;1;0
418;41;8;-0.32157;1;0
419;41;9;-5.55353;1;0
420;41;10;6.98575;1;0
421;41;11;4.75355;1;0
422;22;42;-2.66186;1;0
423;42;42;3.23413;1;0
424;0;42;8.30559;1;0
425;1;42;-2.29851;1;0
426;2;42;-7.68039;1;0
427;3;42;-5.01903;1;0
428;4;42;4.73413;1;0
429;5;42;-1.53564;1;0
430;6;42;6.98589;1;0
431;42;7;5.58261;1;0
432;42;8;-8.85983;1;0
433;42;9;-6.32393;1;0
434;42;10;-9.69391;1;0
435;42;11;9.76063;1;0
436;33;43;-1.40561;1;0
437;41;43;-4.34756;1;0
438;43;43;-8.86065;1;0
439;0;43;1.27492;1;0
440;1;43;-8.95476;1;0
441;2;43;-2.25098;1;0
442;3;43;1.95924;1;0
443;4;43;-9.53236;1;0
444;5;43;-3.56391;1;0
445;6;43;-2.99107;1;0
446;43;7;4.43121;1;0
447;43;8;3.61793;1;0
448;43;9;8.70923;1;0
449;43;10;2.52469;1;0
450;43;11;0.139037;1;0
451;33;44;7.11299;1;0
452;41;44;-3.4808;1;0
453;44;44;9.0024;1;0
454;0;44;-3.09242;1;0
455;1;44;9.89128;1;0
456;2;44;8.93417;1;0
457;3;44;-1.30891;1;0
458;4;44;2.8859;1;0
459;5;44;-2.88421;1;0
460;6;44;0.332326;1;0
461;44;7;3.70551;1;0
462;44;8;3.69474;1;0
463;44;9;4.41349;1;0
464;44;10;-6.99681;1;0
465;44;11;-8.17415;1;0
466;28;45;3.76309;1;0
467;45;45;-1.0655;1;0
468;0;45;3.61534;1;0
469;1;45;1.57512;1;0
470;2;45;-5.51557;1;0
471;3;45;-2.32149;1;0
472;4;45;-2.22371;1;0
473;5;45;-1.70926;1;0
474;6;45;4.7688;1;0
475;45;7;-9.33701;1;0
476;45;8;8.58468;1;0
477;45;9;1.22843;1;0
478;45;10;3.15628;1;0
479;45;11;1.64833;1;0
480;28;46;-2.94077;1;0
481;46;46;0.271647;1;0
482;0;46;4.42309;1;0
483;1;46;5.01314;1;0
484;2;46;-4.72549;1;0
485;3;46;-2.47177;1;0
486;4;46;6.8389;1;0
487;5;46;7.38422;1;0
488;6;46;-1.33812;1;0
489;46;7;0.184678;1;0
490;46;8;1.05216;1;0
491;46;9;6.05229;1;0
492;46;10;2.57219;1;0
493;46;11;-0.264524;1;0
494;22;47;-2.12089;1;0
495;47;47;-3.16108;1;0
496;0;47;4.10689;1;0
497;1;47;-8.20802;1;0
498;2;47;-4.7085;1;0
499;3;47;-6.93516;1;0
500;4;47;8.79357;1;0
501;5;47;4.62108;1;0
502;6;47;5.26497;1;0
503;47;7;-7.63265;1;0
504;47;8;2.23775;1;0
505;47;9;4.97573;1;0
506;47;10;3.32467;1;0
507;47;11;-6.22867;1;0
508;22;48;2.85412;1;0
509;48;48;3.01245;1;0
510;0;48;5.97675;1;0
511;1;48;-7.94342;1;0
512;2;48;-1.35716;1;0
513;3;48;-5.00127;1;0
514;4;48;-4.87756;1;0
515;5;48;-2.16804;1;0
516;6;48;0.130015;1;0
517;48;7;8.91523;1;0
518;48;8;2.26523;1;0
519;48;9;-2.50392;1;0
520;48;10;3.72128;1;0
521;48;11;-0.234043;1;0
522;22;49;1.81122;1;0
523;49;49;-6.85065;1;0
524;0;49;-6.25517;1;0
525;1;49;-1.04346;1;0
526;2;49;-7.58594;1;0
527;3;49;-6.07371;1;0
528;4;49;-8.14221;1;0
529;5;49;8.67256;1;0
530;6;49;3.73794;1;0
531;49;7;6.16631;1;0
532;49;8;1.56811;1;0
533;49;9;-5.38704;1;0
534;49;10;1.04425;1;0
535;49;11;-7.34527;1;0
536;28;50;-9.36289;1;0
537;50;50;-0.978365;1;0
538;0;50;-5.40475;1;0
539;1;50;-2.88757;1;0
540;2;50;4.61217;1;0
541;3;50;-8.37546;1;0
542;4;50;-8.26846;1;0
543;5;50;0.319206;1;0
544;6;50;5.54109;1;0
545;50;7;5.69557;1;0
546;50;8;1.48726;1;0
547;50;9;-0.8873;1;0
548;50;10;9.19865;1;0
549;50;11;4.27833;1;0
550;22;51;2.41246;1;0
551;51;51;-9.44111;1;0
552;0;51;-4.52467;1;0
553;1;51;-9.59392;1;0
554;2;51;9.14937;1;0
555;3;51;-6.21098;1;0
556;4;51;-6.91565;1;0
557;5;51;8.86915;1;0
558;6;51;5.00596;1;0
559;51;7;-7.49686;1;0
560;51;8;3.92922;1;0
561;51;9;-7.79182;1;0
562;51;10;3.29307;1;0
563;51;11;-9.87703;1;0
564;22;52;8.63685;1;0
565;48;52;-1.59274;1;0
566;52;52;3.66091;1;0
567;0;52;5.97802;1;0
568;1;52;7.70569;1;0
569;2;52;1.86893;1;0
570;3;52;0.297366;1;0
571;4;52;-8.79927;1;0
572;5;52;-6.54673;1;0
573;6;52;2.37705;1;0
574;52;7;8.68627;1;0
575;52;8;-1.906;1;0
576;52;9;-7.16312;1;0
577;52;10;-5.05658;1;0
578;52;11;0.674571;1;0
579;33;53;4.72859;1;0
580;41;53;-6.94527;1;0
581;44;53;0.681499;1;0
582;53;53;-1.35834;1;0
583;0;53;-7.08738;1;0
584;1;53;6.32567;1;0
585;2;53;-3.95153;1;0
586;3;53;-5.61548;1;0
587;4;53;4.63805;1;0
588;5;53;-5.11998;1;0
589;6;53;6.63469;1;0
590;53;7;2.57122;1;0
591;53;8;6.8043;1;0
592;53;9;6.32991;1;0
593;53;10;-5.86396;1;0
594;53;11;-4.45299;1;0
595;33;54;3.30008;1;0
596;41;54;-0.46603;1;0
597;44;54;9.41255;1;0
598;54;54;-0.418297;1;0
599;0;54;-6.4757;1;0
600;1;54;-8.49342;1;0
601;2;54;-9.98073;1;0
602;3;54;5.16423;1;0
603;4;54;-6.02973;1;0
604;5;54;9.70292;1;0
605;6;54;4.75451;1;0
606;54;7;2.27683;1;0
607;54;8;-8.97279;1;0
608;54;9;-2.08206;1;0
609;54;10;-2.44138;1;0
610;54;11;-2.58046;1;0
611;28;55;1.31412;1;0
612;55;55;-6.41108;1;0
613;0;55;4.50447;1;0
614;1;55;5.22352;1;0
615;2;55;1.19833;1;0
616;3;55;-0.890713;1;0
617;4;55;6.62598;1;0
618;5;55;-0.732483;1;0
619;6;55;-4.40692;1;0
620;55;7;9.72267;1;0
621;55;8;8.92124;1;0
622;55;9;-6.16174;1;0
623;55;10;9.16923;1;0
624;55;11;-6.61875;1;0
625;28;56;-2.41193;1;0
626;56;56;-6.58201;1;0
627;0;56;-0.522128;1;0
628;1;56;3.67529;1;0
629;2;56;-0.309183;1;0
630;3;56;6.48858;1;0
631;4;56;6.0558;1;0
632;5;56;-9.19503;1;0
633;6;56;4.72469;1;0
634;56;7;-6.16247;1;0
635;56;8;-8.03227;1;0
636;56;9;0.258591;1;0
637;56;10;3.165;1;0
638;56;11;5.24733;1;0
639;22;57;-2.93862;1;0
640;48;57;-3.26525;1;0
641;57;57;-7.63239;1;0
642;0;57;4.91437;1;0
643;1;57;-6.17787;1;0
644;2;57;-0.632242;1;0
645;3;57;7.57336;1;0
646;4;57;-3.91588;1;0
647;5;57;-5.03834;1;0
648;6;57;9.14632;1;0
649;57;7;0.230632;1;0
650;57;8;1.33623;1;0
651;57;9;-8.83477;1;0
652;57;10;-7.50788;1;0
653;57;11;4.48387;1;0
654;22;58;-0.190557;1;0
655;58;58;-7.14962;1;0
656;0;58;3.09499;1;0
657;1;58;-4.46326;1;0
658;2;58;-3.61925;1;0
659;3;58;0.590941;1;0
660;4;58;7.70606;1;0
661;5;58;5.20817;1;0
662;6;58;-1.48731;1;0
663;58;7;0.324827;1;0
664;58;8;-5.49503;1;0
665;58;9;8.881;1;0
666;58;10;-1.58722;1;0
667;58;11;-7.08563;1;0
668;22;59;7.5699;1;0
669;59;59;2.77004;1;0
670;0;59;2.64736;1;0
671;1;59;-1.24444;1;0
672;2;59;-0.656616;1;0
673;3;59;3.00521;1;0
674;4;59;-5.96509;1;0
675;5;59;-9.38627;1;0
676;6;59;-8.02824;1;0
677;59;7;1.24328;1;0
678;59;8;-1.28372;1;0
679;59;9;-1.60438;1;0
680;59;10;8.34046;1;0
681;59;11;1.71022;1;0
682;28;60;-5.16866;1;0
683;60;60;9.55675;1;0
684;0;60;-4.9385;1;0
685;1;60;6.52107;1;0
686;2;60;-5.00236;1;0
687;3;60;-4.38603;1;0
688;4;60;3.54867;1;0
689;5;60;3.74459;1;0
690;6;60;5.52386;1;0
691;60;7;5.88012;1;0
692;60;8;-0.199349;1;0
693;60;9;9.42588;1;0
694;60;10;-5.68277;1;0
695;60;11;2.89438;1;0
696;33;61;1.53535;1;0
697;41;61;6.61937;1;0
698;44;61;-5.97401;1;0
699;61;61;-6.1855;1;0
700;0;61;6.68989;1;0
701;1;61;4.42953;1;0
702;2;61;-8.3916;1;0
703;3;61;4.64089;1;0
704;4;61;1.63269;1;0
705;5;61;1.31765;1;0
706;6;61;-9.78238;1;0
707;61;7;9.22451;1;0
708;61;8;0.666931;1;0
709;61;9;7.40181;1;0
710;61;10;4.88526;1;0
711;61;11;9.22221;1;0
712;22;62;-4.07948;1;0
713;62;62;-3.05546;1;0
714;0;62;1.31087;1;0
715;1;62;4.01187;1;0
716;2;62;0.119729;1;0
717;3;62;-9.76317;1;0
718;4;62;-0.0519905;1;0
719;5;62;0.899074;1;0
720;6;62;-7.22458;1;0
721;62;7;8.06219;1;0
722;62;8;7.25173;1;0
723;62;9;1.30976;1;0
724;62;10;-7.11761;1;0
725;62;11;-0.159484;1;0
726;22;63;-1.76926;1;0
727;58;63;-5.69052;1;0
728;63;63;0.469794;1;0
729;0;63;8.94431;1;0
730;1;63;-6.35435;1;0
731;2;63;4.23308;1;0
732;3;63;7.04093;1;0
733;4;63;3.51563;1;0
734;5;63;-9.91051;1;0
735;6;63;-2.76079;1;0
736;63;7;-8.88216;1;0
737;63;8;0.762386;1;0
738;63;9;-7.11305;1;0
739;63;10;8.95498;1;0
740;63;11;-9.46995;1;0
741;28;64;9.78643;1;0
742;64;64;-6.40861;1;0
743;0;64;3.31329;1;0
744;1;64;3.28905;1;0
745;2;64;-3.62635;1;0
746;3;64;-1.35767;1;0
747;4;64;-0.627286;1;0
748;5;64;-7.85516;1;0
749;6;64;-3.04281;1;0
750;64;7;-9.2807;1;0
751;64;8;7.05984;1;0
752;64;9;-7.1963;1;0
753;64;10;0.949135;1;0
754;64;11;4.2119;1;0
755;28;65;1.77499;1;0
756;65;65;-8.22089;1;0
757;0;65;-8.43954;1;0
758;1;65;2.5435;1;0
759;2;65;-3.99325;1;0
760;3;65;-8.16295;1;0
761;4;65;6.83804;1;0
762;5;65;-5.48556;1;0
763;6;65;-2.61766;1;0
764;65;7;2.10545;1;0
765;65;8;5.19572;1;0
766;65;9;-6.97792;1;0
767;65;10;5.59715;1;0
768;65;11;-4.49375;1;0
769;28;66;-0.48618;1;0
770;66;66;-7.41715;1;0
771;0;66;-5.77096;1;0
772;1;66;8.99637;1;0
773;2;66;-2.68599;1;0
774;3;66;-4.4019;1;0
775;4;66;9.03894;1;0
776;5;66;-9.75685;1;0
777;6;66;6.30481;1;0
778;66;7;4.52979;1;0
779;66;8;7.54327;1;0
780;66;9;-2.37477;1;0
781;66;10;8.87364;1;0
782;66;11;0.414799;1;0
783;33;67;9.98065;1;0
784;41;67;-3.79417;1;0
785;44;67;9.97446;1;0
786;67;67;2.83462;1;0
787;0;67;9.40772;1;0
788;1;67;2.61606;1;0
789;2;67;-0.169731;1;0
790;3;67;-9.55928;1;0
791;4;67;-4.04178;1;0
792;5;67;1.94077;1;0
793;6;67;2.8741;1;0
794;67;7;5.17859;1;0
795;67;8;7.56857;1;0
796;67;9;9.7141;1;0
797;67;10;-1.62647;1;0
798;67;11;-1.22219;1;0
799;22;68;-9.66746;1;0
800;59;68;-6.30903;1;0
801;68;68;-5.41514;1;0
802;0;68;-1.94017;1;0
803;1;68;3.92379;1;0
804;2;68;7.53062;1;0
805;3;68;-2.62592;1;0
806;4;68;6.71;1;0
807;5;68;-8.96103;1;0
808;6;68;-3.03404;1;0
809;68;7;1.56371;1;0
810;68;8;2.57069;1;0
811;68;9;-8.01529;1;0
812;68;10;-7.73896;1;0
813;68;11;3.36282;1;0
814;22;69;6.94257;1;0
815;59;69;-9.71197;1;0
816;69;69;2.00973;1;0
817;0;69;-5.03374;1;0
818;1;69;-3.40084;1;0
819;2;69;8.50537;1;0
820;3;69;-5.74651;1;0
821;4;69;-1.11573;1;0
822;5;69;-7.57603;1;0
823;6;69;-2.44252;1;0
824;69;7;3.85072;1;0
825;69;8;2.70133;1;0
826;69;9;-0.0921439;1;0
827;69;10;-3.14246;1;0
828;69;11;-1.9312;1;0
829;33;70;-6.92374;1;0
830;41;70;-2.51778;1;0
831;44;70;4.04979;1;0
832;70;70;8.17169;1;0
833;0;70;-3.47551;1;0
834;1;70;0.781341;1;0
835;2;70;5.87564;1;0
836;3;70;-3.73693;1;0
837;4;70;9.44382;1;0
838;5;70;-9.85076;1;0
839;6;70;2.2867;1;0
840;70;7;2.08204;1;0
841;70;8;-4.58879;1;0
842;70;9;-1.34268;1;0
843;70;10;-3.94981;1;0
844;70;11;3.95041;1;0
845;33;71;6.47701;1;0
846;41;71;6.51557;1;0
847;44;71;-6.56186;1;0
848;71;71;-5.27715;1;0
849;0;71;-6.76103;1;0
850;1;71;-5.12696;1;0
851;2;71;-4.27779;1;0
852;3;71;-8.66602;1;0
853;4;71;-0.351442;1;0
854;5;71;-6.70809;1;0
855;6;71;-8.60633;1;0
856;71;7;-6.72981;1;0
857;71;8;4.35006;1;0
858;71;9;-7.28483;1;0
859;71;10;4.55274;1;0
860;71;11;0.484958;1;0
861;33;72;-6.88672;1;0
862;41;72;-1.26393;1;0
863;44;72;-4.92011;1;0
864;72;72;-9.683;1;0
865;0;72;6.13157;1;0
866;1;72;9.60654;1;0
867;2;72;-2.53814;1;0
868;3;72;5.39436;1;0
869;4;72;1.26678;1;0
870;5;72;8.37824;1;0
871;6;72;7.08439;1;0
872;72;7;8.45933;1;0
873;72;8;6.64453;1;0
874;72;9;0.0555743;1;0
875;72;10;-7.66623;1;0
876;72;11;2.85088;1;0
877;22;73;8.64782;1;0
878;59;73;9.10257;1;0
879;73;73;9.30572;1;0
880;0;73;1.09114;1;0
881;1;73;-6.74829;1;0
882;2;73;-8.26852;1;0
883;3;73;-1.81047;1;0
884;4;73;8.5523;1;0
885;5;73;-3.42966;1;0
886;6;73;-4.4139;1;0
887;73;7;-8.5991;1;0
888;73;8;-2.11718;1;0
889;73;9;3.9401;1;0
890;73;10;-9.11297;1;0
891;73;11;-9.29302;1;0
892;28;74;0.87138;1;0
893;74;74;-0.976318;1;0
894;0;74;3.20542;1;0
895;1;74;-4.13186;1;0
896;2;74;3.82711;1;0
897;3;74;6.11799;1;0
898;4;74;-3.3574;1;0
899;5;74;0.518002;1;0
900;6;74;3.69206;1;0
901;74;7;-4.52687;1;0
902;74;8;9.16504;1;0
903;74;9;-0.0535065;1;0
904;74;10;-6.67778;1;0
905;74;11;5.54092;1;0
906;22;75;-7.56177;1;0
907;58;75;5.83288;1;0
908;63;75;1.40374;1;0
909;75;75;-4.02474;1;0
910;0;75;6.47079;1;0
911;1;75;-8.95089;1;0
912;2;75;-3.29407;1;0
913;3;75;1.70372;1;0
914;4;75;-5.87601;1;0
915;5;75;-5.89236;1;0
916;6;75;-4.2926;1;0
917;75;7;3.99598;1;0
918;75;8;-9.59397;1;0
919;75;9;2.46014;1;0
920;75;10;6.15334;1;0
921;75;11;0.733018;1;0
922;28;76;-6.86469;1;0
923;76;76;-9.16378;1;0
924;0;76;-7.12271;1;0
925;1;76;4.0108;1;0
926;2;76;-9.43251;1;0
927;3;76;8.21212;1;0
928;4;76;-4.09031;1;0
929;5;76;3.7143;1;0
930;6;76;-8.57145;1;0
931;76;7;-7.56906;1;0
932;76;8;0.143507;1;0
933;76;9;6.3736;1;0
934;76;10;6.97656;1;0
935;76;11;-9.69353;1;0
936;28;77;-4.01863;1;0
937;77;77;-7.50727;1;0
938;0;77;-5.36114;1;0
939;1;77;-3.57188;1;0
940;2;77;4.53287;1;0
941;3;77;-7.00643;1;0
942;4;77;-8.72954;1;0
943;5;77;1.03652;1;0
944;6;77;-3.94213;1;0
945;77;7;3.88056;1;0
946;77;8;-4.83533;1;0
947;77;9;-3.39332;1;0
948;77;10;6.16439;1;0
949;77;11;-8.35014;1;0
950;28;78;-2.32827;1;0
951;78;78;-1.8266;1;0
952;0;78;0.0784051;1;0
953;1;78;6.97957;1;0
954;2;78;-9.90708;1;0
955;3;78;9.88636;1;0
956;4;78;5.92616;1;0
957;5;78;-0.256804;1;0
958;6;78;8.88153;1;0
959;78;7;-0.328057;1;0
960;78;8;-7.41847;1;0
961;78;9;-8.9051;1;0
962;78;10;-3.84221;1;0
963;78;11;-6.64128;1;0
964;28;79;-6.3809;1;0
965;79;79;2.34031;1;0
966;0;79;2.82115;1;0
967;1;79;3.04547;1;0
968;2;79;-2.17497;1;0
969;3;79;-4.82648;1;0
970;4;79;6.18864;1;0
971;5;79;8.33753;1;0
972;6;79;5.59625;1;0
973;79;7;9.27808;1;0
974;79;8;-6.51691;1;0
975;79;9;5.46099;1;0
976;79;10;-4.87795;1;0
977;79;11;6.22193;1;0
978;28;80;-0.792312;1;0
979;80;80;6.43518;1;0
980;0;80;4.37591;1;0
981;1;80;2.91445;1;0
982;2;80;6.63582;1;0
983;3;80;2.1454;1;0
984;4;80;-6.66319;1;0
985;5;80;-7.36899;1;0
986;6;80;-2.04614;1;0
987;80;7;0.687256;1;0
988;80;8;5.0706;1;0
989;80;9;-8.13947;1;0
990;80;10;6.78339;1;0
991;80;11;-4.58007;1;0
992;33;81;5.02428;1;0
993;41;81;-0.839988;1;0
994;44;81;0.519169;1;0
995;81;81;7.31094;1;0
996;0;81;4.13898;1;0
997;1;81;-3.09157;1;0
998;2;81;4.76993;1;0
999;3;81;9.63595;1;0
1000;4;81;9.86043;1;0
1001;5;81;6.03525;1;0
1002;6;81;2.50788;1;0
1003;81;7;7.92964;1;0
1004;81;8;2.64732;1;0
1005;81;9;0.705601;1;0
1006;81;10;-5.31893;1;0
1007;81;11;9.44457;1;0
1008;22;82;8.37903;1;0
1009;58;82;-5.70967;1;0
1010;82;82;-9.00678;1;0
1011;0;82;-2.3889;1;0
1012;1;82;-6.41617;1;0
1013;2;82;5.92576;1;0
1014;3;82;-8.83631;1;0
1015;4;82;6.18401;1;0
1016;5;82;9.38192;1;0
1017;6;82;8.86451;1;0
1018;82;7;-8.47605;1;0
1019;82;8;5.93405;1;0
1020;82;9;6.80565;1;0
1021;82;10;-7.01929;1;0
1022;82;11;-6.3651;1;0
1023;33;83;7.33792;1;0
1024;41;83;3.96626;1;0
1025;44;83;-9.17246;1;0
1026;83;83;6.38293;1;0
1027;0;83;7.35781;1;0
1028;1;83;7.67638;1;0
1029;2;83;8.59017;1;0
1030;3;83;-8.40577;1;0
1031;4;83;-8.91784;1;0
1032;5;83;2.50004;1;0
1033;6;83;-6.10474;1;0
1034;83;7;9.33973;1;0
1035;83;8;-3.52316;1;0
1036;83;9;5.79815;1;0
1037;83;10;3.4368;1;0
1038;83;11;-5.57878;1;0
1039;22;84;6.27971;1;0
1040;58;84;8.31007;1;0
1041;82;84;1.71517;1;0
1042;84;84;-8.14517;1;0
1043;0;84;6.27916;1;0
1044;1;84;-6.44323;1;0
1045;2;84;9.26534;1;0
1046;3;84;8.79494;1;0
1047;4;84;-1.67355;1;0
1048;5;84;-8.05179;1;0
1049;6;84;-3.3061;1;0
1050;84;7;8.7785;1;0
1051;84;8;0.142612;1;0
1052;84;9;0.190482;1;0
1053;84;10;-6.69491;1;0
1054;84;11;-0.35741;1;0
1055;22;85;-7.0547;1;0
1056;59;85;0.857;1;0
1057;85;85;-8.92023;1;0
1058;0;85;-6.2524;1;0
1059;1;85;1.16085;1;0
1060;2;85;-7.24814;1;0
1061;3;85;-0.0595267;1;0
1062;4;85;-4.03348;1;0
1063;5;85;8.21338;1;0
1064;6;85;-3.03016;1;0
1065;85;7;-5.74878;1;0
1066;85;8;-9.82429;1;0
1067;85;9;8.70517;1;0
1068;85;10;5.49518;1;0
1069;85;11;0.580454;1;0
1070;33;86;-2.60999;1;0
1071;41;86;9.69514;1;0
1072;44;86;-7.15021;1;0
1073;86;86;5.95803;1;0
1074;0;86;-4.07632;1;0
1075;1;86;-5.06381;1;0
1076;2;86;-0.737358;1;0
1077;3;86;-5.0175;1;0
1078;4;86;-5.73267;1;0
1079;5;86;-0.168601;1;0
1080;6;86;4.31546;1;0
1081;86;7;4.18213;1;0
1082;86;8;9.20925;1;0
1083;86;9;2.65791;1;0
1084;86;10;-1.93647;1;0
1085;86;11;-8.50582;1;0
1086;22;87;0.798035;1;0
1087;58;87;-1.31257;1;0
1088;82;87;-7.78131;1;0
1089;84;87;7.78308;1;0
1090;87;87;-7.95878;1;0
1091;0;87;1.62537;1;0
1092;1;87;3.09697;1;0
1093;2;87;8.44303;1;0
1094;3;87;7.41662;1;0
1095;4;87;5.57162;1;0
1096;5;87;1.04982;1;0
1097;6;87;-7.94474;1;0
1098;87;7;-2.78146;1;0
1099;87;8;3.65273;1;0
1100;87;9;-5.12307;1;0
1101;87;10;-2.28033;1;0
1102;87;11;-1.81441;1;0
1103;22;88;9.27;1;0
1104;59;88;4.58428;1;0
1105;88;88;-7.12235;1;0
1106;0;88;-6.25545;1;0
1107;1;88;6.62587;1;0
1108;2;88;-1.36382;1;0
1109;3;88;-2.34995;1;0
1110;4;88;-9.76732;1;0
1111;5;88;5.73438;1;0
1112;6;88;-0.958718;1;0
1113;88;7;-0.38538;1;0
1114;88;8;4.07745;1;0
1115;88;9;8.57193;1;0
1116;88;10;9.39876;1;0
1117;88;11;2.72433;1;0
1118;28;89;6.75813;1;0
1119;89;89;9.96834;1;0
1120;0;89;-7.69808;1;0
1121;1;89;1.69356;1;0
1122;2;89;0.319941;1;0
1123;3;89;7.35409;1;0
1124;4;89;5.385;1;0
1125;5;89;3.86411;1;0
1126;6;89;4.63347;1;0
1127;89;7;7.89267;1;0
1128;89;8;-9.01879;1;0
1129;89;9;-7.01206;1;0
1130;89;10;5.05558;1;0
1131;89;11;4.56303;1;0
1132;22;90;-1.86383;1;0
1133;58;90;5.14134;1;0
1134;90;90;-6.67658;1;0
1135;0;90;6.19499;1;0
1136;1;90;-5.9907;1;0
1137;2;90;7.25459;1;0
1138;3;90;7.77716;1;0
1139;4;90;5.96501;1;0
1140;5;90;4.63646;1;0
1141;6;90;8.79835;1;0
1142;90;7;9.04853;1;0
1143;90;8;4.04989;1;0
1144;90;9;-2.64091;1;0
1145;90;10;-9.90492;1;0
1146;90;11;2.0852;1;0
1147;28;91;1.08714;1;0
1148;91;91;2.76192;1;0
1149;0;91;-9.15626;1;0
1150;1;91;-8.29941;1;0
1151;2;91;-7.66988;1;0
1152;3;91;3.21034;1;0
1153;4;91;-7.9388;1;0
1154;5;91;0.065916;1;0
1155;6;91;-4.3907;1;0
1156;91;7;6.03573;1;0
1157;91;8;-8.62851;1;0
1158;91;9;-6.51213;1;0
1159;91;10;0.192489;1;0
1160;91;11;-9.38232;1;0
1161;28;92;-8.95539;1;0
1162;92;92;-0.801884;1;0
1163;0;92;9.38584;1;0
1164;1;92;-8.04003;1;0
1165;2;92;7.67947;1;0
1166;3;92;-8.19425;1;0
1167;4;92;-2.32874;1;0
1168;5;92;-8.24713;1;0
1169;6;92;-4.86221;1;0
1170;92;7;-7.73253;1;0
1171;92;8;9.38124;1;0
1172;92;9;-8.13238;1;0
1173;92;10;-7.31655;1;0
1174;92;11;0.978729;1;0
1175;28;93;-9.21927;1;0
1176;93;93;-0.925692;1;0
1177;0;93;9.47153;1;0
1178;1;93;2.86871;1;0
1179;2;93;-9.91123;1;0
1180;3;93;4.96202;1;0
1181;4;93;-1.17904;1;0
1182;5;93;7.51955;1;0
1183;6;93;6.21072;1;0
1184;93;7;8.41632;1;0
1185;93;8;7.65588;1;0
1186;93;9;-4.18011;1;0
1187;93;10;0.89552;1;0
1188;93;11;-3.62369;1;0
1189;28;94;9.22864;1;0
1190;94;94;-3.39899;1;0
1191;0;94;-2.31591;1;0
1192;1;94;5.55207;1;0
1193;2;94;-3.33821;1;0
1194;3;94;3.03327;1;0
1195;4;94;-7.25123;1;0
1196;5;94;9.06537;1;0
1197;6;94;-1.31889;1;0
1198;94;7;-3.92789;1;0
1199;94;8;6.58537;1;0
1200;94;9;-1.12008;1;0
1201;94;10;5.74335;1;0
1202;94;11;-0.0835041;1;0
1203;28;95;2.46659;1;0
1204;95;95;-9.81271;1;0
1205;0;95;-8.05714;1;0
1206;1;95;9.91304;1;0
1207;2;95;-0.210262;1;0
1208;3;95;5.06883;1;0
1209;4;95;2.45853;1;0
1210;5;95;7.36645;1;0
1211;6;95;4.17634;1;0
1212;95;7;-6.60598;1;0
1213;95;8;5.28228;1;0
1214;95;9;-6.83803;1;0
1215;95;10;6.31953;1;0
1216;95;11;4.18504;1;0
1217;22;96;4.46963;1;0
1218;59;96;6.93805;1;0
1219;96;96;-4.03974;1;0
1220;0;96;8.20172;1;0
1221;1;96;-4.71011;1;0
1222;2;96;2.33351;1;0
1223;3;96;5.05007;1;0
1224;4;96;2.6319;1;0
1225;5;96;-4.62399;1;0
1226;6;96;-0.235905;1;0
1227;96;7;4.21217;1;0
1228;96;8;-7.66409;1;0
1229;96;9;-0.630345;1;0
1230;96;10;-4.87827;1;0
1231;96;11;-5.53132;1;0
1232;33;97;-4.31491;1;0
1233;41;97;-3.94835;1;0
1234;44;97;1.56788;1;0
1235;97;97;4.29747;1;0
1236;0;97;5.48347;1;0
1237;1;97;-5.06412;1;0
1238;2;97;4.35375;1;0
1239;3;97;-2.67867;1;0
1240;4;97;-5.20462;1;0
1241;5;97;-6.81892;1;0
1242;6;97;-3.36246;1;0
1243;97;7;-5.37988;1;0
1244;97;8;5.3415;1;0
1245;97;9;-2.04184;1;0
1246;97;10;-8.58999;1;0
1247;97;11;4.81732;1;0
1248;33;98;-2.21671;1;0
1249;41;98;5.34562;1;0
1250;44;98;-6.94172;1;0
1251;98;98;0.124903;1;0
1252;0;98;2.32286;1;0
1253;1;98;-6.24997;1;0
1254;2;98;-4.48857;1;0
1255;3;98;-8.01732;1;0
1256;4;98;-6.27467;1;0
1257;5;98;-5.59538;1;0
1258;6;98;8.72809;1;0
1259;98;7;0.438852;1;0
1260;98;8;7.01253;1;0
1261;98;9;-8.36228;1;0
1262;98;10;5.6624;1;0
1263;98;11;8.89;1;0
1264;22;99;3.51943;1;0
1265;59;99;-5.29174;1;0
1266;99;99;5.07155;1;0
1267;0;99;-5.25148;1;0
1268;1;99;-6.19652;1;0
1269;2;99;-4.76935;1;0
1270;3;99;-2.39639;1;0
1271;4;99;1.57862;1;0
1272;5;99;9.71295;1;0
1273;6;99;5.76754;1;0
1274;99;7;2.68646;1;0
1275;99;8;-8.38865;1;0
1276;99;9;9.71384;1;0
1277;99;10;7.50934;1;0
1278;99;11;3.24998;1;0
1279;22;100;5.97584;1;0
1280;59;100;7.40624;1;0
1281;100;100;4.84046;1;0
1282;0;100;-9.70524;1;0
1283;1;100;-2.15743;1;0
1284;2;100;5.71369;1;0
1285;3;100;-7.99966;1;0
1286;4;100;-2.63757;1;0
1287;5;100;-7.34543;1;0
1288;6;100;0.136497;1;0
1289;100;7;9.18857;1;0
1290;100;8;-5.79756;1;0
1291;100;9;-6.51881;1;0
1292;100;10;5.21054;1;0
1293;100;11;7.1644;1;0
1294;33;101;6.9947;1;0
1295;41;101;-1.42581;1;0
1296;44;101;-1.26362;1;0
1297;97;101;9.04346;1;0
1298;101;101;-2.96348;1;0
1299;0;101;-5.39196;1;0
1300;1;101;7.09968;1;0
1301;2;101;0.313463;1;0
1302;3;101;2.61504;1;0
1303;4;101;-2.92139;1;0
1304;5;101;5.42595;1;0
1305;6;101;-7.89455;1;0
1306;101;7;-4.40983;1;0
1307;101;8;9.92816;1;0
1308;101;9;7.11735;1;0
1309;101;10;9.9278;1;0
1310;101;11;3.23944;1;0
1311;33;102;-8.49141;1;0
1312;41;102;4.00604;1;0
1313;44;102;-9.59255;1;0
1314;97;102;-9.69092;1;0
1315;102;102;8.02867;1;0
1316;0;102;0.274195;1;0
1317;1;102;-0.737627;1;0
1318;2;102;1.38683;1;0
1319;3;102;7.12414;1;0
1320;4;102;-6.61544;1;0
1321;5;102;5.63229;1;0
1322;6;102;4.25929;1;0
1323;102;7;4.70107;1;0
1324;102;8;-5.50169;1;0
1325;102;9;-6.17413;1;0
1326;102;10;5.17579;1;0
1327;102;11;-1.0403;1;0
1328;22;103;8.72729;1;0
1329;59;103;-7.91386;1;0
1330;99;103;8.65226;1;0
1331;103;103;1.5997;1;0
1332;0;103;4.05461;1;0
1333;1;103;1.0226;1;0
1334;2;103;7.6989;1;0
1335;3;103;-7.83971;1;0
1336;4;103;0.861626;1;0
1337;5;103;-3.62578;1;0
1338;6;103;-6.36474;1;0
1339;103;7;-3.70216;1;0
1340;103;8;0.136649;1;0
1341;103;9;-4.83221;1;0
1342;103;10;7.23469;1;0
1343;103;11;1.44002;1;0
1344;33;104;1.68916;1;0
1345;41;104;6.25502;1;0
1346;44;104;2.54297;1;0
1347;104;104;5.37134;1;0
1348;0;104;-8.69574;1;0
1349;1;104;-3.8013;1;0
1350;2;104;-2.06239;1;0
1351;3;104;8.37444;1;0
1352;4;104;6.36828;1;0
1353;5;104;-8.67002;1;0
1354;6;104;0.828565;1;0
1355;104;7;4.92256;1;0
1356;104;8;1.49292;1;0
1357;104;9;-0.563287;1;0
1358;104;10;0.0409002;1;0
1359;104;11;4.61549;1;0
1360;33;105;6.34406;1;0
1361;41;105;-7.44663;1;0
1362;44;105;3.25621;1;0
1363;105;105;6.98735;1;0
1364;0;105;-7.47246;1;0
1365;1;105;-8.93817;1;0
1366;2;105;1.81135;1;0
1367;3;105;4.30686;1;0
1368;4;105;-2.22271;1;0
1369;5;105;-1.3031;1;0
1370;6;105;2.21091;1;0
1371;105;7;-7.01297;1;0
1372;105;8;-7.10477;1;0
1373;105;9;8.51711;1;0
1374;105;10;3.12631;1;0
1375;105;11;-9.35052;1;0
1376;22;106;-0.233648;1;0
1377;59;106;7.90258;1;0
1378;106;106;0.95124;1;0
1379;0;106;8.13681;1;0
1380;1;106;-3.53279;1;0
1381;2;106;0.568707;1;0
1382;3;106;1.8739;1;0
1383;4;106;-1.73775;1;0
1384;5;106;2.4141;1;0
1385;6;106;-3.96125;1;0
1386;106;7;-1.56508;1;0
1387;106;8;9.63547;1;0
1388;106;9;-8.54271;1;0
1389;106;10;-5.68276;1;0
1390;106;11;-4.70259;1;0
1391;22;107;5.12158;1;0
1392;59;107;-7.93102;1;0
1393;106;107;6.63967;1;0
1394;107;107;2.56563;1;0
1395;0;107;1.93392;1;0
1396;1;107;-8.1997;1;0
1397;2;107;-0.695013;1;0
1398;3;107;-3.66886;1;0
1399;4;107;-3.95205;1;0
1400;5;107;7.4328;1;0
1401;6;107;-5.17305;1;0
1402;107;7;6.91827;1;0
1403;107;8;-0.473756;1;0
1404;107;9;-2.36762;1;0
1405;107;10;-0.403308;1;0
1406;107;11;-5.01281;1;0
1407;22;108;-1.53139;1;0
1408;59;108;-4.85896;1;0
1409;106;108;8.37794;1;0
1410;107;108;-6.35803;1;0
1411;108;108;9.04821;1;0
1412;0;108;5.41914;1;0
1413;1;108;9.38566;1;0
1414;2;108;-8.91041;1;0
1415;3;108;-5.36903;1;0
1416;4;108;5.18148;1;0
1417;5;108;6.89761;1;0
1418;6;108;-1.10326;1;0
1419;108;7;-1.05;1;0
1420;108;8;-1.26272;1;0
1421;108;9;-5.91331;1;0
1422;108;10;3.04626;1;0
1423;108;11;9.46539;1;0
1424;33;109;-0.810888;1;0
1425;41;109;-4.77832;1;0
1426;44;109;3.98816;1;0
1427;105;109;-6.42614;1;0
1428;109;109;-4.08185;1;0
1429;0;109;5.79408;1;0
1430;1;109;-4.28591;1;0
1431;2;109;4.7118;1;0
1432;3;109;-7.00877;1;0
1433;4;109;0.793828;1;0
1434;5;109;1.11039;1;0
1435;6;109;-8.56731;1;0
1436;109;7;8.91746;1;0
1437;109;8;9.16007;1;0
1438;109;9;7.88252;1;0
1439;109;10;5.30217;1;0
1440;109;11;-9.93597;1;0
1441;22;110;-1.56418;1;0
1442;59;110;-9.24835;1;0
1443;99;110;3.50281;1;0
1444;110;110;1.03379;1;0
1445;0;110;-3.84975;1;0
1446;1;110;4.59296;1;0
1447;2;110;-9.97296;1;0
1448;3;110;0.957824;1;0
1449;4;110;4.66273;1;0
1450;5;110;-3.9087;1;0
1451;6;110;-8.90111;1;0
1452;110;7;0.426978;1;0
1453;110;8;8.62947;1;0
1454;110;9;-5.51917;1;0
1455;110;10;4.78287;1;0
1456;110;11;-0.329775;1;0
1457;28;111;0.247284;1;0
1458;111;111;2.62459;1;0
1459;0;111;-5.83014;1;0
1460;1;111;-3.8003;1;0
1461;2;111;4.72767;1;0
1462;3;111;-3.2723;1;0
1463;4;111;6.19606;1;0
1464;5;111;-5.91544;1;0
1465;6;111;5.97132;1;0
1466;111;7;9.33221;1;0
1467;111;8;-2.54104;1;0
1468;111;9;0.758766;1;0
1469;111;10;5.98291;1;0
1470;111;11;-1.07748;1;0
1471;28;112;-5.61169;1;0
1472;112;112;-8.64735;1;0
1473;0;112;8.24764;1;0
1474;1;112;0.863605;1;0
1475;2;112;7.82093;1;0
1476;3;112;-5.41425;1;0
1477;4;112;6.29687;1;0
1478;5;112;4.77274;1;0
1479;6;112;-8.59452;1;0
1480;112;7;-0.366944;1;0
1481;112;8;4.50881;1;0
1482;112;9;2.03802;1;0
1483;112;10;2.0912;1;0
1484;112;11;-7.60107;1;0
1485;33;113;4.85044;1;0
1486;41;113;-4.28847;1;0
1487;44;113;1.1394;1;0
1488;105;113;-0.633513;1;0
1489;113;113;9.38045;1;0
1490;0;113;9.79807;1;0
1491;1;113;2.79197;1;0
1492;2;113;4.40646;1;0
1493;3;113;-1.00869;1;0
1494;4;113;9.39693;1;0
1495;5;113;-4.42171;1;0
1496;6;113;-6.46354;1;0
1497;113;7;-5.71387;1;0
1498;113;8;-4.92277;1;0
1499;113;9;-8.2048;1;0
1500;113;10;-2.22417;1;0
1501;113;11;-9.32536;1;0
1502;28;114;-9.95471;1;0
1503;114;114;8.55371;1;0
1504;0;114;-6.60051;1;0
1505;1;114;-3.27774;1;0
1506;2;114;-3.49965;1;0
1507;3;114;-6.93791;1;0
1508;4;114;-0.736805;1;0
1509;5;114;-8.1721;1;0
1510;6;114;-6.51479;1;0
1511;114;7;-7.04177;1;0
1512;114;8;9.50488;1;0
1513;114;9;4.89241;1;0
1514;114;10;7.99393;1;0
1515;114;11;-6.26258;1;0
1516;33;115;2.05463;1;0
1517;41;115;-3.64687;1;0
1518;44;115;-9.75234;1;0
1519;105;115;9.53273;1;0
1520;115;115;-0.349727;1;0
1521;0;115;-1.46529;1;0
1522;1;115;9.90557;1;0
1523;2;115;-7.49636;1;0
1524;3;115;6.02982;1;0
1525;4;115;-9.02279;1;0
1526;5;115;-0.289007;1;0
1527;6;115;-2.13466;1;0
1528;115;7;5.73982;1;0
1529;115;8;4.49714;1;0
1530;115;9;-7.58613;1;0
1531;115;10;6.73458;1;0
1532;115;11;-9.25007;1;0
1533;33;116;7.99152;1;0
1534;41;116;-9.60025;1;0
1535;44;116;-0.904886;1;0
1536;105;116;3.10728;1;0
1537;116;116;9.10906;1;0
1538;0;116;-4.70772;1;0
1539;1;116;7.66628;1;0
1540;2;116;-5.20069;1;0
1541;3;116;-8.1998;1;0
1542;4;116;9.49197;1;0
1543;5;116;-5.75745;1;0
1544;6;116;2.92372;1;0
1545;116;7;9.66591;1;0
1546;116;8;-6.8453;1;0
1547;116;9;-3.82179;1;0
1548;116;10;9.11505;1;0
1549;116;11;-3.86606;1;0
1550;28;117;-0.512375;1;0
1551;112;117;-3.65961;1;0
1552;117;117;-5.02607;1;0
1553;0;117;2.85438;1;0
1554;1;117;-8.22234;1;0
1555;2;117;6.57187;1;0
1556;3;117;-3.24562;1;0
1557;4;117;-0.221891;1;0
1558;5;117;-3.42291;1;0
1559;6;117;-2.77085;1;0
1560;117;7;0.461383;1;0
1561;117;8;2.35318;1;0
1562;117;9;-4.13412;1;0
1563;117;10;-8.41936;1;0
1564;117;11;1.87509;1;0
1565;28;118;0.983804;1;0
1566;118;118;-6.95346;1;0
1567;0;118;-3.26744;1;0
1568;1;118;8.88496;1;0
1569;2;118;-0.0213878;1;0
1570;3;118;-1.40177;1;0
1571;4;118;1.54627;1;0
1572;5;118;9.89909;1;0
1573;6;118;1.07477;1;0
1574;118;7;0.717941;1;0
1575;118;8;2.39006;1;0
1576;118;9;-4.61648;1;0
1577;118;10;7.19913;1;0
1578;118;11;2.8462;1;0
1579;22;119;2.65091;1;0
1580;59;119;-0.605475;1;0
1581;99;119;5.37344;1;0
1582;119;119;3.56625;1;0
1583;0;119;4.88037;1;0
1584;1;119;8.44146;1;0
1585;2;119;5.60236;1;0
1586;3;119;8.86733;1;0
1587;4;119;-0.360792;1;0
1588;5;119;7.02727;1;0
1589;6;119;5.927;1;0
1590;119;7;-0.380662;1;0
1591;119;8;0.192786;1;0
1592;119;9;4.34164;1;0
1593;119;10;-4.16251;1;0
1594;119;11;5.15882;1;0
1595;33;120;6.7136;1;0
1596;41;120;-1.25745;1;0
1597;44;120;7.74249;1;0
1598;105;120;-2.4317;1;0
1599;120;120;-8.70171;1;0
1600;0;120;6.92926;1;0
1601;1;120;-4.52067;1;0
1602;2;120;2.85595;1;0
1603;3;120;2.9369;1;0
1604;4;120;-7.28411;1;0
1605;5;120;3.01925;1;0
1606;6;120;6.97293;1;0
1607;120;7;-1.26474;1;0
1608;120;8;3.70039;1;0
1609;120;9;1.17894;1;0
1610;120;10;-1.17265;1;0
1611;120;11;3.8495;1;0
0
22
22
128.891;29.2751
92
0;0;7;10.6658;1;1
1;0;8;7.8757;1;1
2;0;9;-3.55462;1;1
3;0;10;-11.744;1;1
4;0;11;5.78809;1;1
5;1;7;-3.38629;1;1
6;1;8;14.0484;1;1
7;1;9;5.55279;1;1
8;1;10;1.01322;1;1
9;1;11;8.68363;1;1
10;2;7;-2.22482;1;1
11;2;8;-13.1555;1;1
12;2;9;8.44516;1;1
13;2;10;-12.2816;1;1
14;2;11;-2.44117;1;1
15;3;7;7.83949;1;1
16;3;8;1.60129;1;1
17;3;9;-2.94384;1;1
18;3;10;7.44959;1;1
19;3;11;3.17166;1;1
20;4;7;-1.8595;1;1
21;4;8;-3.30393;1;1
22;4;9;15.5883;1;1
23;4;10;1.2692;1;1
24;4;11;0.30828;1;1
25;5;7;-1.50415;1;1
26;5;8;-7.29688;1;1
27;5;9;1.11279;1;1
28;5;10;-7.71777;1;1
29;5;11;1.31839;1;1
30;6;7;-0.191;1;1
31;6;8;-3.20414;1;1
32;6;9;-4.32361;1;1
33;6;10;-6.03146;1;1
34;6;11;7.82784;1;1
298;0;33;-0.797594;1;1
299;1;33;-4.70391;1;1
300;2;33;-1.05957;1;1
301;3;33;7.38464;1;1
302;4;33;-0.733693;1;1
303;5;33;-0.258248;1;1
304;6;33;2.73236;1;1
305;33;7;-0.758028;1;1
306;33;8;-8.44597;1;1
307;33;9;-0.54387;1;1
308;33;10;-2.11903;1;1
309;33;11;-2.86398;1;1
408;33;41;7.7427;1;1
409;41;41;2.37577;1;1
410;0;41;-4.12689;1;1
411;1;41;7.69289;1;1
412;2;41;0.524694;1;1
413;3;41;6.33668;1;1
414;4;41;-0.467781;1;1
415;5;41;6.34564;1;1
416;6;41;4.55345;1;1
417;41;7;-0.867727;1;1
418;41;8;-0.32157;1;1
419;41;9;-5.55353;1;1
420;41;10;6.98575;1;1
421;41;11;4.75355;1;1
451;33;44;-3.76266;1;1
452;41;44;4.14832;1;1
453;44;44;-1.52913;1;1
454;0;44;-0.146479;1;1
455;1;44;1.76593;1;1
456;2;44;5.08109;1;1
457;3;44;4.77544;1;0
458;4;44;2.65017;1;1
459;5;44;-2.58803;1;1
460;6;44;-7.81803;1;0
461;44;7;-12.4856;1;0
462;44;8;8.26532;1;1
463;44;9;-2.98864;1;0
464;44;10;-10.6013;1;1
465;44;11;-6.70481;1;1
1360;33;105;6.34406;1;0
1361;41;105;-6.0956;1;0
1362;44;105;3.14596;1;0
1363;105;105;9.05537;1;0
1364;0;105;-12.6983;1;0
1365;1;105;-13.2746;1;0
1366;2;105;-0.117417;1;0
1367;3;105;5.4504;1;0
1368;4;105;-0.466983;1;0
1369;5;105;0.77725;1;0
1370;6;105;-0.481113;1;0
1371;105;7;-9.16532;0;0
1372;105;8;-8.79349;1;0
1373;105;9;13.1185;1;0
1374;105;10;4.29436;1;0
1375;105;11;-5.54588;1;0
17.3986;0
76
0;0;7;10.6658;1;1
1;0;8;7.8757;1;1
2;0;9;-3.55462;1;1
3;0;10;-11.744;1;1
4;0;11;5.78809;1;1
5;1;7;-3.38629;1;1
6;1;8;14.0484;1;1
7;1;9;5.55279;1;1
8;1;10;1.01322;1;1
9;1;11;8.68363;1;1
10;2;7;-2.22482;1;1
11;2;8;-13.1555;1;1
12;2;9;8.44516;1;1
13;2;10;-12.2816;1;1
14;2;11;-2.44117;1;1
15;3;7;7.83949;1;1
16;3;8;1.60129;1;1
17;3;9;-2.94384;1;1
18;3;10;7.44959;1;1
19;3;11;3.17166;1;1
20;4;7;-1.8595;1;1
21;4;8;-3.30393;1;1
22;4;9;15.5883;1;1
23;4;10;1.2692;1;1
24;4;11;0.30828;1;1
25;5;7;-1.50415;1;1
26;5;8;-7.29688;1;1
27;5;9;1.11279;1;1
28;5;10;-7.71777;1;1
29;5;11;1.31839;1;1
30;6;7;-0.191;1;1
31;6;8;-3.20414;1;1
32;6;9;-4.32361;1;1
33;6;10;-6.03146;1;1
34;6;11;7.82784;1;1
298;0;33;-0.797594;1;1
299;1;33;-4.70391;1;1
300;2;33;-1.05957;1;1
301;3;33;7.38464;1;1
302;4;33;-0.733693;1;1
303;5;33;-0.258248;1;1
304;6;33;2.73236;1;1
305;33;7;-0.758028;1;1
306;33;8;-8.44597;1;1
307;33;9;-0.54387;1;1
308;33;10;-2.11903;1;1
309;33;11;-2.86398;1;1
408;33;41;7.7427;1;1
409;41;41;2.37577;1;1
410;0;41;-4.12689;1;1
411;1;41;7.69289;1;1
412;2;41;0.524694;1;1
413;3;41;6.33668;1;1
414;4;41;-0.467781;1;1
415;5;41;6.34564;1;1
416;6;41;4.55345;1;1
417;41;7;-0.867727;1;1
418;41;8;-0.32157;1;1
419;41;9;-5.55353;1;1
420;41;10;6.98575;1;1
421;41;11;4.75355;1;1
451;33;44;-2.79303;1;0
452;41;44;6.62191;1;0
453;44;44;-0.621693;1;0
454;0;44;-4.242;1;0
455;1;44;1.76593;1;0
456;2;44;7.5144;1;0
457;3;44;2.21381;1;0
458;4;44;5.24221;1;0
459;5;44;-7.25406;1;0
460;6;44;-12.2294;1;0
461;44;7;4.12891;1;0
462;44;8;7.57222;1;0
463;44;9;7.85901;1;0
464;44;10;-7.71098;1;0
465;44;11;-7.04149;1;0
17.3986;0
92
0;0;7;10.6658;1;1
1;0;8;7.8757;1;1
2;0;9;-3.55462;1;1
3;0;10;-11.744;1;1
4;0;11;5.78809;1;1
5;1;7;-3.38629;1;1
6;1;8;14.0484;1;1
7;1;9;5.55279;1;1
8;1;10;1.01322;1;1
9;1;11;8.68363;1;1
10;2;7;-2.22482;1;1
11;2;8;-13.1555;1;1
12;2;9;8.44516;1;1
13;2;10;-12.2816;1;1
14;2;11;-2.44117;1;1
15;3;7;7.83949;1;1
16;3;8;1.60129;1;1
17;3;9;-2.94384;1;1
18;3;10;7.44959;1;1
19;3;11;3.17166;1;1
20;4;7;-1.8595;1;1
21;4;8;-3.30393;1;1
22;4;9;15.5883;1;1
23;4;10;1.2692;1;1
24;4;11;0.30828;1;1
25;5;7;-1.50415;1;1
26;5;8;-7.29688;1;1
27;5;9;1.11279;1;1
28;5;10;-7.71777;1;1
29;5;11;1.31839;1;1
30;6;7;-0.191;1;1
31;6;8;-3.20414;1;1
32;6;9;-4.32361;1;1
33;6;10;-6.03146;1;1
34;6;11;7.82784;1;1
298;0;33;-0.797594;1;1
299;1;33;-4.70391;1;1
300;2;33;-1.05957;1;1
301;3;33;7.38464;1;1
302;4;33;-0.733693;1;1
303;5;33;-0.258248;1;1
304;6;33;2.73236;1;1
305;33;7;-0.758028;1;1
306;33;8;-8.44597;1;1
307;33;9;-0.54387;1;1
308;33;10;-2.11903;1;1
309;33;11;-2.86398;1;1
408;33;41;7.7427;1;1
409;41;41;2.37577;1;1
410;0;41;-4.12689;1;1
411;1;41;7.69289;1;1
412;2;41;0.524694;1;1
413;3;41;6.33668;1;1
414;4;41;-0.467781;1;1
415;5;41;6.34564;1;1
416;6;41;4.55345;1;1
417;41;7;-0.867727;1;1
418;41;8;-0.32157;1;1
419;41;9;-5.55353;1;1
420;41;10;6.98575;1;1
421;41;11;4.75355;1;1
451;33;44;-3.76266;1;1
452;41;44;4.14832;1;1
453;44;44;-1.52913;1;1
454;0;44;-0.146479;1;1
455;1;44;1.76593;1;1
456;2;44;5.08109;1;1
457;3;44;4.77544;1;1
458;4;44;2.65017;1;1
459;5;44;-2.58803;1;1
460;6;44;-6.50056;1;1
461;44;7;-12.4856;1;0
462;44;8;8.26532;1;1
463;44;9;-2.98864;1;0
464;44;10;-10.6013;1;1
465;44;11;-6.70481;1;1
1360;33;105;5.25225;1;1
1361;41;105;-6.0956;0;0
1362;44;105;3.14596;1;0
1363;105;105;8.12173;1;1
1364;0;105;-12.2964;1;1
1365;1;105;-13.2746;1;0
1366;2;105;-0.124451;1;1
1367;3;105;2.33442;1;1
1368;4;105;-0.466983;1;0
1369;5;105;0.77725;1;1
1370;6;105;-0.481113;1;0
1371;105;7;-7.61683;0;1
1372;105;8;-5.0794;1;1
1373;105;9;13.1185;1;1
1374;105;10;2.85281;1;1
1375;105;11;-6.18974;1;1
140.986;0
92
0;0;7;10.6658;1;1
1;0;8;7.8757;1;1
2;0;9;-3.55462;1;1
3;0;10;-11.744;1;1
4;0;11;5.78809;1;1
5;1;7;-3.38629;1;1
6;1;8;14.0484;1;1
7;1;9;5.55279;1;1
8;1;10;1.01322;1;1
9;1;11;8.68363;1;1
10;2;7;-2.22482;1;1
11;2;8;-13.1555;1;1
12;2;9;8.44516;1;1
13;2;10;-12.2816;1;1
14;2;11;-2.44117;1;1
15;3;7;7.83949;1;1
16;3;8;1.60129;1;1
17;3;9;-2.94384;1;1
18;3;10;7.44959;1;1
19;3;11;3.17166;1;1
20;4;7;-1.8595;1;1
21;4;8;-3.30393;1;1
22;4;9;15.5883;1;1
23;4;10;1.2692;1;1
24;4;11;0.30828;1;1
25;5;7;-1.50415;1;1
26;5;8;-7.29688;1;1
27;5;9;1.11279;1;1
28;5;10;-7.71777;1;1
29;5;11;1.31839;1;1
30;6;7;-0.191;1;1
31;6;8;-3.20414;1;1
32;6;9;-4.32361;1;1
33;6;10;-6.03146;1;1
34;6;11;7.82784;1;1
298;0;33;-0.797594;1;1
299;1;33;-4.70391;1;1
300;2;33;-1.05957;1;1
301;3;33;7.38464;1;1
302;4;33;-0.733693;1;1
303;5;33;-0.258248;1;1
304;6;33;2.73236;1;1
305;33;7;-0.758028;1;1
306;33;8;-8.44597;1;1
307;33;9;-0.54387;1;1
308;33;10;-2.11903;1;1
309;33;11;-2.86398;1;1
408;33;41;7.7427;1;1
409;41;41;2.37577;1;1
410;0;41;-4.12689;1;1
411;1;41;7.69289;1;1
412;2;41;0.524694;1;1
413;3;41;6.33668;1;1
414;4;41;-0.467781;1;1
415;5;41;6.34564;1;1
416;6;41;4.55345;1;1
417;41;7;-0.867727;1;1
418;41;8;-0.32157;1;1
419;41;9;-5.55353;1;1
420;41;10;6.98575;1;1
421;41;11;4.75355;1;1
451;33;44;-3.76266;1;1
452;41;44;4.14832;1;1
453;44;44;-1.52913;1;1
454;0;44;-0.146479;1;1
455;1;44;1.76593;1;1
456;2;44;5.08109;1;1
457;3;44;4.58745;1;0
458;4;44;2.65017;1;1
459;5;44;-2.58803;1;1
460;6;44;-7.81803;1;0
461;44;7;-11.6063;1;0
462;44;8;8.26532;1;1
463;44;9;-5.64312;1;0
464;44;10;-10.6013;1;1
465;44;11;-6.70481;1;1
1360;33;105;8.33394;1;0
1361;41;105;-5.30888;1;0
1362;44;105;3.14596;1;0
1363;105;105;9.05537;1;0
1364;0;105;-12.6983;1;0
1365;1;105;-13.2746;1;0
1366;2;105;-0.117417;1;0
1367;3;105;5.54836;1;0
1368;4;105;-0.466983;1;0
1369;5;105;-1.62245;1;0
1370;6;105;-1.06898;1;0
1371;105;7;-9.16532;0;0
1372;105;8;-5.92128;1;0
1373;105;9;13.9963;1;0
1374;105;10;2.23173;1;0
1375;105;11;-2.68255;1;0
117.053;0
92
0;0;7;10.6658;1;1
1;0;8;7.8757;1;1
2;0;9;-3.55462;1;1
3;0;10;-11.744;1;1
4;0;11;5.78809;1;1
5;1;7;-3.38629;1;1
6;1;8;14.0484;1;1
7;1;9;5.55279;1;1
8;1;10;1.01322;1;1
9;1;11;8.68363;1;1
10;2;7;-2.22482;1;1
11;2;8;-13.1555;1;1
12;2;9;8.44516;1;1
13;2;10;-12.2816;1;1
14;2;11;-2.44117;1;1
15;3;7;7.83949;1;1
16;3;8;1.60129;1;1
17;3;9;-2.94384;1;1
18;3;10;7.44959;1;1
19;3;11;3.17166;1;1
20;4;7;-1.8595;1;1
21;4;8;-3.30393;1;1
22;4;9;15.5883;1;1
23;4;10;1.2692;1;1
24;4;11;0.30828;1;1
25;5;7;-1.50415;1;1
26;5;8;-7.29688;1;1
27;5;9;1.11279;1;1
28;5;10;-7.71777;1;1
29;5;11;1.31839;1;1
30;6;7;-0.191;1;1
31;6;8;-3.20414;1;1
32;6;9;-4.32361;1;1
33;6;10;-6.03146;1;1
34;6;11;7.82784;1;1
298;0;33;-0.797594;1;1
299;1;33;-4.70391;1;1
300;2;33;-1.05957;1;1
301;3;33;7.38464;1;1
302;4;33;-0.733693;1;1
303;5;33;-0.258248;1;1
304;6;33;2.73236;1;1
305;33;7;-0.758028;1;1
306;33;8;-8.44597;1;1
307;33;9;-0.54387;1;1
308;33;10;-2.11903;1;1
309;33;11;-2.86398;1;1
408;33;41;7.7427;1;1
409;41;41;2.37577;1;1
410;0;41;-4.12689;1;1
411;1;41;7.69289;1;1
412;2;41;0.524694;1;1
413;3;41;6.33668;1;1
414;4;41;-0.467781;1;1
415;5;41;6.34564;1;1
416;6;41;4.55345;1;1
417;41;7;-0.867727;1;1
418;41;8;-0.32157;1;1
419;41;9;-5.55353;1;1
420;41;10;6.98575;1;1
421;41;11;4.75355;1;1
451;33;44;-3.76266;1;1
452;41;44;4.14832;1;1
453;44;44;-1.52913;1;1
454;0;44;-0.146479;1;1
455;1;44;1.76593;1;1
456;2;44;5.08109;1;1
457;3;44;4.77544;1;1
458;4;44;2.65017;1;1
459;5;44;-2.58803;1;1
460;6;44;-7.57295;1;0
461;44;7;-14.0108;1;0
462;44;8;8.26532;1;1
463;44;9;-2.98864;1;1
464;44;10;-10.6013;1;1
465;44;11;-6.70481;1;1
1360;33;105;5.25225;1;1
1361;41;105;-4.98102;1;1
1362;44;105;4.72144;1;0
1363;105;105;8.12173;1;1
1364;0;105;-12.2964;1;1
1365;1;105;-10.8893;1;0
1366;2;105;-0.124451;1;1
1367;3;105;8.43694;1;0
1368;4;105;1.03;1;1
1369;5;105;0.77725;1;1
1370;6;105;-0.659773;1;0
1371;105;7;-9.16532;0;0
1372;105;8;-5.0794;1;1
1373;105;9;13.1185;1;1
1374;105;10;2.85281;1;1
1375;105;11;-6.18974;1;1
83.2257;0
92
0;0;7;10.6658;1;1
1;0;8;7.8757;1;1
2;0;9;-3.55462;1;1
3;0;10;-11.744;1;1
4;0;11;5.78809;1;1
5;1;7;-3.38629;1;1
6;1;8;14.0484;1;1
7;1;9;5.55279;1;1
8;1;10;1.01322;1;1
9;1;11;8.68363;1;1
10;2;7;-2.22482;1;1
11;2;8;-13.1555;1;1
12;2;9;8.44516;1;1
13;2;10;-12.2816;1;1
14;2;11;-2.44117;1;1
15;3;7;7.83949;1;1
16;3;8;1.60129;1;1
17;3;9;-2.94384;1;1
18;3;10;7.44959;1;1
19;3;11;3.17166;1;1
20;4;7;-1.8595;1;1
21;4;8;-3.30393;1;1
22;4;9;15.5883;1;1
23;4;10;1.2692;1;1
24;4;11;0.30828;1;1
25;5;7;-1.50415;1;1
26;5;8;-7.29688;1;1
27;5;9;1.11279;1;1
28;5;10;-7.71777;1;1
29;5;11;1.31839;1;1
30;6;7;-0.191;1;1
31;6;8;-3.20414;1;1
32;6;9;-4.32361;1;1
33;6;10;-6.03146;1;1
34;6;11;7.82784;1;1
298;0;33;-0.797594;1;1
299;1;33;-4.70391;1;1
300;2;33;-1.05957;1;1
301;3;33;7.38464;1;1
302;4;33;-0.733693;1;1
303;5;33;-0.258248;1;1
304;6;33;2.73236;1;1
305;33;7;-0.758028;1;1
306;33;8;-8.44597;1;1
307;33;9;-0.54387;1;1
308;33;10;-2.11903;1;1
309;33;11;-2.86398;1;1
408;33;41;7.7427;1;1
409;41;41;2.37577;1;1
410;0;41;-4.12689;1;1
411;1;41;7.69289;1;1
412;2;41;0.524694;1;1
413;3;41;6.33668;1;1
414;4;41;-0.467781;1;1
415;5;41;6.34564;1;1
416;6;41;4.55345;1;1
417;41;7;-0.867727;1;1
418;41;8;-0.32157;1;1
419;41;9;-5.55353;1;1
420;41;10;6.98575;1;1
421;41;11;4.75355;1;1
451;33;44;-3.76266;1;1
452;41;44;4.14832;1;1
453;44;44;-1.52913;1;1
454;0;44;-0.146479;1;1
455;1;44;1.76593;1;1
456;2;44;5.08109;1;1
457;3;44;4.77544;1;0
458;4;44;2.65017;1;1
459;5;44;-2.58803;1;1
460;6;44;-7.81803;1;0
461;44;7;-12.4856;1;0
462;44;8;8.26532;1;1
463;44;9;-2.98864;1;0
464;44;10;-10.6013;1;1
465;44;11;-6.70481;1;1
1360;33;105;6.34406;1;0
1361;41;105;-6.0956;1;0
1362;44;105;3.14596;1;0
1363;105;105;9.05537;1;0
1364;0;105;-12.6983;1;0
1365;1;105;-13.2746;1;0
1366;2;105;-0.117417;1;0
1367;3;105;5.4504;1;0
1368;4;105;-0.466983;1;0
1369;5;105;0.77725;1;0
1370;6;105;-0.481113;1;0
1371;105;7;-9.16532;0;0
1372;105;8;-8.79349;1;0
1373;105;9;13.1185;1;0
1374;105;10;4.29436;1;0
1375;105;11;-5.54588;1;0
94.2037;0
109
0;0;7;10.6658;1;1
1;0;8;7.8757;1;1
2;0;9;-3.55462;1;1
3;0;10;-11.744;1;1
4;0;11;5.78809;1;1
5;1;7;-3.38629;1;1
6;1;8;14.0484;1;1
7;1;9;5.55279;1;1
8;1;10;1.01322;1;1
9;1;11;8.68363;1;1
10;2;7;-2.22482;1;1
11;2;8;-13.1555;1;1
12;2;9;8.44516;1;1
13;2;10;-12.2816;1;1
14;2;11;-2.44117;1;1
15;3;7;7.83949;1;1
16;3;8;1.60129;1;1
17;3;9;-2.94384;1;1
18;3;10;7.44959;1;1
19;3;11;3.17166;1;1
20;4;7;-1.8595;1;1
21;4;8;-3.30393;1;1
22;4;9;15.5883;1;1
23;4;10;1.2692;1;1
24;4;11;0.30828;1;1
25;5;7;-1.50415;1;1
26;5;8;-7.29688;1;1
27;5;9;1.11279;1;1
28;5;10;-7.71777;1;1
29;5;11;1.31839;1;1
30;6;7;-0.191;1;1
31;6;8;-3.20414;1;1
32;6;9;-4.32361;1;1
33;6;10;-6.03146;1;1
34;6;11;7.82784;1;1
298;0;33;-0.797594;1;1
299;1;33;-4.70391;1;1
300;2;33;-1.05957;1;1
301;3;33;7.38464;1;1
302;4;33;-0.733693;1;1
303;5;33;-0.258248;1;1
304;6;33;2.73236;1;1
305;33;7;-0.758028;1;1
306;33;8;-8.44597;1;1
307;33;9;-0.54387;1;1
308;33;10;-2.11903;1;1
309;33;11;-2.86398;1;1
408;33;41;7.7427;1;1
409;41;41;2.37577;1;1
410;0;41;-4.12689;1;1
411;1;41;7.69289;1;1
412;2;41;0.524694;1;1
413;3;41;6.33668;1;1
414;4;41;-0.467781;1;1
415;5;41;6.34564;1;1
416;6;41;4.55345;1;1
417;41;7;-0.867727;1;1
418;41;8;-0.32157;1;1
419;41;9;-5.55353;1;1
420;41;10;6.98575;1;1
421;41;11;4.75355;1;1
451;33;44;-3.76266;1;1
452;41;44;4.14832;1;1
453;44;44;-1.52913;1;1
454;0;44;-0.146479;1;1
455;1;44;1.76593;1;1
456;2;44;5.08109;1;1
457;3;44;4.77544;1;1
458;4;44;2.65017;1;1
459;5;44;-2.58803;1;1
460;6;44;-7.81803;1;1
461;44;7;-12.4856;1;1
462;44;8;8.26532;1;1
463;44;9;-2.98864;1;1
464;44;10;-10.6013;1;1
465;44;11;-6.70481;1;1
1360;33;105;6.34406;1;1
1361;41;105;-6.0956;1;1
1362;44;105;3.14596;1;1
1363;105;105;9.05537;1;1
1364;0;105;-12.6983;1;1
1365;1;105;-13.2746;1;1
1366;2;105;-0.117417;1;1
1367;3;105;5.4504;1;1
1368;4;105;-0.466983;1;1
1369;5;105;0.77725;1;1
1370;6;105;-0.481113;1;1
1371;105;7;-9.16532;0;1
1372;105;8;-8.79349;1;1
1373;105;9;13.1185;1;1
1374;105;10;4.29436;1;1
1375;105;11;-5.54588;1;1
1595;33;120;6.7136;1;0
1596;41;120;-1.25745;1;0
1597;44;120;7.74249;1;0
1598;105;120;-2.4317;1;0
1599;120;120;-8.70171;1;0
1600;0;120;6.92926;1;0
1601;1;120;-4.52067;1;0
1602;2;120;2.85595;1;0
1603;3;120;2.9369;1;0
1604;4;120;-7.28411;1;0
1605;5;120;3.01925;1;0
1606;6;120;6.97293;1;0
1607;120;7;-1.26474;1;0
1608;120;8;3.70039;1;0
1609;120;9;1.17894;1;0
1610;120;10;-1.17265;1;0
1611;120;11;3.8495;1;0
83.2257;0
92
0;0;7;10.6658;1;1
1;0;8;7.8757;1;1
2;0;9;-3.55462;1;1
3;0;10;-11.744;1;1
4;0;11;5.78809;1;1
5;1;7;-3.38629;1;1
6;1;8;14.0484;1;1
7;1;9;5.55279;1;1
8;1;10;1.01322;1;1
9;1;11;8.68363;1;1
10;2;7;-2.22482;1;1
11;2;8;-13.1555;1;1
12;2;9;8.44516;1;1
13;2;10;-12.2816;1;1
14;2;11;-2.44117;1;1
15;3;7;7.83949;1;1
16;3;8;1.60129;1;1
17;3;9;-2.94384;1;1
18;3;10;7.44959;1;1
19;3;11;3.17166;1;1
20;4;7;-1.8595;1;1
21;4;8;-3.30393;1;1
22;4;9;15.5883;1;1
23;4;10;1.2692;1;1
24;4;11;0.30828;1;1
25;5;7;-1.50415;1;1
26;5;8;-7.29688;1;1
27;5;9;1.11279;1;1
28;5;10;-7.71777;1;1
29;5;11;1.31839;1;1
30;6;7;-0.191;1;1
31;6;8;-3.20414;1;1
32;6;9;-4.32361;1;1
33;6;10;-6.03146;1;1
34;6;11;7.82784;1;1
298;0;33;-0.797594;1;1
299;1;33;-4.70391;1;1
300;2;33;-1.05957;1;1
301;3;33;7.38464;1;1
302;4;33;-0.733693;1;1
303;5;33;-0.258248;1;1
304;6;33;2.73236;1;1
305;33;7;-0.758028;1;1
306;33;8;-8.44597;1;1
307;33;9;-0.54387;1;1
308;33;10;-2.11903;1;1
309;33;11;-2.86398;1;1
408;33;41;7.7427;1;1
409;41;41;2.37577;1;1
410;0;41;-4.12689;1;1
411;1;41;7.69289;1;1
412;2;41;0.524694;1;1
413;3;41;6.33668;1;1
414;4;41;-0.467781;1;1
415;5;41;6.34564;1;1
416;6;41;4.55345;1;1
417;41;7;-0.867727;1;1
418;41;8;-0.32157;1;1
419;41;9;-5.55353;1;1
420;41;10;6.98575;1;1
421;41;11;4.75355;1;1
451;33;44;-3.76266;1;1
452;41;44;4.14832;1;1
453;44;44;-1.52913;1;1
454;0;44;-0.146479;1;1
455;1;44;1.76593;1;1
456;2;44;5.08109;1;1
457;3;44;4.77544;1;1
458;4;44;2.65017;1;1
459;5;44;-2.58803;1;1
460;6;44;-6.50056;1;1
461;44;7;-12.4856;1;0
462;44;8;8.26532;1;1
463;44;9;-2.98864;1;0
464;44;10;-10.6013;1;1
465;44;11;-6.70481;1;1
1360;33;105;6.34406;1;0
1361;41;105;-5.4295;1;0
1362;44;105;3.14596;1;0
1363;105;105;9.05537;1;0
1364;0;105;-12.2964;1;1
1365;1;105;-13.2746;1;0
1366;2;105;-0.117417;1;0
1367;3;105;2.33442;1;1
1368;4;105;1.72914;1;0
1369;5;105;0.77725;1;1
1370;6;105;-0.481113;1;0
1371;105;7;-10.588;0;0
1372;105;8;-5.0794;1;1
1373;105;9;13.1185;1;1
1374;105;10;2.85281;1;1
1375;105;11;-6.18974;1;1
128.891;0
92
0;0;7;10.6658;1;1
1;0;8;7.8757;1;1
2;0;9;-3.55462;1;1
3;0;10;-11.744;1;1
4;0;11;5.78809;1;1
5;1;7;-3.38629;1;1
6;1;8;14.0484;1;1
7;1;9;5.55279;1;1
8;1;10;1.01322;1;1
9;1;11;8.68363;1;1
10;2;7;-2.22482;1;1
11;2;8;-13.1555;1;1
12;2;9;8.44516;1;1
13;2;10;-12.2816;1;1
14;2;11;-2.44117;1;1
15;3;7;7.83949;1;1
16;3;8;1.60129;1;1
17;3;9;-2.94384;1;1
18;3;10;7.44959;1;1
19;3;11;3.17166;1;1
20;4;7;-1.8595;1;1
21;4;8;-3.30393;1;1
22;4;9;15.5883;1;1
23;4;10;1.2692;1;1
24;4;11;0.30828;1;1
25;5;7;-1.50415;1;1
26;5;8;-7.29688;1;1
27;5;9;1.11279;1;1
28;5;10;-7.71777;1;1
29;5;11;1.31839;1;1
30;6;7;-0.191;1;1
31;6;8;-3.20414;1;1
32;6;9;-4.32361;1;1
33;6;10;-6.03146;1;1
34;6;11;7.82784;1;1
298;0;33;-0.797594;1;1
299;1;33;-4.70391;1;1
300;2;33;-1.05957;1;1
301;3;33;7.38464;1;1
302;4;33;-0.733693;1;1
303;5;33;-0.258248;1;1
304;6;33;2.73236;1;1
305;33;7;-0.758028;1;1
306;33;8;-8.44597;1;1
307;33;9;-0.54387;1;1
308;33;10;-2.11903;1;1
309;33;11;-2.86398;1;1
408;33;41;7.7427;1;1
409;41;41;2.37577;1;1
410;0;41;-4.12689;1;1
411;1;41;7.69289;1;1
412;2;41;0.524694;1;1
413;3;41;6.33668;1;1
414;4;41;-0.467781;1;1
415;5;41;6.34564;1;1
416;6;41;4.55345;1;1
417;41;7;-0.867727;1;1
418;41;8;-0.32157;1;1
419;41;9;-5.55353;1;1
420;41;10;6.98575;1;1
421;41;11;4.75355;1;1
451;33;44;-3.76266;1;1
452;41;44;4.14832;1;1
453;44;44;-1.52913;1;1
454;0;44;-0.146479;1;1
455;1;44;1.76593;1;1
456;2;44;5.08109;1;1
457;3;44;2.95839;1;0
458;4;44;2.65017;1;1
459;5;44;-2.58803;1;1
460;6;44;-5.95256;1;0
461;44;7;-10.5785;1;0
462;44;8;8.26532;1;1
463;44;9;-2.98864;1;0
464;44;10;-10.6013;1;1
465;44;11;-6.70481;1;1
1360;33;105;8.09094;1;0
1361;41;105;-3.58906;1;0
1362;44;105;3.44023;1;0
1363;105;105;9.05537;1;0
1364;0;105;-12.6983;1;0
1365;1;105;-13.2746;1;0
1366;2;105;2.51098;1;0
1367;3;105;5.4504;1;0
1368;4;105;-0.466983;1;0
1369;5;105;0.77725;1;0
1370;6;105;-0.481113;1;0
1371;105;7;-9.3268;1;0
1372;105;8;-10.5121;1;0
1373;105;9;13.1185;1;0
1374;105;10;4.29436;1;0
1375;105;11;-5.43317;1;0
72.5726;0
92
0;0;7;10.6658;1;1
1;0;8;7.8757;1;1
2;0;9;-3.55462;1;1
3;0;10;-11.744;1;1
4;0;11;5.78809;1;1
5;1;7;-3.38629;1;1
6;1;8;14.0484;1;1
7;1;9;5.55279;1;1
8;1;10;1.01322;1;1
9;1;11;8.68363;1;1
10;2;7;-2.22482;1;1
11;2;8;-13.1555;1;1
12;2;9;8.44516;1;1
13;2;10;-12.2816;1;1
14;2;11;-2.44117;1;1
15;3;7;7.83949;1;1
16;3;8;1.60129;1;1
17;3;9;-2.94384;1;1
18;3;10;7.44959;1;1
19;3;11;3.17166;1;1
20;4;7;-1.8595;1;1
21;4;8;-3.30393;1;1
22;4;9;15.5883;1;1
23;4;10;1.2692;1;1
24;4;11;0.30828;1;1
25;5;7;-1.50415;1;1
26;5;8;-7.29688;1;1
27;5;9;1.11279;1;1
28;5;10;-7.71777;1;1
29;5;11;1.31839;1;1
30;6;7;-0.191;1;1
31;6;8;-3.20414;1;1
32;6;9;-4.32361;1;1
33;6;10;-6.03146;1;1
34;6;11;7.82784;1;1
298;0;33;-0.797594;1;1
299;1;33;-4.70391;1;1
300;2;33;-1.05957;1;1
301;3;33;7.38464;1;1
302;4;33;-0.733693;1;1
303;5;33;-0.258248;1;1
304;6;33;2.73236;1;1
305;33;7;-0.758028;1;1
306;33;8;-8.44597;1;1
307;33;9;-0.54387;1;1
308;33;10;-2.11903;1;1
309;33;11;-2.86398;1;1
408;33;41;7.7427;1;1
409;41;41;2.37577;1;1
410;0;41;-4.12689;1;1
411;1;41;7.69289;1;1
412;2;41;0.524694;1;1
413;3;41;6.33668;1;1
414;4;41;-0.467781;1;1
415;5;41;6.34564;1;1
416;6;41;4.55345;1;1
417;41;7;-0.867727;1;1
418;41;8;-0.32157;1;1
419;41;9;-5.55353;1;1
420;41;10;6.98575;1;1
421;41;11;4.75355;1;1
451;33;44;-3.76266;1;1
452;41;44;4.14832;1;1
453;44;44;-1.52913;1;1
454;0;44;-4.242;1;0
455;1;44;1.76593;1;0
456;2;44;7.5144;1;0
457;3;44;4.77544;1;0
458;4;44;5.24221;1;0
459;5;44;-2.58803;1;1
460;6;44;-7.81803;1;0
461;44;7;-12.4856;1;0
462;44;8;8.26532;1;1
463;44;9;-2.98864;1;0
464;44;10;-10.6013;1;1
465;44;11;-6.70481;1;1
1360;33;105;6.34406;1;0
1361;41;105;-6.0956;1;0
1362;44;105;3.14596;1;0
1363;105;105;9.05537;1;0
1364;0;105;-12.6983;1;0
1365;1;105;-13.2746;1;0
1366;2;105;-0.117417;1;0
1367;3;105;5.4504;1;0
1368;4;105;-0.466983;1;0
1369;5;105;0.77725;1;0
1370;6;105;-0.481113;1;0
1371;105;7;-9.16532;1;0
1372;105;8;-8.79349;1;0
1373;105;9;13.1185;1;0
1374;105;10;4.29436;1;0
1375;105;11;-5.54588;1;0
4.17117;0
92
0;0;7;10.6658;1;1
1;0;8;7.8757;1;1
2;0;9;-3.55462;1;1
3;0;10;-11.744;1;1
4;0;11;5.78809;1;1
5;1;7;-3.38629;1;1
6;1;8;14.0484;1;1
7;1;9;5.55279;1;1
8;1;10;1.01322;1;1
9;1;11;8.68363;1;1
10;2;7;-2.22482;1;1
11;2;8;-13.1555;1;1
12;2;9;8.44516;1;1
13;2;10;-12.2816;1;1
14;2;11;-2.44117;1;1
15;3;7;7.83949;1;1
16;3;8;1.60129;1;1
17;3;9;-2.94384;1;1
18;3;10;7.44959;1;1
19;3;11;3.17166;1;1
20;4;7;-1.8595;1;1
21;4;8;-3.30393;1;1
22;4;9;15.5883;1;1
23;4;10;1.2692;1;1
24;4;11;0.30828;1;1
25;5;7;-1.50415;1;1
26;5;8;-7.29688;1;1
27;5;9;1.11279;1;1
28;5;10;-7.71777;1;1
29;5;11;1.31839;1;1
30;6;7;-0.191;1;1
31;6;8;-3.20414;1;1
32;6;9;-4.32361;1;1
33;6;10;-6.03146;1;1
34;6;11;7.82784;1;1
298;0;33;-0.797594;1;1
299;1;33;-4.70391;1;1
300;2;33;-1.05957;1;1
301;3;33;7.38464;1;1
302;4;33;-0.733693;1;1
303;5;33;-0.258248;1;1
304;6;33;2.73236;1;1
305;33;7;-0.758028;1;1
306;33;8;-8.44597;1;1
307;33;9;-0.54387;1;1
308;33;10;-2.11903;1;1
309;33;11;-2.86398;1;1
408;33;41;7.7427;1;1
409;41;41;2.37577;1;1
410;0;41;-4.12689;1;1
411;1;41;7.69289;1;1
412;2;41;0.524694;1;1
413;3;41;6.33668;1;1
414;4;41;-0.467781;1;1
415;5;41;6.34564;1;1
416;6;41;4.55345;1;1
417;41;7;-0.867727;1;1
418;41;8;-0.32157;1;1
419;41;9;-5.55353;1;1
420;41;10;6.98575;1;1
421;41;11;4.75355;1;1
451;33;44;-3.76266;1;1
452;41;44;4.14832;1;1
453;44;44;-1.52913;1;1
454;0;44;-0.146479;1;1
455;1;44;1.76593;1;1
456;2;44;5.08109;1;1
457;3;44;4.77544;1;0
458;4;44;2.65017;1;1
459;5;44;-2.58803;1;1
460;6;44;-7.81803;1;0
461;44;7;-12.4856;1;0
462;44;8;8.26532;1;1
463;44;9;-2.98864;1;0
464;44;10;-10.6013;1;1
465;44;11;-6.70481;1;1
1360;33;105;6.34406;1;0
1361;41;105;-6.0956;1;0
1362;44;105;3.14596;1;0
1363;105;105;9.05537;1;0
1364;0;105;-12.6983;1;0
1365;1;105;-13.2746;1;0
1366;2;105;-0.117417;1;0
1367;3;105;5.4504;1;0
1368;4;105;-0.466983;1;0
1369;5;105;0.77725;1;0
1370;6;105;-0.481113;1;0
1371;105;7;-9.16532;1;0
1372;105;8;-8.79349;1;0
1373;105;9;13.1185;1;0
1374;105;10;4.29436;1;0
1375;105;11;-5.54588;1;0
72.5726;0
76
0;0;7;12.2438;1;1
1;0;8;4.84333;1;1
2;0;9;-5.44028;0;1
3;0;10;-4.45087;1;1
4;0;11;-0.279819;1;1
5;1;7;3.68145;1;1
6;1;8;1.74134;1;1
7;1;9;-3.08581;1;1
8;1;10;-5.04747;1;1
9;1;11;6.43088;1;1
10;2;7;4.05907;1;1
11;2;8;-2.01318;1;1
12;2;9;7.30954;1;1
13;2;10;12.1931;1;1
14;2;11;-1.84948;1;1
15;3;7;0.825126;1;1
16;3;8;-0.972877;1;1
17;3;9;-8.55317;1;1
18;3;10;10.773;1;1
19;3;11;8.22421;1;1
20;4;7;0.637354;1;1
21;4;8;-12.5281;1;1
22;4;9;-4.55219;1;1
23;4;10;1.67172;1;1
24;4;11;2.24299;1;1
25;5;7;10.5908;1;1
26;5;8;11.5791;1;1
27;5;9;-5.45881;1;1
28;5;10;-7.11338;1;1
29;5;11;3.08152;1;1
30;6;7;-12.7482;1;1
31;6;8;-13.0295;1;1
32;6;9;4.15271;1;1
33;6;10;-10.2374;1;1
34;6;11;-9.43114;1;1
157;0;22;7.64182;1;1
158;1;22;-9.31757;1;1
159;2;22;7.38026;1;1
160;3;22;-8.77529;1;1
161;4;22;2.40477;1;1
162;5;22;-1.39041;0;1
163;6;22;2.04058;1;1
164;22;7;5.66553;1;1
165;22;8;5.27519;1;1
166;22;9;-4.52062;1;1
167;22;10;-7.48218;1;1
168;22;11;8.64037;1;1
668;22;59;-6.27292;1;1
669;59;59;1.32669;1;1
670;0;59;-6.61455;1;1
671;1;59;6.86756;1;1
672;2;59;-3.13814;1;1
673;3;59;9.19141;1;1
674;4;59;-1.63251;1;1
675;5;59;-6.76679;1;1
676;6;59;-10.368;1;1
677;59;7;9.3995;1;1
678;59;8;-4.82789;1;1
679;59;9;0.516557;1;1
680;59;10;-8.11786;1;1
681;59;11;-4.14022;1;1
1264;22;99;6.7983;1;0
1265;59;99;-12.0888;1;0
1266;99;99;12.4889;1;0
1267;0;99;-4.23091;0;0
1268;1;99;-9.42261;1;0
1269;2;99;-5.32116;1;0
1270;3;99;-1.67882;1;0
1271;4;99;-6.32392;1;0
1272;5;99;-0.539288;1;0
1273;6;99;-3.82005;1;0
1274;99;7;-3.01387;1;0
1275;99;8;1.28532;1;0
1276;99;9;9.11109;1;0
1277;99;10;-6.98378;1;0
1278;99;11;-1.97009;1;0
42.8405;0
76
0;0;7;12.2438;1;1
1;0;8;4.84333;1;1
2;0;9;-5.44028;0;1
3;0;10;-4.45087;1;1
4;0;11;-0.279819;1;1
5;1;7;3.68145;1;1
6;1;8;1.74134;1;1
7;1;9;-3.08581;1;1
8;1;10;-5.04747;1;1
9;1;11;6.43088;1;1
10;2;7;4.05907;1;1
11;2;8;-2.01318;1;1
12;2;9;7.30954;1;1
13;2;10;12.1931;1;1
14;2;11;-1.84948;1;1
15;3;7;0.825126;1;1
16;3;8;-0.972877;1;1
17;3;9;-8.55317;1;1
18;3;10;10.773;1;1
19;3;11;8.22421;1;1
20;4;7;0.637354;1;1
21;4;8;-12.5281;1;1
22;4;9;-4.55219;1;1
23;4;10;1.67172;1;1
24;4;11;2.24299;1;1
25;5;7;10.5908;1;1
26;5;8;11.5791;1;1
27;5;9;-5.45881;1;1
28;5;10;-7.11338;1;1
29;5;11;3.08152;1;1
30;6;7;-12.7482;1;1
31;6;8;-13.0295;1;1
32;6;9;4.15271;0;1
33;6;10;-10.2374;1;1
34;6;11;-9.43114;1;1
157;0;22;7.64182;1;1
158;1;22;-9.31757;1;1
159;2;22;7.38026;1;1
160;3;22;-8.77529;1;1
161;4;22;2.40477;1;1
162;5;22;-1.39041;0;1
163;6;22;2.04058;1;1
164;22;7;5.66553;1;1
165;22;8;5.27519;1;1
166;22;9;-4.52062;1;1
167;22;10;-7.48218;1;1
168;22;11;8.64037;1;1
668;22;59;-6.27292;1;1
669;59;59;1.32669;1;1
670;0;59;-6.61455;1;1
671;1;59;6.86756;1;1
672;2;59;-3.13814;1;1
673;3;59;9.19141;1;1
674;4;59;-1.63251;1;1
675;5;59;-6.76679;1;1
676;6;59;-10.368;1;1
677;59;7;9.3995;1;1
678;59;8;-4.82789;1;1
679;59;9;0.516557;1;1
680;59;10;-8.11786;1;1
681;59;11;-4.14022;1;1
1264;22;99;6.7983;1;0
1265;59;99;-12.0888;1;0
1266;99;99;12.4889;1;0
1267;0;99;-4.23091;0;0
1268;1;99;-9.42261;1;0
1269;2;99;-5.32116;1;0
1270;3;99;-1.67882;1;0
1271;4;99;-6.32392;1;0
1272;5;99;-0.539288;1;0
1273;6;99;-3.10634;1;0
1274;99;7;-3.01387;1;0
1275;99;8;0.713066;1;0
1276;99;9;9.11109;1;0
1277;99;10;-6.98378;1;0
1278;99;11;-1.97009;1;0
62.2694;0
76
0;0;7;12.2438;1;1
1;0;8;4.84333;1;1
2;0;9;-5.44028;1;1
3;0;10;-4.45087;1;1
4;0;11;-0.279819;1;1
5;1;7;3.68145;1;1
6;1;8;1.74134;1;1
7;1;9;-3.08581;1;1
8;1;10;-5.04747;1;1
9;1;11;6.43088;1;1
10;2;7;4.05907;1;1
11;2;8;-2.01318;1;1
12;2;9;7.30954;1;1
13;2;10;12.1931;1;1
14;2;11;-1.84948;1;1
15;3;7;0.825126;1;1
16;3;8;-0.972877;1;1
17;3;9;-8.55317;1;1
18;3;10;10.773;1;1
19;3;11;8.22421;1;1
20;4;7;0.637354;1;1
21;4;8;-12.5281;1;1
22;4;9;-4.55219;1;1
23;4;10;1.67172;1;1
24;4;11;2.24299;1;1
25;5;7;10.5908;1;1
26;5;8;11.5791;1;1
27;5;9;-5.45881;1;1
28;5;10;-7.11338;1;1
29;5;11;3.08152;1;1
30;6;7;-12.7482;1;1
31;6;8;-13.0295;1;1
32;6;9;4.15271;0;1
33;6;10;-10.2374;1;1
34;6;11;-9.43114;1;1
157;0;22;7.64182;1;1
158;1;22;-9.31757;1;1
159;2;22;7.38026;1;1
160;3;22;-8.77529;1;1
161;4;22;2.40477;1;1
162;5;22;-1.39041;0;1
163;6;22;2.04058;1;1
164;22;7;5.66553;1;1
165;22;8;5.27519;1;1
166;22;9;-4.52062;1;1
167;22;10;-7.48218;1;1
168;22;11;8.64037;1;1
668;22;59;-6.27292;1;1
669;59;59;1.32669;1;1
670;0;59;-6.61455;1;1
671;1;59;6.86756;1;1
672;2;59;-3.13814;1;1
673;3;59;9.19141;1;1
674;4;59;-1.63251;1;1
675;5;59;-6.76679;1;1
676;6;59;-10.368;1;1
677;59;7;9.3995;1;1
678;59;8;-4.82789;1;1
679;59;9;0.516557;1;1
680;59;10;-8.11786;1;1
681;59;11;-4.14022;1;1
1264;22;99;2.08588;1;0
1265;59;99;-1.89567;1;0
1266;99;99;-5.5868;1;0
1267;0;99;3.5676;0;0
1268;1;99;-0.357588;1;0
1269;2;99;-4.55937;1;0
1270;3;99;8.7586;1;0
1271;4;99;6.27107;1;0
1272;5;99;6.51731;0;0
1273;6;99;7.13941;1;0
1274;99;7;-4.18261;1;0
1275;99;8;-7.01805;1;0
1276;99;9;2.71617;1;0
1277;99;10;-7.04466;1;0
1278;99;11;1.97077;1;0
25.2892;16.245
61
0;0;7;7.51485;1;1
1;0;8;-4.68235;1;1
2;0;9;-0.914712;1;1
3;0;10;-2.72257;1;1
4;0;11;5.78809;1;1
5;1;7;-6.42386;1;1
6;1;8;3.24443;1;1
7;1;9;5.55279;1;1
8;1;10;1.01322;1;1
9;1;11;2.06361;1;1
10;2;7;2.38865;1;1
11;2;8;11.921;1;1
12;2;9;8.44516;1;1
13;2;10;4.26572;1;1
14;2;11;-2.44117;1;1
15;3;7;7.83949;1;1
16;3;8;1.60129;1;1
17;3;9;-6.68702;1;1
18;3;10;7.44959;1;1
19;3;11;-6.89572;1;1
20;4;7;9.0191;1;1
21;4;8;-0.364177;1;1
22;4;9;-0.883096;1;1
23;4;10;1.2692;1;1
24;4;11;-0.378127;1;1
25;5;7;-1.50415;1;1
26;5;8;-7.29688;1;1
27;5;9;3.73464;1;1
28;5;10;1.71481;1;1
29;5;11;1.31839;1;1
30;6;7;0.0792893;1;1
31;6;8;-6.43755;1;1
32;6;9;-4.32361;1;1
33;6;10;-6.03146;1;1
34;6;11;7.82784;1;1
235;0;28;-12.2493;1;1
236;1;28;1.58701;1;0
237;2;28;-4.5888;1;1
238;3;28;-10.6105;0;0
239;4;28;-1.32244;1;0
240;5;28;-4.43538;1;1
241;6;28;-2.15596;1;0
242;28;7;0.635354;1;1
243;28;8;-5.20653;1;0
244;28;9;0.779724;1;0
245;28;10;3.96573;1;0
246;28;11;8.12203;1;1
1565;28;118;0.983804;1;0
1566;118;118;-6.95346;1;0
1567;0;118;-3.26744;1;0
1568;1;118;8.88496;1;0
1569;2;118;-0.0213878;1;0
1570;3;118;-1.40177;1;0
1571;4;118;1.54627;1;0
1572;5;118;9.89909;1;0
1573;6;118;1.07477;1;0
1574;118;7;0.717941;1;0
1575;118;8;2.39006;1;0
1576;118;9;-4.61648;1;0
1577;118;10;7.19913;1;0
1578;118;11;2.8462;1;0
33.8002;0
61
0;0;7;7.51485;1;1
1;0;8;-4.68235;1;1
2;0;9;-0.914712;1;1
3;0;10;-2.72257;1;1
4;0;11;5.78809;1;1
5;1;7;-6.42386;1;1
6;1;8;3.24443;1;1
7;1;9;5.55279;1;1
8;1;10;1.01322;1;1
9;1;11;2.06361;1;1
10;2;7;2.38865;1;1
11;2;8;11.921;1;1
12;2;9;8.44516;1;1
13;2;10;4.26572;1;1
14;2;11;-2.44117;1;1
15;3;7;7.83949;1;1
16;3;8;1.60129;1;1
17;3;9;-6.68702;1;1
18;3;10;7.44959;1;1
19;3;11;-6.89572;1;1
20;4;7;9.0191;1;1
21;4;8;-0.364177;1;1
22;4;9;-0.883096;1;1
23;4;10;1.2692;1;1
24;4;11;-0.378127;1;1
25;5;7;-1.50415;1;1
26;5;8;-7.29688;1;1
27;5;9;3.73464;1;1
28;5;10;1.71481;1;1
29;5;11;1.31839;1;1
30;6;7;0.0792893;1;1
31;6;8;-6.43755;1;1
32;6;9;-4.32361;1;1
33;6;10;-6.03146;1;1
34;6;11;7.82784;1;1
235;0;28;-12.2493;1;1
236;1;28;-3.77383;1;1
237;2;28;-4.5888;1;1
238;3;28;-10.6105;1;1
239;4;28;0.313862;1;1
240;5;28;-4.43538;1;1
241;6;28;-2.05911;1;1
242;28;7;0.635354;1;1
243;28;8;-3.99013;1;1
244;28;9;-2.19877;1;1
245;28;10;3.96573;1;1
246;28;11;8.12203;1;1
1565;28;118;0.37739;1;0
1566;118;118;-1.80099;1;0
1567;0;118;-4.87624;1;0
1568;1;118;8.88496;1;0
1569;2;118;-0.0213878;1;0
1570;3;118;-1.40177;1;0
1571;4;118;3.38438;1;0
1572;5;118;10.4615;1;0
1573;6;118;1.07477;1;0
1574;118;7;2.46274;1;0
1575;118;8;3.23777;1;0
1576;118;9;-3.58446;1;0
1577;118;10;7.67918;1;0
1578;118;11;2.16474;1;0
33.8002;0
47
0;0;7;7.51485;1;1
1;0;8;-4.68235;1;1
2;0;9;-0.914712;1;1
3;0;10;-2.72257;1;1
4;0;11;5.78809;1;1
5;1;7;-6.42386;1;1
6;1;8;3.24443;1;1
7;1;9;5.55279;1;1
8;1;10;1.01322;1;1
9;1;11;2.06361;1;1
10;2;7;2.38865;1;1
11;2;8;11.921;1;1
12;2;9;8.44516;1;1
13;2;10;4.26572;1;1
14;2;11;-2.44117;1;1
15;3;7;7.83949;1;1
16;3;8;1.60129;1;1
17;3;9;-6.68702;1;1
18;3;10;7.44959;1;1
19;3;11;-6.89572;1;1
20;4;7;9.0191;1;1
21;4;8;-0.364177;1;1
22;4;9;-0.883096;1;1
23;4;10;1.2692;1;1
24;4;11;-0.378127;1;1
25;5;7;-1.50415;1;1
26;5;8;-7.29688;1;1
27;5;9;3.73464;1;1
28;5;10;1.71481;1;1
29;5;11;1.31839;1;1
30;6;7;0.0792893;1;1
31;6;8;-6.43755;1;1
32;6;9;-4.32361;1;1
33;6;10;-6.03146;1;1
34;6;11;7.82784;1;1
235;0;28;-9.86246;1;0
236;1;28;-0.884187;1;0
237;2;28;-7.50296;1;0
238;3;28;-10.6105;1;0
239;4;28;-2.86077;1;0
240;5;28;-8.83481;1;0
241;6;28;-4.02606;1;0
242;28;7;0.666181;1;0
243;28;8;-5.20653;1;0
244;28;9;0.779724;1;0
245;28;10;3.96573;0;0
246;28;11;7.81439;1;0
25.2892;0
76
0;0;7;7.51485;1;1
1;0;8;-4.68235;1;1
2;0;9;-0.914712;1;1
3;0;10;-2.72257;1;1
4;0;11;5.78809;1;1
5;1;7;-6.42386;1;1
6;1;8;3.24443;1;1
7;1;9;5.55279;1;1
8;1;10;1.01322;1;1
9;1;11;2.06361;1;1
10;2;7;2.38865;1;1
11;2;8;11.921;1;1
12;2;9;8.44516;1;1
13;2;10;4.26572;1;1
14;2;11;-2.44117;1;1
15;3;7;7.83949;1;1
16;3;8;1.60129;1;1
17;3;9;-6.68702;1;1
18;3;10;7.44959;1;1
19;3;11;-6.89572;1;1
20;4;7;9.0191;1;1
21;4;8;-0.364177;1;1
22;4;9;-0.883096;1;1
23;4;10;1.2692;1;1
24;4;11;-0.378127;1;1
25;5;7;-1.50415;1;1
26;5;8;-7.29688;1;1
27;5;9;3.73464;1;1
28;5;10;1.71481;1;1
29;5;11;1.31839;1;1
30;6;7;0.0792893;1;1
31;6;8;-6.43755;1;1
32;6;9;-4.32361;1;1
33;6;10;-6.03146;1;1
34;6;11;7.82784;1;1
235;0;28;-7.65645;1;1
236;1;28;0.341786;1;1
237;2;28;-6.4166;1;1
238;3;28;-11.0615;0;1
239;4;28;-0.52266;1;1
240;5;28;-4.27263;1;1
241;6;28;-4.19836;1;1
242;28;7;-2.46781;1;1
243;28;8;-5.20653;1;1
244;28;9;0.396303;1;1
245;28;10;6.18517;1;1
246;28;11;7.51967;1;1
1471;28;112;-2.73581;1;1
1472;112;112;-3.98697;1;1
1473;0;112;-1.50338;1;1
1474;1;112;7.16566;1;1
1475;2;112;-0.806096;1;1
1476;3;112;7.99999;1;1
1477;4;112;-5.25132;1;1
1478;5;112;-8.22781;1;1
1479;6;112;3.20496;1;1
1480;112;7;1.32575;1;1
1481;112;8;4.45427;1;1
1482;112;9;-0.665011;1;1
1483;112;10;4.51469;1;1
1484;112;11;-3.17646;1;1
1550;28;117;-1.01167;1;0
1551;112;117;-3.65961;1;0
1552;117;117;-5.02607;1;0
1553;0;117;1.62023;1;0
1554;1;117;-8.22234;1;0
1555;2;117;6.57187;1;0
1556;3;117;-3.24562;1;0
1557;4;117;-0.221891;1;0
1558;5;117;-3.42291;1;0
1559;6;117;-2.77085;1;0
1560;117;7;2.71432;1;0
1561;117;8;0.564501;1;0
1562;117;9;-6.51152;1;0
1563;117;10;-8.41936;1;0
1564;117;11;1.87509;1;0
42.8405;0
61
0;0;7;7.51485;1;1
1;0;8;-4.68235;1;1
2;0;9;-0.914712;1;1
3;0;10;-2.72257;1;1
4;0;11;5.78809;1;1
5;1;7;-6.42386;1;1
6;1;8;3.24443;1;1
7;1;9;5.55279;1;1
8;1;10;1.01322;1;1
9;1;11;2.06361;1;1
10;2;7;2.38865;1;1
11;2;8;11.921;1;1
12;2;9;8.44516;1;1
13;2;10;4.26572;1;1
14;2;11;-2.44117;1;1
15;3;7;7.83949;1;1
16;3;8;1.60129;1;1
17;3;9;-6.68702;1;1
18;3;10;7.44959;1;1
19;3;11;-6.89572;1;1
20;4;7;9.0191;1;1
21;4;8;-0.364177;1;1
22;4;9;-0.883096;1;1
23;4;10;1.2692;1;1
24;4;11;-0.378127;1;1
25;5;7;-1.50415;1;1
26;5;8;-7.29688;1;1
27;5;9;3.73464;1;1
28;5;10;1.71481;1;1
29;5;11;1.31839;1;1
30;6;7;0.0792893;1;1
31;6;8;-6.43755;1;1
32;6;9;-4.32361;1;1
33;6;10;-6.03146;1;1
34;6;11;7.82784;1;1
235;0;28;-12.2493;1;1
236;1;28;-3.77383;1;1
237;2;28;-4.5888;1;1
238;3;28;-10.6105;1;1
239;4;28;0.313862;1;1
240;5;28;-4.43538;1;1
241;6;28;-2.05911;1;1
242;28;7;0.635354;1;1
243;28;8;-3.99013;1;1
244;28;9;-2.19877;1;1
245;28;10;3.96573;1;1
246;28;11;8.12203;1;1
1565;28;118;-1.05188;1;0
1566;118;118;-6.71375;1;0
1567;0;118;-6.13877;1;0
1568;1;118;8.88496;1;0
1569;2;118;2.93227;1;0
1570;3;118;-1.40177;1;0
1571;4;118;1.54627;1;0
1572;5;118;12.4481;1;0
1573;6;118;1.07477;1;0
1574;118;7;2.48168;1;0
1575;118;8;2.39006;1;0
1576;118;9;-1.91345;1;0
1577;118;10;4.94522;1;0
1578;118;11;2.8462;1;0
117.053;0
61
0;0;7;7.51485;1;1
1;0;8;-4.68235;1;1
2;0;9;-0.914712;1;1
3;0;10;-2.72257;1;1
4;0;11;5.78809;1;1
5;1;7;-6.42386;1;1
6;1;8;3.24443;1;1
7;1;9;5.55279;1;1
8;1;10;1.01322;1;1
9;1;11;2.06361;1;1
10;2;7;2.38865;1;1
11;2;8;11.921;1;1
12;2;9;8.44516;1;1
13;2;10;4.26572;1;1
14;2;11;-2.44117;1;1
15;3;7;7.83949;1;1
16;3;8;1.60129;1;1
17;3;9;-6.68702;1;1
18;3;10;7.44959;1;1
19;3;11;-6.89572;1;1
20;4;7;9.0191;1;1
21;4;8;-0.364177;1;1
22;4;9;-0.883096;1;1
23;4;10;1.2692;1;1
24;4;11;-0.378127;1;1
25;5;7;-1.50415;1;1
26;5;8;-7.29688;1;1
27;5;9;3.73464;1;1
28;5;10;1.71481;1;1
29;5;11;1.31839;1;1
30;6;7;0.0792893;1;1
31;6;8;-6.43755;1;1
32;6;9;-4.32361;1;1
33;6;10;-6.03146;1;1
34;6;11;7.82784;1;1
235;0;28;-12.2493;1;1
236;1;28;1.58701;1;0
237;2;28;-4.5888;1;1
238;3;28;-10.6105;0;1
239;4;28;-1.32244;1;0
240;5;28;-4.43538;1;1
241;6;28;-2.05911;1;1
242;28;7;0.635354;1;1
243;28;8;-5.20653;1;0
244;28;9;0.779724;1;0
245;28;10;3.96573;1;0
246;28;11;8.12203;1;1
1565;28;118;0.983804;1;0
1566;118;118;-6.95346;1;0
1567;0;118;-3.26744;1;0
1568;1;118;8.88496;1;0
1569;2;118;-0.0213878;1;0
1570;3;118;-1.40177;1;0
1571;4;118;1.54627;1;0
1572;5;118;9.89909;1;0
1573;6;118;1.07477;1;0
1574;118;7;0.717941;1;0
1575;118;8;2.39006;1;0
1576;118;9;-4.61648;1;0
1577;118;10;7.19913;1;0
1578;118;11;2.8462;1;0
72.5726;0
76
0;0;7;7.51485;1;1
1;0;8;-4.68235;1;1
2;0;9;-0.914712;1;1
3;0;10;-2.72257;1;1
4;0;11;5.78809;1;1
5;1;7;-6.42386;1;1
6;1;8;3.24443;1;1
7;1;9;5.55279;1;1
8;1;10;1.01322;1;1
9;1;11;2.06361;1;1
10;2;7;2.38865;1;1
11;2;8;11.921;1;1
12;2;9;8.44516;1;1
13;2;10;4.26572;1;1
14;2;11;-2.44117;1;1
15;3;7;7.83949;1;1
16;3;8;1.60129;1;1
17;3;9;-6.68702;1;1
18;3;10;7.44959;1;1
19;3;11;-6.89572;1;1
20;4;7;9.0191;1;1
21;4;8;-0.364177;1;1
22;4;9;-0.883096;1;1
23;4;10;1.2692;1;1
24;4;11;-0.378127;1;1
25;5;7;-1.50415;1;1
26;5;8;-7.29688;1;1
27;5;9;3.73464;1;1
28;5;10;1.71481;1;1
29;5;11;1.31839;1;1
30;6;7;0.0792893;1;1
31;6;8;-6.43755;1;1
32;6;9;-4.32361;1;1
33;6;10;-6.03146;1;1
34;6;11;7.82784;1;1
235;0;28;-7.65645;1;1
236;1;28;0.341786;1;1
237;2;28;-6.4166;1;1
238;3;28;-11.0615;0;1
239;4;28;-0.52266;1;1
240;5;28;-4.27263;1;1
241;6;28;-4.19836;1;1
242;28;7;-2.46781;1;1
243;28;8;-5.20653;1;1
244;28;9;0.396303;1;1
245;28;10;6.18517;1;1
246;28;11;7.51967;1;1
1471;28;112;-2.73581;1;1
1472;112;112;-3.98697;1;1
1473;0;112;-1.50338;1;1
1474;1;112;7.16566;1;1
1475;2;112;-0.806096;1;1
1476;3;112;7.99999;1;1
1477;4;112;-5.25132;1;1
1478;5;112;-8.22781;1;1
1479;6;112;3.20496;1;1
1480;112;7;1.32575;1;1
1481;112;8;4.45427;1;1
1482;112;9;-0.665011;1;1
1483;112;10;4.51469;1;1
1484;112;11;-3.17646;1;1
1550;28;117;-1.82274;1;0
1551;112;117;-2.85218;1;0
1552;117;117;-4.2672;1;0
1553;0;117;1.29189;1;0
1554;1;117;-6.33459;1;0
1555;2;117;4.10546;1;0
1556;3;117;-0.640537;1;0
1557;4;117;-2.44619;1;0
1558;5;117;-4.16762;1;0
1559;6;117;-6.8888;1;0
1560;117;7;-0.73118;1;0
1561;117;8;2.4216;1;0
1562;117;9;-6.40211;1;0
1563;117;10;-6.49319;1;0
1564;117;11;3.46223;1;0
94.2037;0
61
0;0;7;7.51485;1;1
1;0;8;-4.68235;1;1
2;0;9;-0.914712;1;1
3;0;10;-2.72257;1;1
4;0;11;5.78809;1;1
5;1;7;-6.42386;1;1
6;1;8;3.24443;1;1
7;1;9;5.55279;1;1
8;1;10;1.01322;1;1
9;1;11;2.06361;1;1
10;2;7;2.38865;1;1
11;2;8;11.921;1;1
12;2;9;8.44516;1;1
13;2;10;4.26572;1;1
14;2;11;-2.44117;1;1
15;3;7;7.83949;1;1
16;3;8;1.60129;1;1
17;3;9;-6.68702;1;1
18;3;10;7.44959;1;1
19;3;11;-6.89572;1;1
20;4;7;9.0191;1;1
21;4;8;-0.364177;1;1
22;4;9;-0.883096;1;1
23;4;10;1.2692;1;1
24;4;11;-0.378127;1;1
25;5;7;-1.50415;1;1
26;5;8;-7.29688;1;1
27;5;9;3.73464;1;1
28;5;10;1.71481;1;1
29;5;11;1.31839;1;1
30;6;7;0.0792893;1;1
31;6;8;-6.43755;1;1
32;6;9;-4.32361;1;1
33;6;10;-6.03146;1;1
34;6;11;7.82784;1;1
235;0;28;-12.2493;1;1
236;1;28;-3.77383;1;1
237;2;28;-4.5888;1;1
238;3;28;-10.6105;1;1
239;4;28;0.313862;1;1
240;5;28;-4.43538;1;1
241;6;28;-2.05911;1;1
242;28;7;0.635354;1;1
243;28;8;-3.99013;1;1
244;28;9;-2.19877;1;1
245;28;10;3.96573;1;1
246;28;11;8.12203;1;1
1565;28;118;-1.05188;1;0
1566;118;118;-4.78827;1;0
1567;0;118;-6.13877;1;0
1568;1;118;8.88496;1;0
1569;2;118;-0.0213878;1;0
1570;3;118;-1.40177;1;0
1571;4;118;1.54627;1;0
1572;5;118;12.4481;1;0
1573;6;118;1.07477;1;0
1574;118;7;0.717941;1;0
1575;118;8;2.39006;1;0
1576;118;9;-3.58446;1;0
1577;118;10;4.94522;1;0
1578;118;11;2.8462;1;0
